-- START OF 1. DataNhanVien.sql --
INSERT INTO dbo.NhanVien (maNV, hoTen, ngaySinh, gioiTinh, CCCD, soDienThoai, email, diaChi, chucVu, trinhDo, luong, trangThai)
VALUES
-- === Quản lý ===
('NV001', N'Nguyễn Văn An', '1985-03-15', N'Nam', '012345678901', '0909111222', 'an.nguyen@nhathuocmtp.vn', N'12 Lê Lợi, Q1, TP.HCM', N'Quản lý', N'Dược sĩ đại học', 16000000, 1),
('NV002', N'Lê Thị Mai', '1987-07-22', N'Nữ', '012345678902', '0909222333', 'mai.le@nhathuocmtp.vn', N'45 Trần Hưng Đạo, Q5, TP.HCM', N'Quản lý', N'Dược sĩ đại học', 15500000, 1),
('NV003', N'Phạm Văn Cường', '1982-11-10', N'Nam', '012345678903', '0909333444', 'cuong.pham@nhathuocmtp.vn', N'87 Phan Xích Long, Q.Phú Nhuận, TP.HCM', N'Quản lý', N'Dược sĩ đại học', 17000000, 1),
('NV004', N'Trần Thị Hoa', '1989-01-18', N'Nữ', '012345678904', '0909444555', 'hoa.tran@nhathuocmtp.vn', N'22 Nguyễn Thái Bình, Q.1, TP.HCM', N'Quản lý', N'Dược sĩ đại học', 15200000, 1),
('NV005', N'Võ Minh Tâm', '1986-06-30', N'Nam', '012345678905', '0909555666', 'tam.vo@nhathuocmtp.vn', N'5 Nguyễn Tri Phương, Q.10, TP.HCM', N'Quản lý', N'Dược sĩ đại học', 15800000, 1),
-- === Nhân viên ===
('NV006', N'Nguyễn Thị Lan', '1992-02-14', N'Nữ', '012345678906', '0911000001', 'lan.nguyen@nhathuocmtp.vn', N'101 Điện Biên Phủ, Q.Bình Thạnh', N'Nhân viên', N'Dược sĩ trung cấp', 9200000, 1),
('NV007', N'Huỳnh Văn Minh', '1993-04-25', N'Nam', '012345678907', '0911000002', 'minh.huynh@nhathuocmtp.vn', N'202 Cách Mạng Tháng 8, Q.3', N'Nhân viên', N'Dược sĩ trung cấp', 9100000, 1),
('NV008', N'Đặng Thị Hồng', '1994-12-03', N'Nữ', '012345678908', '0911000003', 'hong.dang@nhathuocmtp.vn', N'33 Nguyễn Đình Chiểu, Q.1', N'Nhân viên', N'Dược sĩ trung cấp', 9000000, 1),
('NV009', N'Trương Văn Lộc', '1995-08-19', N'Nam', '012345678909', '0911000004', 'loc.truong@nhathuocmtp.vn', N'19 Trường Sa, Q.Bình Thạnh', N'Nhân viên', N'Dược sĩ trung cấp', 9300000, 1),
('NV010', N'Ngô Thị Bích', '1991-10-07', N'Nữ', '012345678910', '0911000005', 'bich.ngo@nhathuocmtp.vn', N'8 Phan Đăng Lưu, Q.Phú Nhuận', N'Nhân viên', N'Dược sĩ trung cấp', 9200000, 1),
('NV011', N'Phan Văn Dũng', '1990-09-17', N'Nam', '012345678911', '0911000006', 'dung.phan@nhathuocmtp.vn', N'72 Cộng Hòa, Q.Tân Bình', N'Nhân viên', N'Dược sĩ trung cấp', 9150000, 1),
('NV012', N'Thái Thị Xuân', '1992-03-28', N'Nữ', '012345678912', '0911000007', 'xuan.thai@nhathuocmtp.vn', N'66 Lý Thái Tổ, Q.10', N'Nhân viên', N'Dược sĩ trung cấp', 9100000, 1),
('NV013', N'Tô Quang Huy', '1996-05-05', N'Nam', '012345678913', '0911000008', 'huy.to@nhathuocmtp.vn', N'98 Nguyễn Văn Cừ, Q.5', N'Nhân viên', N'Dược sĩ trung cấp', 9000000, 1),
('NV014', N'Lê Thị Thu', '1993-11-12', N'Nữ', '012345678914', '0911000009', 'thu.le@nhathuocmtp.vn', N'144 Tôn Đức Thắng, Q.1', N'Nhân viên', N'Dược sĩ trung cấp', 9050000, 1),
('NV015', N'Vũ Quốc Khánh', '1994-07-21', N'Nam', '012345678915', '0911000010', 'khanh.vu@nhathuocmtp.vn', N'13 Nguyễn Văn Trỗi, Q.Phú Nhuận', N'Nhân viên', N'Dược sĩ trung cấp', 9200000, 1),
('NV016', N'Cao Thị Minh', '1991-06-02', N'Nữ', '012345678916', '0911000011', 'minh.cao@nhathuocmtp.vn', N'88 Hoàng Văn Thụ, Q.Phú Nhuận', N'Nhân viên', N'Dược sĩ trung cấp', 9100000, 1),
('NV017', N'Hồ Anh Tuấn', '1993-09-09', N'Nam', '012345678917', '0911000012', 'tuan.ho@nhathuocmtp.vn', N'43 Nguyễn Trãi, Q1', N'Nhân viên', N'Dược sĩ trung cấp', 9050000, 1),
('NV018', N'Trần Thị Hạnh', '1995-12-22', N'Nữ', '012345678918', '0911000013', 'hanh.tran@nhathuocmtp.vn', N'11 Hai Bà Trưng, Q.1', N'Nhân viên', N'Dược sĩ trung cấp', 9000000, 1),
('NV019', N'Nguyễn Quốc Bảo', '1996-01-30', N'Nam', '012345678919', '0911000014', 'bao.nguyen@nhathuocmtp.vn', N'70 Pasteur, Q.3', N'Nhân viên', N'Dược sĩ trung cấp', 9150000, 1),
('NV020', N'Bùi Thị Diễm', '1992-08-08', N'Nữ', '012345678920', '0911000015', 'diem.bui@nhathuocmtp.vn', N'99 Nguyễn Thông, Q.3', N'Nhân viên', N'Dược sĩ trung cấp', 9050000, 1);
-- END OF 1.DataNhanVien.sql --

-- START OF 2. DataTaiKhoan.sql --
INSERT INTO dbo.TaiKhoan (maNV, matKhau)
VALUES
('NV001', 'admin123'),
('NV002', 'admin123'),
('NV003', 'admin123'),
('NV004', 'admin123'),
('NV005', 'admin123'),
('NV006', 'nhanvien123'),
('NV007', 'nhanvien123'),
('NV008', 'nhanvien123'),
('NV009', 'nhanvien123'),
('NV010', 'nhanvien123'),
('NV011', 'nhanvien123'),
('NV012', 'nhanvien123'),
('NV013', 'nhanvien123'),
('NV014', 'nhanvien123'),
('NV015', 'nhanvien123'),
('NV016', 'nhanvien123'),
('NV017', 'nhanvien123'),
('NV018', 'nhanvien123'),
('NV019', 'nhanvien123'),
('NV020', 'nhanvien123');
-- END OF 2.DataTaiKhoan.sql --

-- START OF 3. DataKhachHang.sql --
INSERT INTO dbo.KhachHang (maKH, hoTen, ngaySinh, diaChi, soDienThoai, email)
VALUES
('KH001', N'Lê Văn Cần', '1985-03-12', N'120 Trường Chinh, Q12, TP.HCM', '0987654321', 'c.le@example.com'),
('KH002', N'Phạm Thị Dương', '1995-11-25', N'60 Tô Hiến Thành, Q10, TP.HCM', '0978989898', 'd.pham@example.com'),
('KH003', N'Nguyễn Thị Thu', '1990-06-05', N'25 Lê Văn Sỹ, Q3, TP.HCM', '0911222333', 'thu.nguyen@gmail.com'),
('KH004', N'Trần Quốc Huy', '1988-09-10', N'50 Nguyễn Trãi, Q5, TP.HCM', '0933444555', 'huy.tran@outlook.com'),
('KH005', N'Huỳnh Thị Mai', '1992-01-22', N'70 Cộng Hòa, Q.Tân Bình, TP.HCM', '0945666777', 'mai.huynh@yahoo.com'),
('KH006', N'Võ Văn Nam', '1983-12-30', N'100 Phan Văn Trị, Q.Bình Thạnh, TP.HCM', '0909988776', 'nam.vo@gmail.com'),
('KH007', N'Lê Thị Hạnh', '1991-04-15', N'88 Lý Thường Kiệt, Q10, TP.HCM', '0938877665', 'hanh.le@hotmail.com'),
('KH008', N'Đỗ Minh Tuấn', '1996-07-08', N'33 Tô Hiến Thành, Q10, TP.HCM', '0966778899', 'tuan.do@gmail.com'),
('KH009', N'Bùi Thị Lan', '1989-08-19', N'12 Nguyễn Tri Phương, Q5, TP.HCM', '0977996655', 'lan.bui@gmail.com'),
('KH010', N'Ngô Văn Duy', '1987-10-01', N'144 Nguyễn Oanh, Q.Gò Vấp, TP.HCM', '0988112233', 'duy.ngo@vnmail.com'),

('KH011', N'Phan Thị Ngọc', '1993-03-22', N'22 Hoàng Diệu, Q4, TP.HCM', '0909111223', 'ngoc.phan@gmail.com'),
('KH012', N'Tô Minh Nhật', '1984-05-14', N'55 Nguyễn Văn Cừ, Q1, TP.HCM', '0911223344', 'nhat.to@ymail.com'),
('KH013', N'Cao Thị Thanh', '1995-09-09', N'19 Trường Sa, Q.Bình Thạnh', '0922334455', 'thanh.cao@gmail.com'),
('KH014', N'Đặng Văn Kiên', '1986-06-28', N'101 Pasteur, Q.3, TP.HCM', '0933445566', 'kien.dang@hotmail.com'),
('KH015', N'Trương Mỹ Linh', '1991-01-19', N'77 Hai Bà Trưng, Q1, TP.HCM', '0944556677', 'linh.truong@gmail.com'),
('KH016', N'Nguyễn Văn Hùng', '1983-11-11', N'15 Nguyễn Đình Chiểu, Q1', '0955667788', 'hung.nguyen@gmail.com'),
('KH017', N'Lý Thị Nhàn', '1992-02-25', N'10 Lê Thánh Tôn, Q1', '0966778899', 'nhan.ly@gmail.com'),
('KH018', N'Hoàng Văn Phúc', '1988-08-08', N'199 Phạm Văn Đồng, Q.Thủ Đức', '0977889900', 'phuc.hoang@vnmail.com'),
('KH019', N'Trần Thị Tuyết', '1990-12-24', N'88 Nguyễn Kiệm, Q.Phú Nhuận', '0988990011', 'tuyet.tran@gmail.com'),
('KH020', N'Đỗ Thành Long', '1985-07-17', N'38 Bạch Đằng, Q.Bình Thạnh', '0999001122', 'long.do@vietmail.vn'),

('KH021', N'Nguyễn Thị Yến', '1994-04-11', N'25 Điện Biên Phủ, Q.Bình Thạnh', '0911002200', 'yen.nguyen@gmail.com'),
('KH022', N'Phạm Văn Sơn', '1987-03-30', N'67 Trường Chinh, Q12', '0922003311', 'son.pham@gmail.com'),
('KH023', N'Lê Quang Vinh', '1986-10-10', N'112 Nguyễn Hữu Cảnh, Q.Bình Thạnh', '0933004422', 'vinh.le@gmail.com'),
('KH024', N'Trần Minh Trang', '1993-12-12', N'50 Cách Mạng Tháng 8, Q.3', '0944005533', 'trang.tran@gmail.com'),
('KH025', N'Hoàng Quốc Bảo', '1992-06-01', N'17 Lê Văn Sỹ, Q3', '0955006644', 'bao.hoang@gmail.com'),
('KH026', N'Vũ Thị Kim', '1995-02-18', N'32 Tân Sơn Nhì, Q.Tân Phú', '0966007755', 'kim.vu@gmail.com'),
('KH027', N'Nguyễn Thành Nam', '1984-09-29', N'70 Nguyễn Sơn, Q.Tân Phú', '0977008866', 'nam.nguyen@gmail.com'),
('KH028', N'Lê Hoàng Mai', '1989-03-17', N'105 Nguyễn Thái Học, Q1', '0988009977', 'mai.le@gmail.com'),
('KH029', N'Trương Đức Huy', '1982-07-20', N'144 Võ Văn Tần, Q.3', '0999011088', 'huy.truong@gmail.com'),
('KH030', N'Đinh Thị Hòa', '1990-05-03', N'88 Hoàng Sa, Q1', '0911022033', 'hoa.dinh@gmail.com'),

('KH031', N'Thái Quang Nhật', '1986-08-18', N'59 Nguyễn Cư Trinh, Q1', '0922033044', 'nhat.thai@gmail.com'),
('KH032', N'Nguyễn Thị Diệu', '1992-10-22', N'33 Hùng Vương, Q.5', '0933044055', 'dieu.nguyen@gmail.com'),
('KH033', N'Tô Bảo Ngọc', '1989-11-07', N'14 Nguyễn Thiện Thuật, Q3', '0944055066', 'ngoc.to@gmail.com'),
('KH034', N'Phan Hữu Lộc', '1983-01-16', N'65 Trần Hưng Đạo, Q1', '0955066077', 'loc.phan@gmail.com'),
('KH035', N'Võ Hồng Nhung', '1996-12-05', N'99 Cách Mạng Tháng 8, Q1', '0966077088', 'nhung.vo@gmail.com'),
('KH036', N'Ngô Thành Tâm', '1984-04-04', N'18 Nguyễn Biểu, Q5', '0977088099', 'tam.ngo@gmail.com'),
('KH037', N'Cao Văn Khánh', '1987-09-01', N'10 Tôn Đức Thắng, Q1', '0988099010', 'khanh.cao@gmail.com'),
('KH038', N'Bùi Thị Thanh', '1991-03-26', N'6 Nguyễn Văn Đậu, Q.Bình Thạnh', '0999100121', 'thanh.bui@gmail.com'),
('KH039', N'Hà Văn Tiến', '1990-01-01', N'44 Phạm Ngọc Thạch, Q3', '0910111222', 'tien.ha@gmail.com'),
('KH040', N'Lý Thị Bích', '1995-05-20', N'122 Lý Chính Thắng, Q3', '0921222333', 'bich.ly@gmail.com'),

('KH041', N'Vũ Quang Tuấn', '1993-08-09', N'60 Hoàng Văn Thụ, Q.Phú Nhuận', '0932333444', 'tuan.vu@gmail.com'),
('KH042', N'Lê Trà My', '1994-06-13', N'10 Nguyễn Hữu Thọ, Q7', '0943444555', 'my.le@gmail.com'),
('KH043', N'Phạm Anh Dũng', '1986-02-28', N'74 Nguyễn Văn Linh, Q7', '0954555666', 'dung.pham@gmail.com'),
('KH044', N'Nguyễn Hồng Như', '1989-10-14', N'100 Trần Quốc Toản, Q3', '0965666777', 'nhu.nguyen@gmail.com'),
('KH045', N'Trịnh Quốc Cường', '1992-09-19', N'53 Hòa Hưng, Q10', '0976777888', 'cuong.trinh@gmail.com'),
('KH046', N'Lâm Minh Khoa', '1991-07-07', N'22 Đặng Văn Bi, Q.Thủ Đức', '0987888999', 'khoa.lam@gmail.com'),
('KH047', N'Đoàn Thị Hà', '1990-04-16', N'199 Dương Bá Trạc, Q8', '0998999000', 'ha.doan@gmail.com'),
('KH048', N'Tống Văn Thịnh', '1985-06-30', N'50 Nguyễn Văn Thủ, Q1', '0919000111', 'thinh.tong@gmail.com'),
('KH049', N'Đinh Thị Thảo', '1994-03-04', N'11 Hoàng Hoa Thám, Q.Bình Thạnh', '0920111222', 'thao.dinh@gmail.com'),
('KH050', N'Châu Thành Nhân', '1988-12-12', N'78 Trần Quốc Hoàn, Q.Tân Bình', '0931222333', 'nhan.chau@gmail.com'),
-- Khách hàng vãng lai
('KHVL', N'Khách vãng lai', NULL, NULL, NULL, NULL);
-- END OF 3.DataKhachHang.sql --

-- START OF 4. DataNhaCungCap.sql --
INSERT INTO dbo.NhaCungCap (maNCC, tenNCC, diaChi, soDienThoai, email, trangThai)
VALUES
('NCC001', N'Công ty Dược ABC', N'456 Lý Thường Kiệt, Q10, TP.HCM', '0281234567', 'contact@duocabc.com', 1),
('NCC002', N'Công ty Dược XYZ', N'789 Phan Đăng Lưu, Q.Bình Thạnh, TP.HCM', '0287654321', 'info@duocxyz.vn', 1),
('NCC003', N'Công ty TNHH Dược An Khang', N'12 Nguyễn Văn Cừ, Q5, TP.HCM', '02839393939', 'ankhang@duoc.vn', 1),
('NCC004', N'Công ty Dược phẩm Hòa Bình', N'98 Lê Đại Hành, Q11, TP.HCM', '02838481234', 'contact@hoabinhpharma.vn', 1),
('NCC005', N'Công ty TNHH Dược Minh Châu', N'45 Nguyễn Trãi, Q1, TP.HCM', '02839481234', 'minhchau@duocpham.vn', 1),
('NCC006', N'Công ty Cổ phần Dược Lâm Đồng', N'22 Bà Huyện Thanh Quan, Q3, TP.HCM', '02837378888', 'duoclamdong@gmail.com', 1),
('NCC007', N'Công ty Dược phẩm Sao Mai', N'30 Nguyễn Văn Linh, Q7, TP.HCM', '02836008888', 'sales@saomaipharm.vn', 1),
('NCC008', N'Công ty TNHH Thiết bị Y tế Thành Công', N'199 Cách Mạng Tháng 8, Q10', '02837272727', 'info@thanhcongmed.vn', 1),
('NCC009', N'Dược phẩm Nam Việt', N'88 Trần Hưng Đạo, Q5, TP.HCM', '02839336677', 'contact@namvietpharma.vn', 1),
('NCC010', N'Công ty Dược Hồng Phát', N'102 Lê Lai, Q1, TP.HCM', '02839998877', 'duochongphat@gmail.com', 1),
('NCC011', N'Công ty Dược phẩm Tâm An', N'120 Nguyễn Hữu Cảnh, Q.Bình Thạnh', '02839223344', 'taman@duocpham.vn', 1),
('NCC012', N'Công ty Cổ phần Y tế Trường Thọ', N'35 Võ Văn Tần, Q3, TP.HCM', '02836363636', 'truongtho@ytetrangbi.vn', 1),
('NCC013', N'Công ty Dược phẩm Sài Gòn', N'78 Tô Hiến Thành, Q10', '02839990000', 'duocsaigon@vnmail.vn', 1),
('NCC014', N'Dược phẩm Ánh Dương', N'56 Nguyễn Thái Học, Q1, TP.HCM', '02839333222', 'anPBTuong@duoc.vn', 1),
('NCC015', N'Công ty TNHH Dược Tín Phát', N'41 Phan Xích Long, Q.Phú Nhuận', '02837678899', 'tinphat@duocmail.vn', 1),
('NCC016', N'Công ty TNHH Dược Hoàng Gia', N'90 Nguyễn Văn Thủ, Q1, TP.HCM', '02837779900', 'hoanggia@duocpham.vn', 1),
('NCC017', N'Dược phẩm Ngọc Lan', N'123 Trần Não, Q2, TP.HCM', '02837272788', 'ngoclan@duoc.vn', 1),
('NCC018', N'Công ty TNHH Y tế Hưng Thịnh', N'202 Pasteur, Q3, TP.HCM', '02839223311', 'hungthinh@ytetrangbi.vn', 1),
('NCC019', N'Dược Thiên Long', N'85 Đường 3/2, Q10, TP.HCM', '02838778855', 'thienlong@duocpham.vn', 1),
('NCC020', N'Công ty Dược Tâm Đức', N'99 Nguyễn Thái Bình, Q1', '02839991122', 'tamduc@duoc.vn', 1),
('NCC021', N'Công ty Dược Hồng Phúc', N'88 Bạch Đằng, Q.Tân Bình', '02838449900', 'hongphuc@duocmail.vn', 1),
('NCC022', N'Công ty TNHH Thiết bị y tế Sao Việt', N'18 Hoàng Sa, Q1, TP.HCM', '02839993344', 'saoviet@yte.vn', 1),
('NCC023', N'Dược phẩm Thanh Tâm', N'33 Nguyễn Hữu Thọ, Q7, TP.HCM', '02839339999', 'thanh.tam@duocpham.vn', 1),
('NCC024', N'Công ty CP Dược Thiên Tân', N'68 Nguyễn Biểu, Q5, TP.HCM', '02838221166', 'thientan@duoc.vn', 1),
('NCC025', N'Công ty Dược Nam Long', N'54 Nguyễn Sơn, Q.Tân Phú', '02839775544', 'namlong@duocpham.vn', 1),
('NCC026', N'Công ty TNHH Dược Đại Phát', N'19 Hòa Hưng, Q10, TP.HCM', '02839118888', 'daiphat@duoc.vn', 1),
('NCC027', N'Dược phẩm Việt Mỹ', N'70 Trường Chinh, Q.Tân Bình', '02839990055', 'vietmy@duocpham.vn', 1),
('NCC028', N'Công ty TNHH Dược Thiên An', N'123 Hoàng Hoa Thám, Q.Bình Thạnh', '02839221122', 'thienan@duoc.vn', 1),
('NCC029', N'Dược phẩm An Việt', N'60 Nguyễn Đình Chiểu, Q3, TP.HCM', '02839994466', 'anviet@duocpham.vn', 1),
('NCC030', N'Công ty Cổ phần Dược Thịnh Vượng', N'45 Tôn Đức Thắng, Q1, TP.HCM', '02838441122', 'thinhvuong@duoc.vn', 1);
-- END OF 4.DataNhaCungCap.sql --

-- START OF 5. DataThuoc.sql --
INSERT INTO dbo.Thuoc (maThuoc, tenThuoc, donViTinh, donGiaNhap, donGiaBan, hanSuDung, hamLuong, soLuongTon, soLuongThucTe)
VALUES
('T001', N'Paracetamol', N'Viên', 8458, 8974, '2026-03-12', N'86mg', 255, 260),
('T002', N'Panadol', N'Viên', 9310, 10389, '2026-05-25', N'766mg', 1728, 1731),
('T003', N'Efferalgan', N'Viên', 8678, 10322, '2026-02-06', N'407mg', 1105, 1107),
('T004', N'Hapacol', N'Viên', 9839, 11586, '2026-01-02', N'573mg', 445, 439),
('T005', N'Decolgen', N'Viên', 9066, 9598, '2026-05-16', N'986mg', 1838, 1838),
('T006', N'Tiffy', N'Viên', 5254, 6656, '2026-09-06', N'641mg', 1464, 1457),
('T007', N'Aspirin', N'Viên', 3167, 4541, '2026-11-25', N'79mg', 464, 469),
('T008', N'Amoxicillin', N'Viên', 6715, 8927, '2026-01-13', N'913mg', 1719, 1718),
('T009', N'Clorocid', N'Viên', 6399, 9080, '2026-08-20', N'11mg', 1333, 1331),
('T010', N'Tylenol', N'Viên', 4853, 5478, '2026-05-27', N'682mg', 870, 865),
('T011', N'Coldacmin', N'Viên', 8061, 10549, '2026-06-26', N'544mg', 1203, 1195),
('T012', N'Rhumenol', N'Viên', 9578, 10454, '2026-09-15', N'51mg', 1322, 1313),
('T013', N'Decolsin', N'Viên', 5133, 6015, '2026-11-28', N'486mg', 1298, 1290),
('T014', N'Salonpas', N'Viên', 9963, 11637, '2026-08-28', N'595mg', 274, 284),
('T015', N'Methorphan', N'Viên', 7094, 8822, '2026-06-19', N'539mg', 1169, 1163),
('T016', N'Cebraton', N'Viên', 5019, 6535, '2026-09-26', N'583mg', 236, 246),
('T017', N'Becozym', N'Viên', 2937, 4609, '2026-08-12', N'936mg', 1064, 1066),
('T018', N'Zentel', N'Viên', 2193, 2842, '2026-01-08', N'110mg', 946, 945),
('T019', N'Wormin', N'Viên', 1008, 2575, '2026-10-02', N'150mg', 1795, 1791),
('T020', N'Biseptol', N'Viên', 5518, 7387, '2026-08-04', N'374mg', 972, 970),
('T021', N'Alpha Choay', N'Viên', 8797, 10919, '2026-03-20', N'994mg', 381, 388),
('T022', N'Hydrite', N'Viên', 4477, 6461, '2026-09-22', N'161mg', 1263, 1270),
('T023', N'Smecta', N'Viên', 1214, 2879, '2026-03-15', N'817mg', 887, 895),
('T024', N'Loperamide', N'Viên', 1973, 2552, '2026-04-17', N'90mg', 598, 602),
('T025', N'Berberin', N'Viên', 4547, 5566, '2026-02-28', N'966mg', 815, 807),
('T026', N'Omeprazole', N'Viên', 1725, 2423, '2026-11-07', N'680mg', 1646, 1644),
('T027', N'Oresol', N'Viên', 7966, 9642, '2026-10-09', N'1mg', 659, 669),
('T028', N'Pankreoflat', N'Viên', 2282, 5164, '2026-04-20', N'906mg', 367, 370),
('T029', N'Buscopan', N'Viên', 8245, 9779, '2026-01-16', N'870mg', 1750, 1742),
('T030', N'Spasmaverine', N'Viên', 4715, 5834, '2026-01-28', N'514mg', 927, 918),
('T031', N'Dorithricin', N'Viên', 7616, 10195, '2026-07-16', N'505mg', 1229, 1227),
('T032', N'Betadine', N'Viên', 6543, 8867, '2026-08-01', N'757mg', 772, 777),
('T033', N'Ringer Lactate', N'Viên', 1001, 3080, '2026-05-09', N'914mg', 171, 164),
('T034', N'Hapacol C', N'Viên', 3830, 5386, '2026-12-24', N'982mg', 1988, 1996),
('T035', N'Terpin', N'Viên', 3435, 5359, '2026-07-28', N'268mg', 744, 740),
('T036', N'Eugica', N'Viên', 2051, 3318, '2026-02-03', N'881mg', 1589, 1582),
('T037', N'Acemol', N'Viên', 9962, 11639, '2026-09-19', N'376mg', 712, 710),
('T038', N'Ibuprofen', N'Viên', 7228, 9242, '2026-06-07', N'746mg', 1828, 1834),
('T039', N'Naphazoline', N'Viên', 2055, 3486, '2026-01-13', N'356mg', 1621, 1619),
('T040', N'Otrivin', N'Viên', 4617, 7611, '2026-12-11', N'314mg', 390, 388),
('T041', N'Xisat', N'Viên', 1695, 4313, '2026-09-10', N'781mg', 1898, 1889),
('T042', N'NaCl 0.9%', N'Viên', 3007, 5289, '2026-11-18', N'177mg', 799, 801),
('T043', N'Floratil', N'Viên', 3729, 6281, '2026-12-28', N'282mg', 1689, 1683),
('T044', N'Duphaston', N'Viên', 9444, 10069, '2026-09-05', N'665mg', 689, 679),
('T045', N'Cotrim', N'Viên', 7126, 10005, '2026-04-05', N'980mg', 1598, 1592),
('T046', N'Medrol', N'Viên', 9974, 12045, '2026-02-09', N'19mg', 1284, 1274),
('T047', N'Bromhexin', N'Viên', 7846, 9394, '2026-07-18', N'610mg', 873, 879),
('T048', N'Tobradex', N'Viên', 6614, 7764, '2026-02-23', N'608mg', 1410, 1418),
('T049', N'Ofloxacin', N'Viên', 2527, 4374, '2026-10-19', N'498mg', 347, 343),
('T050', N'Tetracycline', N'Viên', 4257, 6553, '2026-02-20', N'715mg', 1416, 1408),
('T051', N'Neomycin', N'Viên', 7132, 8688, '2026-11-28', N'212mg', 874, 867),
('T052', N'Cephalexin', N'Viên', 7277, 8973, '2026-06-18', N'546mg', 224, 228),
('T053', N'Ciprofloxacin', N'Viên', 8127, 10891, '2026-01-16', N'412mg', 878, 878),
('T054', N'Azithromycin', N'Viên', 5206, 7841, '2026-03-13', N'930mg', 1585, 1578),
('T055', N'Clarithromycin', N'Viên', 7111, 8129, '2026-12-21', N'338mg', 1336, 1332),
('T056', N'Vitamin C', N'Viên', 7359, 7969, '2026-07-11', N'321mg', 614, 611),
('T057', N'Vitamin B1', N'Viên', 4545, 5389, '2026-02-03', N'895mg', 1326, 1319),
('T058', N'Vitamin B6', N'Viên', 4706, 7640, '2026-12-05', N'356mg', 1242, 1247),
('T059', N'Vitamin B12', N'Viên', 4448, 6804, '2026-08-14', N'579mg', 1168, 1167),
('T060', N'Ferrovit', N'Viên', 7707, 8873, '2026-03-17', N'749mg', 472, 471),
('T061', N'Hemopoly', N'Viên', 6092, 6798, '2026-08-15', N'77mg', 1297, 1303),
('T062', N'Actisô', N'Viên', 4403, 6099, '2026-12-11', N'514mg', 1805, 1811),
('T063', N'Hemobion', N'Viên', 2339, 3392, '2026-04-11', N'389mg', 190, 190),
('T064', N'Duphavit', N'Viên', 2118, 4330, '2026-07-11', N'257mg', 618, 616),
('T065', N'Elevit', N'Viên', 8196, 10937, '2026-10-19', N'769mg', 1994, 1994),
('T066', N'Calci D', N'Viên', 2057, 4746, '2026-10-08', N'622mg', 57, 67),
('T067', N'Osteocare', N'Viên', 6235, 7008, '2026-11-03', N'485mg', 1406, 1413),
('T068', N'Canxi Corbiere', N'Viên', 8926, 9805, '2026-05-26', N'575mg', 1782, 1792),
('T069', N'D3 B12', N'Viên', 9180, 11819, '2026-07-15', N'362mg', 1452, 1460),
('T070', N'Hydroxyzine', N'Viên', 7900, 10548, '2026-10-22', N'521mg', 574, 582),
('T071', N'Loratadin', N'Viên', 1969, 3276, '2026-03-21', N'845mg', 1097, 1091),
('T072', N'Cetirizin', N'Viên', 1813, 2778, '2026-12-24', N'140mg', 936, 929),
('T073', N'Alimemazin', N'Viên', 6471, 7224, '2026-09-08', N'582mg', 1011, 1004),
('T074', N'Prednisolon', N'Viên', 5326, 6013, '2026-09-14', N'59mg', 422, 416),
('T075', N'Hydrocortison', N'Viên', 4217, 7211, '2026-06-06', N'320mg', 226, 230),
('T076', N'Betamethason', N'Viên', 7756, 9858, '2026-11-05', N'718mg', 557, 566),
('T077', N'Bepanthen', N'Viên', 6025, 8299, '2026-01-14', N'47mg', 928, 918),
('T078', N'Fucidin', N'Viên', 9597, 10116, '2026-03-01', N'188mg', 1330, 1333),
('T079', N'Acyclovir', N'Viên', 1366, 3027, '2026-04-27', N'541mg', 1889, 1883),
('T080', N'Gentamicin', N'Viên', 8639, 9275, '2026-10-27', N'42mg', 511, 503),
('T081', N'Mebendazole', N'Viên', 2556, 3896, '2026-12-01', N'226mg', 1368, 1358),
('T082', N'Albendazole', N'Viên', 8764, 10197, '2026-08-17', N'411mg', 1825, 1815),
('T083', N'Pancreatin', N'Viên', 4098, 6744, '2026-11-15', N'808mg', 1878, 1880),
('T084', N'Maalox', N'Viên', 2644, 5108, '2026-05-09', N'416mg', 1244, 1247),
('T085', N'Phosphalugel', N'Viên', 2153, 3097, '2026-04-21', N'193mg', 980, 984),
('T086', N'Lansoprazole', N'Viên', 2143, 4624, '2026-12-14', N'806mg', 416, 415),
('T087', N'Esomeprazole', N'Viên', 5248, 5993, '2026-09-16', N'912mg', 1771, 1771),
('T088', N'Domperidon', N'Viên', 6820, 8130, '2026-02-11', N'666mg', 1146, 1152),
('T089', N'Metoclopramid', N'Viên', 8473, 10592, '2026-11-14', N'806mg', 717, 726),
('T090', N'Cinnarizin', N'Viên', 2805, 5059, '2026-07-19', N'893mg', 94, 98),
('T091', N'Stugeron', N'Viên', 1827, 2927, '2026-05-26', N'163mg', 507, 507),
('T092', N'Piracetam', N'Viên', 8213, 9932, '2026-12-19', N'422mg', 1102, 1104),
('T093', N'Ginkgo Biloba', N'Viên', 2912, 5124, '2026-03-13', N'270mg', 689, 688),
('T094', N'Cebraton Plus', N'Viên', 2515, 4025, '2026-11-04', N'108mg', 708, 700),
('T095', N'Ginsenoside', N'Viên', 7267, 9573, '2026-08-08', N'334mg', 1124, 1121),
('T096', N'Kirkland', N'Viên', 1688, 2436, '2026-02-18', N'478mg', 1410, 1410),
('T097', N'Nature Made', N'Viên', 4010, 6576, '2026-02-15', N'838mg', 1168, 1172),
('T098', N'Blackmores', N'Viên', 6910, 9217, '2026-01-07', N'742mg', 1273, 1274),
('T099', N'Omega-3', N'Viên', 6490, 8850, '2026-06-10', N'738mg', 262, 255),
('T100', N'Aqua Maris', N'Viên', 5147, 6161, '2027-10-10', N'599mg', 1800, 1805),
('T101', N'Naphasol', N'Viên', 9545, 11956, '2027-07-07', N'563mg', 1612, 1608),
('T102', N'Myonal', N'Viên', 6760, 8433, '2026-02-11', N'577mg', 1492, 1493),
('T103', N'Gaviscon', N'Viên', 4521, 5108, '2026-07-31', N'340mg', 377, 376),
('T104', N'Telfor', N'Viên', 1379, 1624, '2027-07-03', N'990mg', 587, 588),
('T105', N'Panamol', N'Viên', 4742, 5232, '2026-01-13', N'593mg', 1698, 1700),
('T106', N'Eugica Forte', N'Viên', 5963, 6678, '2026-11-27', N'92mg', 1766, 1761),
('T107', N'Naphacogyl', N'Viên', 3450, 4458, '2026-04-28', N'533mg', 688, 693),
('T108', N'Loxonin', N'Viên', 4111, 4811, '2026-05-09', N'507mg', 469, 473),
('T109', N'Aleve', N'Viên', 4153, 5251, '2028-01-01', N'757mg', 1452, 1457),
('T110', N'Cadigesic', N'Viên', 7258, 8204, '2026-03-08', N'428mg', 824, 825),
('T111', N'Betaserc', N'Viên', 8572, 9573, '2027-04-23', N'586mg', 1776, 1780),
('T112', N'Bisolvon', N'Viên', 9659, 11036, '2027-04-01', N'685mg', 374, 379),
('T113', N'Aerius', N'Viên', 6685, 7444, '2027-11-04', N'766mg', 534, 539),
('T114', N'Xyzal', N'Viên', 3289, 4136, '2027-11-22', N'882mg', 650, 654),
('T115', N'Zyrtec', N'Viên', 1883, 2188, '2027-01-22', N'419mg', 1533, 1531),
('T116', N'Cezil', N'Viên', 9396, 11373, '2027-01-28', N'534mg', 1647, 1645),
('T117', N'Clarityne', N'Viên', 3615, 4362, '2027-01-10', N'733mg', 532, 527),
('T118', N'Ventolin', N'Viên', 3993, 4691, '2026-07-16', N'174mg', 613, 611),
('T119', N'Salbutamol', N'Viên', 7543, 8724, '2026-08-29', N'937mg', 661, 665),
('T120', N'Amdipin', N'Viên', 6353, 7205, '2027-03-31', N'766mg', 418, 417),
('T121', N'Coversyl', N'Viên', 5281, 6191, '2027-11-22', N'642mg', 1062, 1059),
('T122', N'Losartan', N'Viên', 6045, 7210, '2027-02-13', N'661mg', 1693, 1691),
('T123', N'Hapacol Blue', N'Viên', 1431, 1710, '2026-04-06', N'822mg', 303, 302),
('T124', N'Hapacol Extra', N'Viên', 6836, 8035, '2027-11-18', N'457mg', 1150, 1148),
('T125', N'Glucophage', N'Viên', 3825, 4625, '2027-08-16', N'741mg', 566, 569),
('T126', N'Daonil', N'Viên', 5288, 6357, '2026-12-21', N'852mg', 1245, 1242),
('T127', N'Insulatard', N'Viên', 7202, 9129, '2026-10-09', N'685mg', 323, 327),
('T128', N'Mixtard', N'Viên', 8280, 10245, '2026-05-19', N'628mg', 478, 476),
('T129', N'Humalog', N'Viên', 9413, 11288, '2026-12-26', N'797mg', 1083, 1087),
('T130', N'Lantus', N'Viên', 4851, 5955, '2027-01-20', N'335mg', 855, 850),
('T131', N'Aspirin PH8', N'Viên', 2837, 3546, '2027-06-13', N'301mg', 1270, 1269),
('T132', N'Plavix', N'Viên', 2819, 3196, '2027-06-16', N'617mg', 532, 533),
('T133', N'Lipitor', N'Viên', 3462, 3872, '2027-12-05', N'175mg', 549, 550),
('T134', N'Crestor', N'Viên', 1040, 1264, '2026-10-09', N'103mg', 562, 559),
('T135', N'Atorvastatin', N'Viên', 7876, 9885, '2027-07-18', N'591mg', 1926, 1923),
('T136', N'Simvastatin', N'Viên', 8017, 10349, '2026-05-09', N'716mg', 1308, 1311),
('T137', N'Rosuvastatin', N'Viên', 4886, 5983, '2027-05-21', N'565mg', 293, 289),
('T138', N'Furosemid', N'Viên', 8781, 10747, '2027-10-10', N'571mg', 643, 643),
('T139', N'Hydrochlorothiazide', N'Viên', 4795, 6195, '2026-05-09', N'424mg', 575, 577),
('T140', N'Amlor', N'Viên', 1279, 1617, '2027-10-18', N'21mg', 197, 202),
('T141', N'Nitromint', N'Viên', 1597, 1943, '2026-11-26', N'724mg', 1761, 1760),
('T142', N'Digoxin', N'Viên', 9710, 11269, '2026-12-12', N'152mg', 766, 768),
('T143', N'Lanoxin', N'Viên', 8768, 10926, '2026-11-28', N'850mg', 1359, 1361),
('T144', N'Euvax', N'Viên', 2847, 3343, '2026-10-06', N'942mg', 1521, 1516),
('T145', N'Twinrix', N'Viên', 3840, 4291, '2027-10-06', N'162mg', 1120, 1116),
('T146', N'Infanrix', N'Viên', 2951, 3697, '2027-09-21', N'715mg', 342, 346),
('T147', N'Rotarix', N'Viên', 9161, 10615, '2026-01-24', N'870mg', 630, 625),
('T148', N'Synflorix', N'Viên', 4984, 5997, '2026-01-21', N'555mg', 703, 701),
('T149', N'Vaxigrip', N'Viên', 4757, 6135, '2026-10-27', N'850mg', 426, 425),
('T150', N'Menactra', N'Viên', 5155, 6476, '2027-01-27', N'956mg', 616, 621),
('T151', N'Pentaxim', N'Viên', 7237, 8108, '2026-10-01', N'126mg', 335, 337),
('T152', N'Meningo A+C', N'Viên', 6575, 7805, '2026-07-08', N'669mg', 918, 922),
('T153', N'BCG', N'Viên', 4463, 5003, '2027-12-28', N'845mg', 1364, 1362),
('T154', N'Sabin', N'Viên', 6864, 8694, '2027-11-19', N'871mg', 1599, 1597),
('T155', N'Varilrix', N'Viên', 1219, 1576, '2027-11-26', N'951mg', 326, 330),
('T156', N'Zentiva', N'Viên', 2580, 3261, '2027-01-28', N'949mg', 433, 429),
('T157', N'Mekophar', N'Viên', 3735, 4796, '2027-05-13', N'862mg', 965, 965),
('T158', N'Pymepharco', N'Viên', 7316, 9217, '2026-02-04', N'194mg', 1495, 1493),
('T159', N'DHG Pharma', N'Viên', 3615, 4297, '2027-10-19', N'440mg', 723, 728),
('T160', N'OPC', N'Viên', 4308, 5060, '2027-03-03', N'495mg', 1152, 1150),
('T161', N'Imexpharm', N'Viên', 8127, 9313, '2026-04-10', N'301mg', 1336, 1341),
('T162', N'Domesco', N'Viên', 4368, 4926, '2027-02-03', N'731mg', 1032, 1033),
('T163', N'Bidiphar', N'Viên', 9443, 10774, '2027-10-24', N'730mg', 634, 634),
('T164', N'Traphaco', N'Viên', 9602, 10850, '2027-09-27', N'864mg', 325, 322),
('T165', N'Stada', N'Viên', 9419, 11252, '2027-12-11', N'832mg', 179, 175),
('T166', N'Euvipharm', N'Viên', 1896, 2143, '2026-09-16', N'247mg', 416, 414),
('T167', N'Panpharma', N'Viên', 3599, 4090, '2027-03-27', N'171mg', 1223, 1227),
('T168', N'Sanofi', N'Viên', 9445, 11435, '2027-02-09', N'314mg', 702, 705),
('T169', N'GSK', N'Viên', 5975, 7335, '2026-12-18', N'954mg', 480, 481),
('T170', N'Roche', N'Viên', 5327, 6671, '2027-12-24', N'61mg', 161, 166),
('T171', N'Pfizer', N'Viên', 3361, 3859, '2026-12-11', N'929mg', 227, 224),
('T172', N'AstraZeneca', N'Viên', 7961, 10284, '2026-03-24', N'188mg', 390, 394),
('T173', N'Moderna', N'Viên', 4959, 6318, '2027-08-07', N'832mg', 1852, 1849),
('T174', N'Sandoz', N'Viên', 6033, 7754, '2026-07-20', N'437mg', 188, 193),
('T175', N'Novartis', N'Viên', 1767, 1986, '2026-03-03', N'130mg', 318, 315),
('T176', N'Bayer', N'Viên', 8964, 10782, '2027-08-07', N'150mg', 193, 189),
('T177', N'Abbott', N'Viên', 5258, 6202, '2026-05-11', N'516mg', 1545, 1544),
('T178', N'Johnson & Johnson', N'Viên', 4644, 5547, '2027-10-15', N'536mg', 859, 856),
('T179', N'Merck', N'Viên', 8658, 9765, '2027-04-14', N'865mg', 518, 513),
('T180', N'Takeda', N'Viên', 6019, 6770, '2026-08-04', N'137mg', 809, 812),
('T181', N'MSD', N'Viên', 6717, 8039, '2027-11-10', N'828mg', 780, 783),
('T182', N'Actrapid', N'Viên', 5776, 7087, '2027-05-19', N'765mg', 1671, 1666),
('T183', N'Augmentin', N'Viên', 7962, 9893, '2026-12-24', N'920mg', 132, 129),
('T184', N'Zinnat', N'Viên', 9663, 12442, '2026-09-30', N'806mg', 288, 289),
('T185', N'Rocephin', N'Viên', 9605, 12462, '2027-06-06', N'330mg', 1830, 1830),
('T186', N'Tavanic', N'Viên', 1637, 1839, '2026-07-14', N'84mg', 1614, 1613),
('T187', N'Flagyl', N'Viên', 7166, 8042, '2027-07-30', N'918mg', 637, 633),
('T188', N'Tinidazole', N'Viên', 2407, 2848, '2027-06-17', N'135mg', 1877, 1876),
('T189', N'Metronidazole', N'Viên', 2259, 2501, '2026-03-23', N'285mg', 696, 694),
('T190', N'Mekotricin', N'Viên', 6604, 8121, '2027-04-02', N'610mg', 1494, 1497),
('T191', N'Nizoral', N'Viên', 9780, 12589, '2027-05-03', N'719mg', 1258, 1256),
('T192', N'Daktarin', N'Viên', 1888, 2289, '2026-09-18', N'18mg', 419, 414),
('T193', N'Canesten', N'Viên', 7839, 9821, '2027-09-26', N'292mg', 1888, 1892),
('T194', N'Mupirocin', N'Viên', 7569, 8480, '2026-02-17', N'571mg', 824, 828),
('T195', N'Tobrex', N'Viên', 3225, 4156, '2027-05-02', N'719mg', 1751, 1747),
('T196', N'Ciloxan', N'Viên', 8259, 10376, '2027-04-30', N'661mg', 1371, 1373),
('T197', N'Vigadexa', N'Viên', 4107, 4609, '2027-10-20', N'812mg', 175, 172),
('T198', N'Polydexa', N'Viên', 3106, 3531, '2027-06-07', N'341mg', 833, 828),
('T199', N'Sterimar', N'Viên', 8994, 10515, '2026-03-22', N'374mg', 362, 366),
('T200', N'Prospan', N'Viên', 9122, 11316, '2027-05-20', N'834mg', 1445, 1450);
-- END OF 5. DataThuoc.sql --

-- START OF 6. DataBanThuoc.sql --
-- ======================= BanThuoc =======================
INSERT INTO dbo.PhieuBanThuoc (maPBT, ngayLap, maNV, maKH, trangThai, phuongThucThanhToan)
VALUES
('PBT001', '2025-03-01', 'NV001', 'KH001', N'Đã thanh toán', N'Tiền mặt'),
('PBT002', '2025-03-01', 'NV002', 'KH002', N'Đã thanh toán', N'Chuyển khoản'),
('PBT003', '2025-03-02', 'NV003', 'KH003', N'Đã thanh toán', N'Tiền mặt'),
('PBT004', '2025-03-02', 'NV004', 'KH004', N'Chờ xử lý', N'Chuyển khoản'),
('PBT005', '2025-03-03', 'NV005', 'KH005', N'Đã thanh toán', N'Tiền mặt'),
('PBT006', '2025-03-03', 'NV006', 'KH006', N'Đã thanh toán', N'Chuyển khoản'),
('PBT007', '2025-03-04', 'NV007', 'KH007', N'Đã thanh toán', N'Tiền mặt'),
('PBT008', '2025-03-04', 'NV008', 'KH008', N'Đã hủy', N'Chuyển khoản'),
('PBT009', '2025-03-05', 'NV009', 'KH009', N'Đã thanh toán', N'Tiền mặt'),
('PBT010', '2025-03-05', 'NV010', 'KH010', N'Đã thanh toán', N'Chuyển khoản'),
('PBT011', '2025-03-06', 'NV011', 'KH011', N'Đã thanh toán', N'Tiền mặt'),
('PBT012', '2025-03-06', 'NV012', 'KH012', N'Chờ xử lý', N'Chuyển khoản'),
('PBT013', '2025-03-07', 'NV013', 'KH013', N'Đã thanh toán', N'Tiền mặt'),
('PBT014', '2025-03-07', 'NV014', 'KH014', N'Đã thanh toán', N'Chuyển khoản'),
('PBT015', '2025-03-08', 'NV015', 'KH015', N'Đã thanh toán', N'Tiền mặt'),
('PBT016', '2025-03-08', 'NV016', 'KH016', N'Đã thanh toán', N'Chuyển khoản'),
('PBT017', '2025-03-09', 'NV017', 'KH017', N'Đã thanh toán', N'Tiền mặt'),
('PBT018', '2025-03-09', 'NV018', 'KH018', N'Chờ xử lý', N'Chuyển khoản'),
('PBT019', '2025-03-10', 'NV019', 'KH019', N'Đã thanh toán', N'Tiền mặt'),
('PBT020', '2025-03-10', 'NV020', 'KH020', N'Đã thanh toán', N'Chuyển khoản'),
('PBT021', '2025-03-11', 'NV001', 'KH021', N'Đã thanh toán', N'Tiền mặt'),
('PBT022', '2025-03-11', 'NV002', 'KH022', N'Đã hủy', N'Chuyển khoản'),
('PBT023', '2025-03-12', 'NV003', 'KH023', N'Đã thanh toán', N'Tiền mặt'),
('PBT024', '2025-03-12', 'NV004', 'KH024', N'Đã thanh toán', N'Chuyển khoản'),
('PBT025', '2025-03-13', 'NV005', 'KH025', N'Đã thanh toán', N'Tiền mặt'),
('PBT026', '2025-03-13', 'NV006', 'KH026', N'Chờ xử lý', N'Chuyển khoản'),
('PBT027', '2025-03-14', 'NV007', 'KH027', N'Đã thanh toán', N'Tiền mặt'),
('PBT028', '2025-03-14', 'NV008', 'KH028', N'Đã thanh toán', N'Chuyển khoản'),
('PBT029', '2025-03-15', 'NV009', 'KH029', N'Đã thanh toán', N'Tiền mặt'),
('PBT030', '2025-03-15', 'NV010', 'KH030', N'Đã thanh toán', N'Chuyển khoản'),
('PBT031', '2025-03-16', 'NV011', 'KH031', N'Đã thanh toán', N'Tiền mặt'),
('PBT032', '2025-03-16', 'NV012', 'KH032', N'Chờ xử lý', N'Chuyển khoản'),
('PBT033', '2025-03-17', 'NV013', 'KH033', N'Đã thanh toán', N'Tiền mặt'),
('PBT034', '2025-03-17', 'NV014', 'KH034', N'Đã thanh toán', N'Chuyển khoản'),
('PBT035', '2025-03-18', 'NV015', 'KH035', N'Đã thanh toán', N'Tiền mặt'),
('PBT036', '2025-03-18', 'NV016', 'KH036', N'Đã hủy', N'Chuyển khoản'),
('PBT037', '2025-03-19', 'NV017', 'KH037', N'Đã thanh toán', N'Tiền mặt'),
('PBT038', '2025-03-19', 'NV018', 'KH038', N'Đã thanh toán', N'Chuyển khoản'),
('PBT039', '2025-03-20', 'NV019', 'KH039', N'Đã thanh toán', N'Tiền mặt'),
('PBT040', '2025-03-20', 'NV020', 'KH040', N'Chờ xử lý', N'Chuyển khoản'),
('PBT041', '2025-03-21', 'NV001', 'KH041', N'Đã thanh toán', N'Tiền mặt'),
('PBT042', '2025-03-21', 'NV002', 'KH042', N'Đã thanh toán', N'Chuyển khoản'),
('PBT043', '2025-03-22', 'NV003', 'KH043', N'Đã thanh toán', N'Tiền mặt'),
('PBT044', '2025-03-22', 'NV004', 'KH044', N'Đã thanh toán', N'Chuyển khoản'),
('PBT045', '2025-03-23', 'NV005', 'KH045', N'Đã thanh toán', N'Tiền mặt'),
('PBT046', '2025-03-23', 'NV006', 'KH046', N'Chờ xử lý', N'Chuyển khoản'),
('PBT047', '2025-03-24', 'NV007', 'KH047', N'Đã thanh toán', N'Tiền mặt'),
('PBT048', '2025-03-24', 'NV008', 'KH048', N'Đã thanh toán', N'Chuyển khoản'),
('PBT049', '2025-03-25', 'NV009', 'KH049', N'Đã thanh toán', N'Tiền mặt'),
('PBT050', '2025-03-25', 'NV010', 'KH050', N'Đã hủy', N'Chuyển khoản'),
('PBT051', '2025-03-26', 'NV011', 'KH001', N'Đã thanh toán', N'Tiền mặt'),
('PBT052', '2025-03-26', 'NV012', 'KH002', N'Đã thanh toán', N'Chuyển khoản'),
('PBT053', '2025-03-27', 'NV013', 'KH003', N'Đã thanh toán', N'Tiền mặt'),
('PBT054', '2025-03-27', 'NV014', 'KH004', N'Chờ xử lý', N'Chuyển khoản'),
('PBT055', '2025-03-28', 'NV015', 'KH005', N'Đã thanh toán', N'Tiền mặt'),
('PBT056', '2025-03-28', 'NV016', 'KH006', N'Đã thanh toán', N'Chuyển khoản'),
('PBT057', '2025-03-29', 'NV017', 'KH007', N'Đã thanh toán', N'Tiền mặt'),
('PBT058', '2025-03-29', 'NV018', 'KH008', N'Đã thanh toán', N'Chuyển khoản'),
('PBT059', '2025-03-30', 'NV019', 'KH009', N'Đã thanh toán', N'Tiền mặt'),
('PBT060', '2025-03-30', 'NV020', 'KH010', N'Chờ xử lý', N'Chuyển khoản'),
('PBT061', '2025-03-31', 'NV001', 'KH011', N'Đã thanh toán', N'Tiền mặt'),
('PBT062', '2025-03-31', 'NV002', 'KH012', N'Đã thanh toán', N'Chuyển khoản'),
('PBT063', '2025-04-01', 'NV003', 'KH013', N'Đã thanh toán', N'Tiền mặt'),
('PBT064', '2025-04-01', 'NV004', 'KH014', N'Đã hủy', N'Chuyển khoản'),
('PBT065', '2025-04-02', 'NV005', 'KH015', N'Đã thanh toán', N'Tiền mặt'),
('PBT066', '2025-04-02', 'NV006', 'KH016', N'Đã thanh toán', N'Chuyển khoản'),
('PBT067', '2025-04-03', 'NV007', 'KH017', N'Đã thanh toán', N'Tiền mặt'),
('PBT068', '2025-04-03', 'NV008', 'KH018', N'Chờ xử lý', N'Chuyển khoản'),
('PBT069', '2025-04-04', 'NV009', 'KH019', N'Đã thanh toán', N'Tiền mặt'),
('PBT070', '2025-04-04', 'NV010', 'KH020', N'Đã thanh toán', N'Chuyển khoản'),
('PBT071', '2025-04-05', 'NV011', 'KH021', N'Đã thanh toán', N'Tiền mặt'),
('PBT072', '2025-04-05', 'NV012', 'KH022', N'Đã thanh toán', N'Chuyển khoản'),
('PBT073', '2025-04-06', 'NV013', 'KH023', N'Đã thanh toán', N'Tiền mặt'),
('PBT074', '2025-04-06', 'NV014', 'KH024', N'Chờ xử lý', N'Chuyển khoản'),
('PBT075', '2025-04-07', 'NV015', 'KH025', N'Đã thanh toán', N'Tiền mặt'),
('PBT076', '2025-04-07', 'NV016', 'KH026', N'Đã thanh toán', N'Chuyển khoản'),
('PBT077', '2025-04-08', 'NV017', 'KH027', N'Đã thanh toán', N'Tiền mặt'),
('PBT078', '2025-04-08', 'NV018', 'KH028', N'Đã hủy', N'Chuyển khoản'),
('PBT079', '2025-04-09', 'NV019', 'KH029', N'Đã thanh toán', N'Tiền mặt'),
('PBT080', '2025-04-09', 'NV020', 'KH030', N'Đã thanh toán', N'Chuyển khoản'),
('PBT081', '2025-04-10', 'NV001', 'KH031', N'Đã thanh toán', N'Tiền mặt'),
('PBT082', '2025-04-10', 'NV002', 'KH032', N'Chờ xử lý', N'Chuyển khoản'),
('PBT083', '2025-04-11', 'NV003', 'KH033', N'Đã thanh toán', N'Tiền mặt'),
('PBT084', '2025-04-11', 'NV004', 'KH034', N'Đã thanh toán', N'Chuyển khoản'),
('PBT085', '2025-04-12', 'NV005', 'KH035', N'Đã thanh toán', N'Tiền mặt'),
('PBT086', '2025-04-12', 'NV006', 'KH036', N'Đã thanh toán', N'Chuyển khoản'),
('PBT087', '2025-04-13', 'NV007', 'KH037', N'Đã thanh toán', N'Tiền mặt'),
('PBT088', '2025-04-13', 'NV008', 'KH038', N'Chờ xử lý', N'Chuyển khoản'),
('PBT089', '2025-04-14', 'NV009', 'KH039', N'Đã thanh toán', N'Tiền mặt'),
('PBT090', '2025-04-14', 'NV010', 'KH040', N'Đã thanh toán', N'Chuyển khoản'),
('PBT091', '2025-04-15', 'NV011', 'KH041', N'Đã thanh toán', N'Tiền mặt'),
('PBT092', '2025-04-15', 'NV012', 'KH042', N'Đã hủy', N'Chuyển khoản'),
('PBT093', '2025-04-16', 'NV013', 'KH043', N'Đã thanh toán', N'Tiền mặt'),
('PBT094', '2025-04-16', 'NV014', 'KH044', N'Đã thanh toán', N'Chuyển khoản'),
('PBT095', '2025-04-17', 'NV015', 'KH045', N'Đã thanh toán', N'Tiền mặt'),
('PBT096', '2025-04-17', 'NV016', 'KH046', N'Chờ xử lý', N'Chuyển khoản'),
('PBT097', '2025-04-18', 'NV017', 'KH047', N'Đã thanh toán', N'Tiền mặt'),
('PBT098', '2025-04-18', 'NV018', 'KH048', N'Đã thanh toán', N'Chuyển khoản'),
('PBT099', '2025-04-19', 'NV019', 'KH049', N'Đã thanh toán', N'Tiền mặt'),
('PBT100', '2025-04-19', 'NV020', 'KH050', N'Đã thanh toán', N'Chuyển khoản'),
('PBT101', '2025-04-20', 'NV001', 'KH001', N'Đã thanh toán', N'Tiền mặt'),
('PBT102', '2025-04-20', 'NV002', 'KH002', N'Chờ xử lý', N'Chuyển khoản'),
('PBT103', '2025-04-21', 'NV003', 'KH003', N'Đã thanh toán', N'Tiền mặt'),
('PBT104', '2025-04-21', 'NV004', 'KH004', N'Đã thanh toán', N'Chuyển khoản'),
('PBT105', '2025-04-22', 'NV005', 'KH005', N'Đã thanh toán', N'Tiền mặt'),
('PBT106', '2025-04-22', 'NV006', 'KH006', N'Đã hủy', N'Chuyển khoản'),
('PBT107', '2025-04-23', 'NV007', 'KH007', N'Đã thanh toán', N'Tiền mặt'),
('PBT108', '2025-04-23', 'NV008', 'KH008', N'Đã thanh toán', N'Chuyển khoản'),
('PBT109', '2025-04-24', 'NV009', 'KH009', N'Đã thanh toán', N'Tiền mặt'),
('PBT110', '2025-04-24', 'NV010', 'KH010', N'Chờ xử lý', N'Chuyển khoản'),
('PBT111', '2025-04-25', 'NV011', 'KH011', N'Đã thanh toán', N'Tiền mặt'),
('PBT112', '2025-04-25', 'NV012', 'KH012', N'Đã thanh toán', N'Chuyển khoản'),
('PBT113', '2025-04-26', 'NV013', 'KH013', N'Đã thanh toán', N'Tiền mặt'),
('PBT114', '2025-04-26', 'NV014', 'KH014', N'Đã thanh toán', N'Chuyển khoản'),
('PBT115', '2025-04-27', 'NV015', 'KH015', N'Đã thanh toán', N'Tiền mặt'),
('PBT116', '2025-04-27', 'NV016', 'KH016', N'Chờ xử lý', N'Chuyển khoản'),
('PBT117', '2025-04-28', 'NV017', 'KH017', N'Đã thanh toán', N'Tiền mặt'),
('PBT118', '2025-04-28', 'NV018', 'KH018', N'Đã thanh toán', N'Chuyển khoản'),
('PBT119', '2025-04-29', 'NV019', 'KH019', N'Đã thanh toán', N'Tiền mặt'),
('PBT120', '2025-04-29', 'NV020', 'KH020', N'Đã hủy', N'Chuyển khoản'),
('PBT121', '2025-04-30', 'NV001', 'KH021', N'Đã thanh toán', N'Tiền mặt'),
('PBT122', '2025-04-30', 'NV002', 'KH022', N'Đã thanh toán', N'Chuyển khoản'),
('PBT123', '2025-05-01', 'NV003', 'KH023', N'Đã thanh toán', N'Tiền mặt'),
('PBT124', '2025-05-01', 'NV004', 'KH024', N'Chờ xử lý', N'Chuyển khoản'),
('PBT125', '2025-05-02', 'NV005', 'KH025', N'Đã thanh toán', N'Tiền mặt'),
('PBT126', '2025-05-02', 'NV006', 'KH026', N'Đã thanh toán', N'Chuyển khoản'),
('PBT127', '2025-05-03', 'NV007', 'KH027', N'Đã thanh toán', N'Tiền mặt'),
('PBT128', '2025-05-03', 'NV008', 'KH028', N'Đã thanh toán', N'Chuyển khoản'),
('PBT129', '2025-05-04', 'NV009', 'KH029', N'Đã thanh toán', N'Tiền mặt'),
('PBT130', '2025-05-04', 'NV010', 'KH030', N'Chờ xử lý', N'Chuyển khoản'),
('PBT131', '2025-05-05', 'NV011', 'KH031', N'Đã thanh toán', N'Tiền mặt'),
('PBT132', '2025-05-05', 'NV012', 'KH032', N'Đã thanh toán', N'Chuyển khoản'),
('PBT133', '2025-05-06', 'NV013', 'KH033', N'Đã thanh toán', N'Tiền mặt'),
('PBT134', '2025-05-06', 'NV014', 'KH034', N'Đã hủy', N'Chuyển khoản'),
('PBT135', '2025-05-07', 'NV015', 'KH035', N'Đã thanh toán', N'Tiền mặt'),
('PBT136', '2025-05-07', 'NV016', 'KH036', N'Đã thanh toán', N'Chuyển khoản'),
('PBT137', '2025-05-08', 'NV017', 'KH037', N'Đã thanh toán', N'Tiền mặt'),
('PBT138', '2025-05-08', 'NV018', 'KH038', N'Chờ xử lý', N'Chuyển khoản'),
('PBT139', '2025-05-09', 'NV019', 'KH039', N'Đã thanh toán', N'Tiền mặt'),
('PBT140', '2025-05-09', 'NV020', 'KH040', N'Đã thanh toán', N'Chuyển khoản'),
('PBT141', '2025-05-10', 'NV001', 'KH041', N'Đã thanh toán', N'Tiền mặt'),
('PBT142', '2025-05-10', 'NV002', 'KH042', N'Đã thanh toán', N'Chuyển khoản'),
('PBT143', '2025-05-11', 'NV003', 'KH043', N'Đã thanh toán', N'Tiền mặt'),
('PBT144', '2025-05-11', 'NV004', 'KH044', N'Chờ xử lý', N'Chuyển khoản'),
('PBT145', '2025-05-12', 'NV005', 'KH045', N'Đã thanh toán', N'Tiền mặt'),
('PBT146', '2025-05-12', 'NV006', 'KH046', N'Đã thanh toán', N'Chuyển khoản'),
('PBT147', '2025-05-13', 'NV007', 'KH047', N'Đã thanh toán', N'Tiền mặt'),
('PBT148', '2025-05-13', 'NV008', 'KH048', N'Đã hủy', N'Chuyển khoản'),
('PBT149', '2025-05-14', 'NV009', 'KH049', N'Đã thanh toán', N'Tiền mặt'),
('PBT150', '2025-05-14', 'NV010', 'KH050', N'Đã thanh toán', N'Chuyển khoản'),
('PBT151', '2025-05-15', 'NV011', 'KH001', N'Đã thanh toán', N'Tiền mặt'),
('PBT152', '2025-05-15', 'NV012', 'KH002', N'Chờ xử lý', N'Chuyển khoản'),
('PBT153', '2025-05-16', 'NV013', 'KH003', N'Đã thanh toán', N'Tiền mặt'),
('PBT154', '2025-05-16', 'NV014', 'KH004', N'Đã thanh toán', N'Chuyển khoản'),
('PBT155', '2025-05-17', 'NV015', 'KH005', N'Đã thanh toán', N'Tiền mặt'),
('PBT156', '2025-05-17', 'NV016', 'KH006', N'Đã thanh toán', N'Chuyển khoản'),
('PBT157', '2025-05-18', 'NV017', 'KH007', N'Đã thanh toán', N'Tiền mặt'),
('PBT158', '2025-05-18', 'NV018', 'KH008', N'Chờ xử lý', N'Chuyển khoản'),
('PBT159', '2025-05-19', 'NV019', 'KH009', N'Đã thanh toán', N'Tiền mặt'),
('PBT160', '2025-05-19', 'NV020', 'KH010', N'Đã thanh toán', N'Chuyển khoản'),
('PBT161', '2025-05-20', 'NV001', 'KH011', N'Đã thanh toán', N'Tiền mặt'),
('PBT162', '2025-05-20', 'NV002', 'KH012', N'Đã hủy', N'Chuyển khoản'),
('PBT163', '2025-05-21', 'NV003', 'KH013', N'Đã thanh toán', N'Tiền mặt'),
('PBT164', '2025-05-21', 'NV004', 'KH014', N'Đã thanh toán', N'Chuyển khoản'),
('PBT165', '2025-05-22', 'NV005', 'KH015', N'Đã thanh toán', N'Tiền mặt'),
('PBT166', '2025-05-22', 'NV006', 'KH016', N'Chờ xử lý', N'Chuyển khoản'),
('PBT167', '2025-05-23', 'NV007', 'KH017', N'Đã thanh toán', N'Tiền mặt'),
('PBT168', '2025-05-23', 'NV008', 'KH018', N'Đã thanh toán', N'Chuyển khoản'),
('PBT169', '2025-05-24', 'NV009', 'KH019', N'Đã thanh toán', N'Tiền mặt'),
('PBT170', '2025-05-24', 'NV010', 'KH020', N'Đã thanh toán', N'Chuyển khoản'),
('PBT171', '2025-05-25', 'NV011', 'KH021', N'Đã thanh toán', N'Tiền mặt'),
('PBT172', '2025-05-25', 'NV012', 'KH022', N'Chờ xử lý', N'Chuyển khoản'),
('PBT173', '2025-05-25', 'NV013', 'KH023', N'Đã thanh toán', N'Tiền mặt'),
('PBT174', '2025-05-25', 'NV014', 'KHVL', N'Đã thanh toán', N'Tiền mặt'),
('PBT175', '2025-05-26', 'NV015', 'KH024', N'Đã thanh toán', N'Chuyển khoản'),
('PBT176', '2025-05-26', 'NV016', 'KH025', N'Chờ xử lý', N'Tiền mặt'),
('PBT177', '2025-05-26', 'NV017', 'KHVL', N'Đã thanh toán', N'Tiền mặt'),
('PBT178', '2025-05-27', 'NV018', 'KH026', N'Đã thanh toán', N'Chuyển khoản'),
('PBT179', '2025-05-27', 'NV019', 'KH027', N'Đã thanh toán', N'Tiền mặt'),
('PBT180', '2025-05-27', 'NV020', 'KHVL', N'Đã thanh toán', N'Tiền mặt'),
('PBT181', '2025-05-28', 'NV006', 'KH028', N'Chờ xử lý', N'Chuyển khoản'),
('PBT182', '2025-05-28', 'NV007', 'KH029', N'Đã thanh toán', N'Tiền mặt'),
('PBT183', '2025-05-28', 'NV008', 'KH030', N'Đã thanh toán', N'Chuyển khoản'),
('PBT184', '2025-05-29', 'NV009', 'KHVL', N'Đã thanh toán', N'Tiền mặt'),
('PBT185', '2025-05-29', 'NV010', 'KH031', N'Đã thanh toán', N'Chuyển khoản'),
('PBT186', '2025-05-29', 'NV011', 'KH032', N'Chờ xử lý', N'Tiền mặt'),
('PBT187', '2025-05-30', 'NV012', 'KH033', N'Đã thanh toán', N'Chuyển khoản'),
('PBT188', '2025-05-30', 'NV013', 'KH034', N'Đã thanh toán', N'Tiền mặt'),
('PBT189', '2025-05-30', 'NV014', 'KHVL', N'Đã thanh toán', N'Tiền mặt'),
('PBT190', '2025-05-31', 'NV015', 'KH035', N'Đã thanh toán', N'Chuyển khoản'),
('PBT191', '2025-05-31', 'NV016', 'KH036', N'Chờ xử lý', N'Tiền mặt'),
('PBT192', '2025-05-31', 'NV017', 'KH037', N'Đã thanh toán', N'Chuyển khoản');
-- END OF 6.DataBanThuoc.sql --

-- START OF 7. DataChiTietBanThuoc.sql --
-- ======================= ChiTietBanThuoc =======================
INSERT INTO dbo.ChiTietPhieuBanThuoc (maPBT, maThuoc, soLuong, donGiaBan)
VALUES
('PBT001', 'T038', 20, 9242),
('PBT001', 'T039', 30, 3486),
('PBT001', 'T040', 25, 7611),
('PBT002', 'T041', 40, 4313),
('PBT002', 'T042', 15, 5289),
('PBT003', 'T043', 35, 6281),
('PBT003', 'T044', 20, 10069),
('PBT003', 'T045', 10, 10005),
('PBT004', 'T046', 30, 12045),
('PBT004', 'T047', 25, 9394),
('PBT005', 'T048', 50, 7764),
('PBT005', 'T049', 45, 4374),
('PBT006', 'T050', 20, 6553),
('PBT006', 'T051', 15, 8688),
('PBT007', 'T052', 40, 8973),
('PBT007', 'T053', 10, 10891),
('PBT008', 'T054', 30, 7841),
('PBT008', 'T055', 25, 8129),
('PBT009', 'T056', 50, 7969),
('PBT009', 'T057', 20, 5389),
('PBT010', 'T058', 35, 7640),
('PBT010', 'T059', 15, 6804),
('PBT011', 'T060', 40, 8873),
('PBT011', 'T061', 10, 6798),
('PBT012', 'T062', 30, 6099),
('PBT012', 'T063', 25, 3392),
('PBT013', 'T064', 45, 4330),
('PBT013', 'T065', 20, 10937),
('PBT014', 'T066', 50, 4746),
('PBT015', 'T067', 40, 7008),
('PBT015', 'T068', 15, 9805),
('PBT016', 'T069', 30, 11819),
('PBT017', 'T070', 35, 10548),
('PBT017', 'T071', 20, 3276),
('PBT018', 'T072', 25, 2778),
('PBT018', 'T073', 30, 7224),
('PBT019', 'T074', 40, 6013),
('PBT019', 'T075', 15, 7211),
('PBT020', 'T076', 20, 9858),
('PBT020', 'T077', 25, 8299),
('PBT021', 'T078', 30, 10116),
('PBT021', 'T079', 10, 3027),
('PBT022', 'T080', 35, 9275),
('PBT023', 'T081', 40, 3896),
('PBT023', 'T082', 15, 10197),
('PBT024', 'T083', 20, 6744),
('PBT024', 'T084', 25, 5108),
('PBT025', 'T085', 30, 3097),
('PBT025', 'T086', 35, 4624),
('PBT026', 'T087', 40, 5993),
('PBT027', 'T088', 45, 8130),
('PBT027', 'T089', 10, 10592),
('PBT028', 'T090', 20, 5059),
('PBT028', 'T091', 25, 2927),
('PBT029', 'T092', 30, 9932),
('PBT029', 'T093', 15, 5124),
('PBT030', 'T094', 35, 4025),
('PBT030', 'T095', 10, 9573),
('PBT031', 'T096', 40, 2436),
('PBT031', 'T097', 20, 6576),
('PBT032', 'T098', 25, 9217),
('PBT033', 'T099', 30, 8850),
('PBT033', 'T100', 15, 6161),
('PBT034', 'T101', 20, 11956),
('PBT035', 'T102', 35, 8433),
('PBT035', 'T103', 10, 5108),
('PBT036', 'T104', 40, 1624),
('PBT036', 'T105', 25, 5232),
('PBT037', 'T106', 30, 6678),
('PBT037', 'T107', 20, 4458),
('PBT038', 'T108', 15, 4811),
('PBT038', 'T109', 25, 5251),
('PBT039', 'T110', 35, 8204),
('PBT040', 'T111', 40, 9573),
('PBT040', 'T112', 10, 11036),
('PBT041', 'T113', 20, 7444),
('PBT041', 'T114', 25, 4136),
('PBT042', 'T115', 30, 2188),
('PBT042', 'T116', 15, 11373),
('PBT043', 'T117', 35, 4362),
('PBT043', 'T118', 10, 4691),
('PBT044', 'T119', 40, 8724),
('PBT045', 'T120', 25, 7205),
('PBT045', 'T121', 20, 6191),
('PBT046', 'T122', 30, 7210),
('PBT047', 'T123', 50, 1710),
('PBT047', 'T124', 15, 8035),
('PBT048', 'T125', 20, 4625),
('PBT048', 'T126', 25, 6357),
('PBT049', 'T127', 30, 9129),
('PBT049', 'T128', 10, 10245),
('PBT050', 'T129', 35, 11288),
('PBT051', 'T130', 40, 5955),
('PBT051', 'T131', 15, 3546),
('PBT052', 'T132', 20, 3196),
('PBT052', 'T133', 25, 3872),
('PBT053', 'T134', 30, 1264),
('PBT053', 'T135', 35, 9885),
('PBT054', 'T136', 40, 10349),
('PBT055', 'T137', 25, 5983),
('PBT055', 'T138', 20, 10747),
('PBT056', 'T139', 30, 6195),
('PBT057', 'T140', 50, 1617),
('PBT057', 'T141', 15, 1943),
('PBT058', 'T142', 20, 11269),
('PBT059', 'T143', 25, 10926),
('PBT059', 'T144', 10, 3343),
('PBT060', 'T145', 30, 4291),
('PBT060', 'T146', 15, 3697),
('PBT061', 'T147', 35, 10615),
('PBT062', 'T148', 40, 5997),
('PBT062', 'T149', 10, 6135),
('PBT063', 'T150', 20, 6476),
('PBT063', 'T151', 25, 8108),
('PBT064', 'T152', 30, 7805),
('PBT065', 'T153', 35, 5003),
('PBT065', 'T154', 10, 8694),
('PBT066', 'T155', 40, 1576),
('PBT066', 'T156', 15, 3261),
('PBT067', 'T157', 20, 4796),
('PBT067', 'T158', 25, 9217),
('PBT068', 'T159', 30, 4297),
('PBT069', 'T160', 35, 5060),
('PBT069', 'T161', 10, 9313),
('PBT070', 'T162', 40, 4926),
('PBT071', 'T163', 25, 10774),
('PBT071', 'T164', 15, 10850),
('PBT072', 'T165', 20, 11252),
('PBT073', 'T166', 30, 2143),
('PBT073', 'T167', 25, 4090),
('PBT074', 'T168', 35, 11435),
('PBT075', 'T169', 40, 7335),
('PBT075', 'T170', 10, 6671),
('PBT076', 'T171', 15, 3859),
('PBT076', 'T172', 20, 10284),
('PBT077', 'T173', 25, 6318),
('PBT077', 'T174', 30, 7754),
('PBT078', 'T175', 35, 1986),
('PBT079', 'T176', 40, 10782),
('PBT080', 'T177', 20, 6202),
('PBT080', 'T178', 15, 5547),
('PBT081', 'T179', 25, 9765),
('PBT082', 'T180', 30, 6770),
('PBT082', 'T181', 10, 8039),
('PBT083', 'T182', 35, 7087),
('PBT083', 'T183', 15, 9893),
('PBT084', 'T184', 20, 12442),
('PBT085', 'T185', 25, 12462),
('PBT085', 'T186', 10, 1839),
('PBT086', 'T187', 30, 8042),
('PBT087', 'T188', 35, 2848),
('PBT087', 'T189', 15, 2501),
('PBT088', 'T190', 20, 8121),
('PBT089', 'T191', 25, 12589),
('PBT089', 'T192', 10, 2289),
('PBT090', 'T193', 30, 9821),
('PBT091', 'T194', 35, 8480),
('PBT091', 'T195', 15, 4156),
('PBT092', 'T196', 20, 10376),
('PBT093', 'T197', 25, 4609),
('PBT093', 'T198', 30, 3531),
('PBT094', 'T199', 35, 10515),
('PBT095', 'T200', 40, 11316),
('PBT096', 'T038', 20, 9242),
('PBT096', 'T039', 25, 3486),
('PBT097', 'T040', 30, 7611),
('PBT097', 'T041', 15, 4313),
('PBT098', 'T042', 20, 5289),
('PBT099', 'T043', 25, 6281),
('PBT099', 'T044', 10, 10069),
('PBT100', 'T045', 30, 10005),
('PBT101', 'T046', 35, 12045),
('PBT102', 'T047', 40, 9394),
('PBT103', 'T048', 20, 7764),
('PBT103', 'T049', 25, 4374),
('PBT104', 'T050', 30, 6553),
('PBT105', 'T051', 35, 8688),
('PBT105', 'T052', 10, 8973),
('PBT106', 'T053', 15, 10891),
('PBT107', 'T054', 20, 7841),
('PBT107', 'T055', 25, 8129),
('PBT108', 'T056', 30, 7969),
('PBT109', 'T057', 35, 5389),
('PBT109', 'T058', 10, 7640),
('PBT110', 'T059', 15, 6804),
('PBT111', 'T060', 20, 8873),
('PBT112', 'T061', 25, 6798),
('PBT112', 'T062', 10, 6099),
('PBT113', 'T063', 30, 3392),
('PBT114', 'T064', 35, 4330),
('PBT115', 'T065', 40, 10937),
('PBT116', 'T066', 20, 4746),
('PBT116', 'T067', 15, 7008),
('PBT117', 'T068', 25, 9805),
('PBT117', 'T069', 10, 11819),
('PBT118', 'T070', 30, 10548),
('PBT119', 'T071', 35, 3276),
('PBT119', 'T072', 10, 2778),
('PBT120', 'T073', 15, 7224),
('PBT121', 'T074', 20, 6013),
('PBT121', 'T075', 25, 7211),
('PBT122', 'T076', 30, 9858),
('PBT123', 'T077', 35, 8299),
('PBT123', 'T078', 10, 10116),
('PBT124', 'T079', 15, 3027),
('PBT125', 'T080', 20, 9275),
('PBT125', 'T081', 25, 3896),
('PBT126', 'T082', 30, 10197),
('PBT127', 'T083', 35, 6744),
('PBT127', 'T084', 10, 5108),
('PBT128', 'T085', 15, 3097),
('PBT129', 'T086', 20, 4624),
('PBT129', 'T087', 25, 5993),
('PBT130', 'T088', 30, 8130),
('PBT131', 'T089', 35, 10592),
('PBT131', 'T090', 10, 5059),
('PBT132', 'T091', 15, 2927),
('PBT133', 'T092', 20, 9932),
('PBT133', 'T093', 25, 5124),
('PBT134', 'T094', 30, 4025),
('PBT135', 'T095', 35, 9573),
('PBT135', 'T096', 10, 2436),
('PBT136', 'T097', 15, 6576),
('PBT137', 'T098', 20, 9217),
('PBT137', 'T099', 25, 8850),
('PBT138', 'T100', 30, 6161),
('PBT139', 'T101', 35, 11956),
('PBT139', 'T102', 10, 8433),
('PBT140', 'T103', 15, 5108),
('PBT141', 'T104', 20, 1624),
('PBT141', 'T105', 25, 5232),
('PBT142', 'T106', 30, 6678),
('PBT143', 'T107', 35, 4458),
('PBT143', 'T108', 10, 4811),
('PBT144', 'T109', 15, 5251),
('PBT145', 'T110', 20, 8204),
('PBT145', 'T111', 25, 9573),
('PBT146', 'T112', 30, 11036),
('PBT147', 'T113', 35, 7444),
('PBT147', 'T114', 10, 4136),
('PBT148', 'T115', 15, 2188),
('PBT149', 'T116', 20, 11373),
('PBT149', 'T117', 25, 4362),
('PBT150', 'T118', 30, 4691),
('PBT151', 'T119', 35, 8724),
('PBT151', 'T120', 10, 7205),
('PBT152', 'T121', 15, 6191),
('PBT153', 'T122', 20, 7210),
('PBT153', 'T123', 25, 1710),
('PBT154', 'T124', 30, 8035),
('PBT155', 'T125', 35, 4625),
('PBT155', 'T126', 10, 6357),
('PBT156', 'T127', 15, 9129),
('PBT157', 'T128', 20, 10245),
('PBT157', 'T129', 25, 11288),
('PBT158', 'T130', 30, 5955),
('PBT159', 'T131', 35, 3546),
('PBT159', 'T132', 10, 3196),
('PBT160', 'T133', 15, 3872),
('PBT161', 'T134', 20, 1264),
('PBT161', 'T135', 25, 9885),
('PBT162', 'T136', 30, 10349),
('PBT163', 'T137', 35, 5983),
('PBT163', 'T138', 10, 10747),
('PBT164', 'T139', 15, 6195),
('PBT165', 'T140', 20, 1617),
('PBT165', 'T141', 25, 1943),
('PBT166', 'T142', 30, 11269),
('PBT167', 'T143', 35, 10926),
('PBT167', 'T144', 10, 3343),
('PBT168', 'T145', 15, 4291),
('PBT169', 'T146', 20, 3697),
('PBT169', 'T147', 25, 10615),
('PBT170', 'T148', 30, 5997),
('PBT171', 'T149', 35, 6135),
('PBT171', 'T150', 10, 6476),
('PBT172', 'T151', 15, 8108),
('PBT173', 'T152', 20, 7805),
('PBT173', 'T153', 5, 5003),
('PBT174', 'T154', 10, 8694),
('PBT174', 'T155', 15, 1576),
('PBT175', 'T156', 20, 3261),
('PBT175', 'T157', 5, 4796),
('PBT176', 'T158', 10, 9217),
('PBT176', 'T159', 15, 4297),
('PBT177', 'T160', 20, 5060),
('PBT178', 'T161', 25, 9313),
('PBT178', 'T162', 5, 4926),
('PBT179', 'T163', 10, 10774),
('PBT180', 'T164', 15, 10850),
('PBT181', 'T165', 20, 11252),
('PBT181', 'T166', 5, 2143),
('PBT182', 'T167', 10, 4090),
('PBT183', 'T168', 15, 11435),
('PBT183', 'T169', 5, 7335),
('PBT184', 'T170', 20, 6671),
('PBT185', 'T171', 25, 3859),
('PBT185', 'T172', 10, 10284),
('PBT186', 'T173', 15, 6318),
('PBT187', 'T174', 20, 7754),
('PBT187', 'T175', 5, 1986),
('PBT188', 'T176', 10, 10782),
('PBT189', 'T177', 15, 6202),
('PBT190', 'T178', 20, 5547),
('PBT190', 'T179', 5, 9765),
('PBT191', 'T180', 10, 6770),
('PBT192', 'T181', 15, 8039),
('PBT192', 'T182', 10, 7087);
-- END OF 7.DataChiTietBanThuoc.sql --

-- START OF 8. DataPhieuNhap.sql --
-- ======================= PhieuNhap =======================
INSERT INTO dbo.PhieuNhapThuoc (maPNT, maNV, maNCC, ngayNhap, trangThai, phuongThucThanhToan)
VALUES
('PNT001', 'NV001', 'NCC001', '2025-01-01', N'Đã thanh toán', N'Tiền mặt'),
('PNT002', 'NV002', 'NCC002', '2025-01-02', N'Đã thanh toán', N'Chuyển khoản'),
('PNT003', 'NV003', 'NCC003', '2025-01-03', N'Đã thanh toán', N'Tiền mặt'),
('PNT004', 'NV004', 'NCC004', '2025-01-05', N'Đã thanh toán', N'Chuyển khoản'),
('PNT005', 'NV005', 'NCC005', '2025-01-07', N'Đã thanh toán', N'Tiền mặt'),
('PNT006', 'NV006', 'NCC006', '2025-01-09', N'Đã thanh toán', N'Chuyển khoản'),
('PNT007', 'NV007', 'NCC007', '2025-01-11', N'Đã thanh toán', N'Tiền mặt'),
('PNT008', 'NV008', 'NCC008', '2025-01-13', N'Đã thanh toán', N'Chuyển khoản'),
('PNT009', 'NV009', 'NCC009', '2025-01-15', N'Đã thanh toán', N'Tiền mặt'),
('PNT010', 'NV010', 'NCC010', '2025-01-17', N'Đã thanh toán', N'Chuyển khoản'),
('PNT011', 'NV011', 'NCC011', '2025-01-19', N'Đã thanh toán', N'Tiền mặt'),
('PNT012', 'NV012', 'NCC012', '2025-01-21', N'Đã thanh toán', N'Chuyển khoản'),
('PNT013', 'NV013', 'NCC013', '2025-01-23', N'Đã thanh toán', N'Tiền mặt'),
('PNT014', 'NV014', 'NCC014', '2025-01-25', N'Đã thanh toán', N'Chuyển khoản'),
('PNT015', 'NV015', 'NCC015', '2025-01-27', N'Đã thanh toán', N'Tiền mặt'),
('PNT016', 'NV016', 'NCC016', '2025-01-29', N'Đã thanh toán', N'Chuyển khoản'),
('PNT017', 'NV017', 'NCC017', '2025-01-31', N'Đã thanh toán', N'Tiền mặt'),
('PNT018', 'NV018', 'NCC018', '2025-02-02', N'Đã thanh toán', N'Chuyển khoản'),
('PNT019', 'NV019', 'NCC019', '2025-02-04', N'Đã thanh toán', N'Tiền mặt'),
('PNT020', 'NV020', 'NCC020', '2025-02-06', N'Đã thanh toán', N'Chuyển khoản'),
('PNT021', 'NV001', 'NCC021', '2025-02-08', N'Đã thanh toán', N'Tiền mặt'),
('PNT022', 'NV002', 'NCC022', '2025-02-10', N'Đã thanh toán', N'Chuyển khoản'),
('PNT023', 'NV003', 'NCC023', '2025-02-12', N'Đã thanh toán', N'Tiền mặt'),
('PNT024', 'NV004', 'NCC024', '2025-02-14', N'Đã thanh toán', N'Chuyển khoản'),
('PNT025', 'NV005', 'NCC025', '2025-02-16', N'Đã thanh toán', N'Tiền mặt'),
('PNT026', 'NV006', 'NCC026', '2025-02-18', N'Đã thanh toán', N'Chuyển khoản'),
('PNT027', 'NV007', 'NCC027', '2025-02-20', N'Đã thanh toán', N'Tiền mặt'),
('PNT028', 'NV008', 'NCC028', '2025-02-22', N'Đã thanh toán', N'Chuyển khoản'),
('PNT029', 'NV009', 'NCC029', '2025-02-24', N'Đã thanh toán', N'Tiền mặt'),
('PNT030', 'NV010', 'NCC030', '2025-02-26', N'Đã thanh toán', N'Chuyển khoản'),
('PNT031', 'NV011', 'NCC001', '2025-02-28', N'Đã thanh toán', N'Tiền mặt'),
('PNT032', 'NV012', 'NCC002', '2025-03-02', N'Đã thanh toán', N'Chuyển khoản'),
('PNT033', 'NV013', 'NCC003', '2025-03-04', N'Đã thanh toán', N'Tiền mặt'),
('PNT034', 'NV014', 'NCC004', '2025-03-06', N'Đã thanh toán', N'Chuyển khoản'),
('PNT035', 'NV015', 'NCC005', '2025-03-08', N'Đã thanh toán', N'Tiền mặt'),
('PNT036', 'NV016', 'NCC006', '2025-03-10', N'Đã thanh toán', N'Chuyển khoản'),
('PNT037', 'NV017', 'NCC007', '2025-03-12', N'Đã thanh toán', N'Tiền mặt'),
('PNT038', 'NV018', 'NCC008', '2025-03-14', N'Đã thanh toán', N'Chuyển khoản'),
('PNT039', 'NV019', 'NCC009', '2025-03-16', N'Đã thanh toán', N'Tiền mặt'),
('PNT040', 'NV020', 'NCC010', '2025-03-18', N'Đã thanh toán', N'Chuyển khoản'),
('PNT041', 'NV001', 'NCC011', '2025-03-20', N'Đã thanh toán', N'Tiền mặt'),
('PNT042', 'NV002', 'NCC012', '2025-03-22', N'Đã thanh toán', N'Chuyển khoản'),
('PNT043', 'NV003', 'NCC013', '2025-03-24', N'Đã thanh toán', N'Tiền mặt'),
('PNT044', 'NV004', 'NCC014', '2025-03-26', N'Đã thanh toán', N'Chuyển khoản'),
('PNT045', 'NV005', 'NCC015', '2025-03-28', N'Đã thanh toán', N'Tiền mặt'),
('PNT046', 'NV006', 'NCC016', '2025-03-30', N'Đã thanh toán', N'Chuyển khoản'),
('PNT047', 'NV007', 'NCC017', '2025-04-01', N'Đã thanh toán', N'Tiền mặt'),
('PNT048', 'NV008', 'NCC018', '2025-04-03', N'Đã thanh toán', N'Chuyển khoản'),
('PNT049', 'NV009', 'NCC019', '2025-04-05', N'Đã thanh toán', N'Tiền mặt'),
('PNT050', 'NV010', 'NCC020', '2025-04-07', N'Đã thanh toán', N'Chuyển khoản'); 
-- END OF 8.DataPhieuNhap.sql --

-- START OF 9. ChiTietPhieuNhapThuoc.sql --
-- ======================= ChiTietPhieuNhapThuoc =======================
INSERT INTO dbo.ChiTietPhieuNhapThuoc (maPNT, maThuoc, soLuong, donGiaNhap)
VALUES
('PNT001', 'T001', 300, 8458),
('PNT001', 'T002', 265, 9310),
('PNT002', 'T003', 400, 8678),
('PNT002', 'T004', 380, 9839),
('PNT003', 'T005', 200, 9066),
('PNT003', 'T006', 230, 5254),
('PNT004', 'T007', 500, 3167),
('PNT004', 'T008', 450, 6715),
('PNT005', 'T009', 600, 6399),
('PNT005', 'T010', 430, 4853),
('PNT006', 'T011', 200, 8061),
('PNT006', 'T012', 160, 9578),
('PNT007', 'T013', 300, 5133),
('PNT007', 'T014', 290, 9963),
('PNT008', 'T015', 400, 7094),
('PNT008', 'T016', 530, 5019),
('PNT009', 'T017', 700, 2937),
('PNT009', 'T018', 1000, 2193),
('PNT009', 'T019', 1900, 1008),
('PNT010', 'T020', 400, 5518),
('PNT010', 'T021', 200, 8797),
('PNT011', 'T022', 600, 4477),
('PNT011', 'T023', 900, 1214),
('PNT011', 'T024', 700, 1973),
('PNT012', 'T025', 500, 4547),
('PNT012', 'T026', 900, 1725),
('PNT013', 'T027', 400, 7966),
('PNT013', 'T028', 600, 2282),
('PNT013', 'T029', 250, 8245),
('PNT014', 'T030', 600, 4715),
('PNT014', 'T031', 270, 7616),
('PNT015', 'T032', 400, 6543),
('PNT015', 'T033', 900, 1001),
('PNT015', 'T034', 500, 3830),
('PNT016', 'T035', 600, 3435),
('PNT016', 'T036', 1000, 2051),
('PNT017', 'T037', 300, 9962),
('PNT017', 'T038', 280, 7228),
('PNT018', 'T039', 1000, 2055),
('PNT018', 'T040', 600, 4617),
('PNT019', 'T041', 900, 1695),
('PNT019', 'T042', 800, 3007),
('PNT019', 'T043', 500, 3729),
('PNT020', 'T044', 400, 9444),
('PNT020', 'T045', 350, 7126),
('PNT021', 'T046', 200, 9974),
('PNT021', 'T047', 180, 7846),
('PNT022', 'T048', 400, 6614),
('PNT022', 'T049', 700, 2527),
('PNT022', 'T050', 350, 4257),
('PNT023', 'T051', 300, 7132),
('PNT023', 'T052', 500, 7277),
('PNT024', 'T053', 300, 8127),
('PNT024', 'T054', 400, 5206),
('PNT024', 'T055', 250, 7111),
('PNT025', 'T056', 400, 7359),
('PNT025', 'T057', 600, 4545),
('PNT025', 'T058', 300, 4706),
('PNT026', 'T059', 400, 4448),
('PNT026', 'T060', 280, 7707),
('PNT027', 'T061', 500, 6092),
('PNT027', 'T062', 600, 4403),
('PNT028', 'T063', 900, 2339),
('PNT028', 'T064', 1000, 2118),
('PNT029', 'T065', 400, 8196),
('PNT029', 'T066', 600, 2057),
('PNT029', 'T067', 350, 6235),
('PNT030', 'T068', 300, 8926),
('PNT030', 'T069', 250, 9180),
('PNT031', 'T070', 300, 7900),
('PNT031', 'T071', 600, 1969),
('PNT031', 'T072', 900, 1813),
('PNT032', 'T073', 400, 6471),
('PNT032', 'T074', 500, 5326),
('PNT032', 'T075', 300, 4217),
('PNT033', 'T076', 250, 7756),
('PNT033', 'T077', 350, 6025),
('PNT034', 'T078', 300, 9597),
('PNT034', 'T079', 900, 1366),
('PNT034', 'T080', 250, 8639),
('PNT035', 'T081', 700, 2556),
('PNT035', 'T082', 350, 8764),
('PNT035', 'T083', 400, 4098),
('PNT036', 'T084', 600, 2644),
('PNT036', 'T085', 900, 2153),
('PNT036', 'T086', 500, 2143),
('PNT037', 'T087', 600, 5248),
('PNT037', 'T088', 400, 6820),
('PNT038', 'T089', 250, 8473),
('PNT038', 'T090', 600, 2805),
('PNT038', 'T091', 500, 1827),
('PNT039', 'T092', 300, 8213),
('PNT039', 'T093', 600, 2912),
('PNT039', 'T094', 700, 2515),
('PNT040', 'T095', 300, 7267),
('PNT040', 'T096', 900, 1688),
('PNT040', 'T097', 350, 4010),
('PNT041', 'T098', 300, 6910),
('PNT041', 'T099', 350, 6490),
('PNT041', 'T100', 200, 5147),
('PNT042', 'T101', 250, 9545),
('PNT042', 'T102', 400, 6760),
('PNT042', 'T103', 400, 4521),
('PNT043', 'T104', 1000, 1379),
('PNT043', 'T105', 350, 4742),
('PNT043', 'T106', 350, 5963),
('PNT044', 'T107', 600, 3450),
('PNT044', 'T108', 500, 4111),
('PNT044', 'T109', 300, 4153),
('PNT045', 'T110', 300, 7258),
('PNT045', 'T111', 250, 8572),
('PNT046', 'T112', 200, 9659),
('PNT046', 'T113', 350, 6685),
('PNT046', 'T114', 400, 3289),
('PNT047', 'T115', 900, 1883),
('PNT047', 'T116', 300, 9396),
('PNT047', 'T117', 500, 3615),
('PNT048', 'T118', 600, 3993),
('PNT048', 'T119', 300, 7543),
('PNT049', 'T120', 400, 6353),
('PNT049', 'T121', 500, 5281),
('PNT049', 'T122', 150, 6045),
('PNT050', 'T123', 1000, 1431),
('PNT050', 'T124', 400, 6836),
('PNT050', 'T125', 400, 3825);
-- END OF 9.ChiTietPhieuNhapThuoc.sql --

-- START OF 10. DataPhieuDatThuoc.sql --
-- ======================= PhieuDatThuoc =======================
INSERT INTO dbo.PhieuDatThuoc (maPDT, maNV, maKH, ngayDat, ngayGiao, trangThai, phuongThucThanhToan)
VALUES
('PDT001', 'NV013', 'KH023', '2025-03-01', '2025-03-04', N'Đã thanh toán', N'Tiền mặt'),
('PDT002', 'NV014', 'KH024', '2025-03-01', '2025-03-04', N'Đã thanh toán', N'Chuyển khoản'),
('PDT003', 'NV015', 'KH025', '2025-03-02', '2025-03-05', N'Đã thanh toán', N'Tiền mặt'),
('PDT004', 'NV016', 'KH026', '2025-03-02', '2025-03-05', N'Chờ xử lý', N'Chuyển khoản'),
('PDT005', 'NV017', 'KH027', '2025-03-03', '2025-03-06', N'Đã thanh toán', N'Tiền mặt'),
('PDT006', 'NV018', 'KH028', '2025-03-03', '2025-03-06', N'Đã thanh toán', N'Chuyển khoản'),
('PDT007', 'NV019', 'KH029', '2025-03-04', '2025-03-07', N'Đã thanh toán', N'Tiền mặt'),
('PDT008', 'NV020', 'KH030', '2025-03-04', '2025-03-07', N'Đã hủy', N'Chuyển khoản'),
('PDT009', 'NV001', 'KH031', '2025-03-05', '2025-03-08', N'Đã thanh toán', N'Tiền mặt'),
('PDT010', 'NV002', 'KH032', '2025-03-05', '2025-03-08', N'Đã thanh toán', N'Chuyển khoản'),
('PDT011', 'NV003', 'KH033', '2025-03-06', '2025-03-09', N'Đã thanh toán', N'Tiền mặt'),
('PDT012', 'NV004', 'KH034', '2025-03-06', '2025-03-09', N'Chờ xử lý', N'Chuyển khoản'),
('PDT013', 'NV005', 'KH035', '2025-03-07', '2025-03-10', N'Đã thanh toán', N'Tiền mặt'),
('PDT014', 'NV006', 'KH036', '2025-03-07', '2025-03-10', N'Đã thanh toán', N'Chuyển khoản'),
('PDT015', 'NV007', 'KH037', '2025-03-08', '2025-03-11', N'Đã thanh toán', N'Tiền mặt'),
('PDT016', 'NV008', 'KH038', '2025-03-08', '2025-03-11', N'Đã thanh toán', N'Chuyển khoản'),
('PDT017', 'NV009', 'KH039', '2025-03-09', '2025-03-12', N'Đã thanh toán', N'Tiền mặt'),
('PDT018', 'NV010', 'KH040', '2025-03-09', '2025-03-12', N'Chờ xử lý', N'Chuyển khoản'),
('PDT019', 'NV011', 'KH041', '2025-03-10', '2025-03-13', N'Đã thanh toán', N'Tiền mặt'),
('PDT020', 'NV012', 'KH042', '2025-03-10', '2025-03-13', N'Đã thanh toán', N'Chuyển khoản'),
('PDT021', 'NV013', 'KH043', '2025-03-11', '2025-03-14', N'Đã thanh toán', N'Tiền mặt'),
('PDT022', 'NV014', 'KH044', '2025-03-11', '2025-03-14', N'Đã hủy', N'Chuyển khoản'),
('PDT023', 'NV015', 'KH045', '2025-03-12', '2025-03-15', N'Đã thanh toán', N'Tiền mặt'),
('PDT024', 'NV016', 'KH046', '2025-03-12', '2025-03-15', N'Đã thanh toán', N'Chuyển khoản'),
('PDT025', 'NV017', 'KH047', '2025-03-13', '2025-03-16', N'Đã thanh toán', N'Tiền mặt'),
('PDT026', 'NV018', 'KH048', '2025-03-13', '2025-03-16', N'Chờ xử lý', N'Chuyển khoản'),
('PDT027', 'NV019', 'KH049', '2025-03-14', '2025-03-17', N'Đã thanh toán', N'Tiền mặt'),
('PDT028', 'NV020', 'KH050', '2025-03-14', '2025-03-17', N'Đã thanh toán', N'Chuyển khoản'),
('PDT029', 'NV001', 'KH001', '2025-03-15', '2025-03-18', N'Đã thanh toán', N'Tiền mặt'),
('PDT030', 'NV002', 'KH002', '2025-03-15', '2025-03-18', N'Đã thanh toán', N'Chuyển khoản'),
('PDT031', 'NV003', 'KH003', '2025-03-16', '2025-03-19', N'Đã thanh toán', N'Tiền mặt'),
('PDT032', 'NV004', 'KH004', '2025-03-16', '2025-03-19', N'Chờ xử lý', N'Chuyển khoản'),
('PDT033', 'NV005', 'KH005', '2025-03-17', '2025-03-20', N'Đã thanh toán', N'Tiền mặt'),
('PDT034', 'NV006', 'KH006', '2025-03-17', '2025-03-20', N'Đã thanh toán', N'Chuyển khoản'),
('PDT035', 'NV007', 'KH007', '2025-03-18', '2025-03-21', N'Đã thanh toán', N'Tiền mặt'),
('PDT036', 'NV008', 'KH008', '2025-03-18', '2025-03-21', N'Đã hủy', N'Chuyển khoản'),
('PDT037', 'NV009', 'KH009', '2025-03-19', '2025-03-22', N'Đã thanh toán', N'Tiền mặt'),
('PDT038', 'NV010', 'KH010', '2025-03-19', '2025-03-22', N'Đã thanh toán', N'Chuyển khoản'),
('PDT039', 'NV011', 'KH011', '2025-03-20', '2025-03-23', N'Đã thanh toán', N'Tiền mặt'),
('PDT040', 'NV012', 'KH012', '2025-03-20', '2025-03-23', N'Chờ xử lý', N'Chuyển khoản'),
('PDT041', 'NV013', 'KH013', '2025-03-21', '2025-03-24', N'Đã thanh toán', N'Tiền mặt'),
('PDT042', 'NV014', 'KH014', '2025-03-21', '2025-03-24', N'Đã thanh toán', N'Chuyển khoản'),
('PDT043', 'NV015', 'KH015', '2025-03-22', '2025-03-25', N'Đã thanh toán', N'Tiền mặt'),
('PDT044', 'NV016', 'KH016', '2025-03-22', '2025-03-25', N'Đã thanh toán', N'Chuyển khoản'),
('PDT045', 'NV017', 'KH017', '2025-03-23', '2025-03-26', N'Đã thanh toán', N'Tiền mặt'),
('PDT046', 'NV018', 'KH018', '2025-03-23', '2025-03-26', N'Chờ xử lý', N'Chuyển khoản'),
('PDT047', 'NV019', 'KH019', '2025-03-24', '2025-03-27', N'Đã thanh toán', N'Tiền mặt'),
('PDT048', 'NV020', 'KH020', '2025-03-24', '2025-03-27', N'Đã thanh toán', N'Chuyển khoản'),
('PDT049', 'NV001', 'KH021', '2025-03-25', '2025-03-28', N'Đã thanh toán', N'Tiền mặt'),
('PDT050', 'NV002', 'KH022', '2025-03-25', '2025-03-28', N'Đã hủy', N'Chuyển khoản'),
('PDT051', 'NV003', 'KH023', '2025-03-26', '2025-03-29', N'Đã thanh toán', N'Tiền mặt'),
('PDT052', 'NV004', 'KH024', '2025-03-26', '2025-03-29', N'Đã thanh toán', N'Chuyển khoản'),
('PDT053', 'NV005', 'KH025', '2025-03-27', '2025-03-30', N'Đã thanh toán', N'Tiền mặt'),
('PDT054', 'NV006', 'KH026', '2025-03-27', '2025-03-30', N'Chờ xử lý', N'Chuyển khoản'),
('PDT055', 'NV007', 'KH027', '2025-03-28', '2025-03-31', N'Đã thanh toán', N'Tiền mặt'),
('PDT056', 'NV008', 'KH028', '2025-03-28', '2025-03-31', N'Đã thanh toán', N'Chuyển khoản'),
('PDT057', 'NV009', 'KH029', '2025-03-29', '2025-04-01', N'Đã thanh toán', N'Tiền mặt'),
('PDT058', 'NV010', 'KH030', '2025-03-29', '2025-04-01', N'Chờ xử lý', N'Chuyển khoản'),
('PDT059', 'NV011', 'KH031', '2025-03-30', '2025-04-02', N'Đã thanh toán', N'Tiền mặt'),
('PDT060', 'NV012', 'KH032', '2025-03-30', '2025-04-02', N'Đã thanh toán', N'Chuyển khoản'),
('PDT061', 'NV013', 'KH033', '2025-03-31', '2025-04-03', N'Đã thanh toán', N'Tiền mặt'),
('PDT062', 'NV014', 'KH034', '2025-03-31', '2025-04-03', N'Đã hủy', N'Chuyển khoản'),
('PDT063', 'NV015', 'KH035', '2025-04-01', '2025-04-04', N'Đã thanh toán', N'Tiền mặt'),
('PDT064', 'NV016', 'KH036', '2025-04-01', '2025-04-04', N'Đã thanh toán', N'Chuyển khoản'),
('PDT065', 'NV017', 'KH037', '2025-04-02', '2025-04-05', N'Đã thanh toán', N'Tiền mặt'),
('PDT066', 'NV018', 'KH038', '2025-04-02', '2025-04-05', N'Chờ xử lý', N'Chuyển khoản'),
('PDT067', 'NV019', 'KH039', '2025-04-03', '2025-04-06', N'Đã thanh toán', N'Tiền mặt'),
('PDT068', 'NV020', 'KH040', '2025-04-03', '2025-04-06', N'Đã thanh toán', N'Chuyển khoản'),
('PDT069', 'NV001', 'KH041', '2025-04-04', '2025-04-07', N'Đã thanh toán', N'Tiền mặt'),
('PDT070', 'NV002', 'KH042', '2025-04-04', '2025-04-07', N'Đã thanh toán', N'Chuyển khoản'),
('PDT071', 'NV003', 'KH043', '2025-04-05', '2025-04-08', N'Đã thanh toán', N'Tiền mặt'),
('PDT072', 'NV004', 'KH044', '2025-04-05', '2025-04-08', N'Chờ xử lý', N'Chuyển khoản'),
('PDT073', 'NV005', 'KH045', '2025-04-06', '2025-04-09', N'Đã thanh toán', N'Tiền mặt'),
('PDT074', 'NV006', 'KH046', '2025-04-06', '2025-04-09', N'Đã thanh toán', N'Chuyển khoản'),
('PDT075', 'NV007', 'KH047', '2025-04-07', '2025-04-10', N'Đã thanh toán', N'Tiền mặt'),
('PDT076', 'NV008', 'KH048', '2025-04-07', '2025-04-10', N'Đã hủy', N'Chuyển khoản'),
('PDT077', 'NV009', 'KH049', '2025-04-08', '2025-04-11', N'Đã thanh toán', N'Tiền mặt'),
('PDT078', 'NV010', 'KH050', '2025-04-08', '2025-04-11', N'Đã thanh toán', N'Chuyển khoản'),
('PDT079', 'NV011', 'KH001', '2025-04-09', '2025-04-12', N'Đã thanh toán', N'Tiền mặt'),
('PDT080', 'NV012', 'KH002', '2025-04-09', '2025-04-12', N'Chờ xử lý', N'Chuyển khoản'),
('PDT081', 'NV013', 'KH003', '2025-04-10', '2025-04-13', N'Đã thanh toán', N'Tiền mặt'),
('PDT082', 'NV014', 'KH004', '2025-04-10', '2025-04-13', N'Đã thanh toán', N'Chuyển khoản'),
('PDT083', 'NV015', 'KH005', '2025-04-11', '2025-04-14', N'Đã thanh toán', N'Tiền mặt'),
('PDT084', 'NV016', 'KH006', '2025-04-11', '2025-04-14', N'Đã thanh toán', N'Chuyển khoản'),
('PDT085', 'NV017', 'KH007', '2025-04-12', '2025-04-15', N'Đã thanh toán', N'Tiền mặt'),
('PDT086', 'NV018', 'KH008', '2025-04-12', '2025-04-15', N'Chờ xử lý', N'Chuyển khoản'),
('PDT087', 'NV009', 'KH009', '2025-04-13', '2025-04-16', N'Đã thanh toán', N'Tiền mặt'),
('PDT088', 'NV010', 'KH010', '2025-04-13', '2025-04-16', N'Đã thanh toán', N'Chuyển khoản'),
('PDT089', 'NV011', 'KH011', '2025-04-14', '2025-04-17', N'Đã thanh toán', N'Tiền mặt'),
('PDT090', 'NV002', 'KH012', '2025-04-14', '2025-04-17', N'Đã hủy', N'Chuyển khoản'),
('PDT091', 'NV003', 'KH013', '2025-04-15', '2025-04-18', N'Đã thanh toán', N'Tiền mặt'),
('PDT092', 'NV004', 'KH014', '2025-04-15', '2025-04-18', N'Đã thanh toán', N'Chuyển khoản'),
('PDT093', 'NV005', 'KH015', '2025-04-16', '2025-04-19', N'Đã thanh toán', N'Tiền mặt'),
('PDT094', 'NV006', 'KH016', '2025-04-16', '2025-04-19', N'Chờ xử lý', N'Chuyển khoản'),
('PDT095', 'NV007', 'KH017', '2025-04-17', '2025-04-20', N'Đã thanh toán', N'Tiền mặt'),
('PDT096', 'NV008', 'KH018', '2025-04-17', '2025-04-20', N'Đã thanh toán', N'Chuyển khoản'),
('PDT097', 'NV009', 'KH019', '2025-04-18', '2025-04-21', N'Đã thanh toán', N'Tiền mặt'),
('PDT098', 'NV010', 'KH020', '2025-04-18', '2025-04-21', N'Đã thanh toán', N'Chuyển khoản'),
('PDT099', 'NV011', 'KH021', '2025-04-19', '2025-04-22', N'Đã thanh toán', N'Tiền mặt'),
('PDT100', 'NV012', 'KH022', '2025-04-19', '2025-04-22', N'Chờ xử lý', N'Chuyển khoản'),
('PDT101', 'NV013', 'KH023', '2025-04-20', '2025-04-23', N'Đã thanh toán', N'Tiền mặt'),
('PDT102', 'NV014', 'KH024', '2025-04-20', '2025-04-23', N'Đã thanh toán', N'Chuyển khoản'),
('PDT103', 'NV015', 'KH025', '2025-04-21', '2025-04-24', N'Đã thanh toán', N'Tiền mặt'),
('PDT104', 'NV016', 'KH026', '2025-04-21', '2025-04-24', N'Đã hủy', N'Chuyển khoản'),
('PDT105', 'NV017', 'KH027', '2025-04-22', '2025-04-25', N'Đã thanh toán', N'Tiền mặt'),
('PDT106', 'NV018', 'KH028', '2025-04-22', '2025-04-25', N'Đã thanh toán', N'Chuyển khoản'),
('PDT107', 'NV019', 'KH029', '2025-04-23', '2025-04-26', N'Đã thanh toán', N'Tiền mặt'),
('PDT108', 'NV020', 'KH030', '2025-04-23', '2025-04-26', N'Chờ xử lý', N'Chuyển khoản'),
('PDT109', 'NV001', 'KH031', '2025-04-24', '2025-04-27', N'Đã thanh toán', N'Tiền mặt'),
('PDT110', 'NV002', 'KH032', '2025-04-24', '2025-04-27', N'Đã thanh toán', N'Chuyển khoản'),
('PDT111', 'NV003', 'KH033', '2025-04-25', '2025-04-28', N'Đã thanh toán', N'Tiền mặt'),
('PDT112', 'NV004', 'KH034', '2025-04-25', '2025-04-28', N'Đã thanh toán', N'Chuyển khoản'),
('PDT113', 'NV005', 'KH035', '2025-04-26', '2025-04-29', N'Đã thanh toán', N'Tiền mặt'),
('PDT114', 'NV006', 'KH036', '2025-04-26', '2025-04-29', N'Chờ xử lý', N'Chuyển khoản'),
('PDT115', 'NV007', 'KH037', '2025-04-27', '2025-04-30', N'Đã thanh toán', N'Tiền mặt'),
('PDT116', 'NV008', 'KH038', '2025-04-27', '2025-04-30', N'Đã thanh toán', N'Chuyển khoản'),
('PDT117', 'NV009', 'KH039', '2025-04-28', '2025-05-01', N'Đã thanh toán', N'Tiền mặt'),
('PDT118', 'NV010', 'KH040', '2025-04-28', '2025-05-01', N'Đã hủy', N'Chuyển khoản'),
('PDT119', 'NV011', 'KH041', '2025-04-29', '2025-05-02', N'Đã thanh toán', N'Tiền mặt'),
('PDT120', 'NV012', 'KH042', '2025-04-29', '2025-05-02', N'Đã thanh toán', N'Chuyển khoản'),
('PDT121', 'NV013', 'KH043', '2025-04-30', '2025-05-03', N'Đã thanh toán', N'Tiền mặt'),
('PDT122', 'NV014', 'KH044', '2025-04-30', '2025-05-03', N'Chờ xử lý', N'Chuyển khoản'),
('PDT123', 'NV015', 'KH045', '2025-05-01', '2025-05-04', N'Đã thanh toán', N'Tiền mặt'),
('PDT124', 'NV016', 'KH046', '2025-05-01', '2025-05-04', N'Đã thanh toán', N'Chuyển khoản'),
('PDT125', 'NV017', 'KH047', '2025-05-02', '2025-05-05', N'Đã thanh toán', N'Tiền mặt'),
('PDT126', 'NV018', 'KH048', '2025-05-02', '2025-05-05', N'Đã thanh toán', N'Chuyển khoản'),
('PDT127', 'NV019', 'KH049', '2025-05-03', '2025-05-06', N'Đã thanh toán', N'Tiền mặt'),
('PDT128', 'NV020', 'KH050', '2025-05-03', '2025-05-06', N'Chờ xử lý', N'Chuyển khoản'),
('PDT129', 'NV001', 'KH001', '2025-05-04', '2025-05-07', N'Đã thanh toán', N'Tiền mặt'),
('PDT130', 'NV002', 'KH002', '2025-05-04', '2025-05-07', N'Đã thanh toán', N'Chuyển khoản'),
('PDT131', 'NV003', 'KH003', '2025-05-05', '2025-05-08', N'Đã thanh toán', N'Tiền mặt'),
('PDT132', 'NV004', 'KH004', '2025-05-05', '2025-05-08', N'Đã hủy', N'Chuyển khoản'),
('PDT133', 'NV005', 'KH005', '2025-05-06', '2025-05-09', N'Đã thanh toán', N'Tiền mặt'),
('PDT134', 'NV006', 'KH006', '2025-05-06', '2025-05-09', N'Đã thanh toán', N'Chuyển khoản'),
('PDT135', 'NV007', 'KH007', '2025-05-07', '2025-05-10', N'Đã thanh toán', N'Tiền mặt'),
('PDT136', 'NV008', 'KH008', '2025-05-07', '2025-05-10', N'Chờ xử lý', N'Chuyển khoản'),
('PDT137', 'NV009', 'KH009', '2025-04-28', '2025-05-01', N'Đã thanh toán', N'Tiền mặt'),
('PDT138', 'NV010', 'KH010', '2025-04-28', '2025-05-01', N'Đã thanh toán', N'Chuyển khoản'),
('PDT139', 'NV011', 'KH011', '2025-04-29', '2025-05-02', N'Đã thanh toán', N'Tiền mặt'),
('PDT140', 'NV012', 'KH012', '2025-04-29', '2025-05-02', N'Đã thanh toán', N'Chuyển khoản'),
('PDT141', 'NV013', 'KH013', '2025-04-30', '2025-05-03', N'Đã thanh toán', N'Tiền mặt'),
('PDT142', 'NV014', 'KH044', '2025-04-30', '2025-05-03', N'Chờ xử lý', N'Chuyển khoản'),
('PDT143', 'NV015', 'KH015', '2025-05-01', '2025-05-04', N'Đã thanh toán', N'Tiền mặt'),
('PDT144', 'NV016', 'KH016', '2025-05-01', '2025-05-04', N'Đã thanh toán', N'Chuyển khoản'),
('PDT145', 'NV017', 'KH017', '2025-05-02', '2025-05-05', N'Đã thanh toán', N'Tiền mặt'),
('PDT146', 'NV018', 'KH018', '2025-05-02', '2025-05-05', N'Đã hủy', N'Chuyển khoản'),
('PDT147', 'NV019', 'KH019', '2025-05-03', '2025-05-06', N'Đã thanh toán', N'Tiền mặt'),
('PDT148', 'NV020', 'KH020', '2025-05-03', '2025-05-06', N'Đã thanh toán', N'Chuyển khoản'),
('PDT149', 'NV001', 'KH021', '2025-05-04', '2025-05-07', N'Đã thanh toán', N'Tiền mặt'),
('PDT150', 'NV002', 'KH022', '2025-05-04', '2025-05-07', N'Chờ xử lý', N'Chuyển khoản'),
('PDT151', 'NV003', 'KH023', '2025-05-05', '2025-05-08', N'Đã thanh toán', N'Tiền mặt'),
('PDT152', 'NV004', 'KH024', '2025-05-05', '2025-05-08', N'Đã thanh toán', N'Chuyển khoản'),
('PDT153', 'NV005', 'KH025', '2025-05-06', '2025-05-09', N'Đã thanh toán', N'Tiền mặt'),
('PDT154', 'NV006', 'KH026', '2025-05-06', '2025-05-09', N'Đã thanh toán', N'Chuyển khoản'),
('PDT155', 'NV007', 'KH027', '2025-05-07', '2025-05-10', N'Đã thanh toán', N'Tiền mặt'),
('PDT156', 'NV008', 'KH028', '2025-05-07', '2025-05-10', N'Chờ xử lý', N'Chuyển khoản'),
('PDT157', 'NV009', 'KH029', '2025-05-08', '2025-05-11', N'Đã thanh toán', N'Tiền mặt'),
('PDT158', 'NV010', 'KH030', '2025-05-08', '2025-05-11', N'Đã thanh toán', N'Chuyển khoản'),
('PDT159', 'NV011', 'KH031', '2025-05-09', '2025-05-12', N'Đã thanh toán', N'Tiền mặt'),
('PDT160', 'NV012', 'KH032', '2025-05-09', '2025-05-12', N'Đã hủy', N'Chuyển khoản'),
('PDT161', 'NV013', 'KH033', '2025-05-10', '2025-05-13', N'Đã thanh toán', N'Tiền mặt'),
('PDT162', 'NV014', 'KH034', '2025-05-10', '2025-05-13', N'Đã thanh toán', N'Chuyển khoản'),
('PDT163', 'NV015', 'KH035', '2025-05-11', '2025-05-14', N'Đã thanh toán', N'Tiền mặt'),
('PDT164', 'NV016', 'KH036', '2025-05-11', '2025-05-14', N'Chờ xử lý', N'Chuyển khoản'),
('PDT165', 'NV017', 'KH037', '2025-05-12', '2025-05-15', N'Đã thanh toán', N'Tiền mặt'),
('PDT166', 'NV018', 'KH038', '2025-05-12', '2025-05-15', N'Đã thanh toán', N'Chuyển khoản'),
('PDT167', 'NV019', 'KH039', '2025-05-13', '2025-05-16', N'Đã thanh toán', N'Tiền mặt'),
('PDT168', 'NV020', 'KH040', '2025-05-13', '2025-05-16', N'Đã thanh toán', N'Chuyển khoản'),
('PDT169', 'NV001', 'KH041', '2025-05-14', '2025-05-17', N'Đã thanh toán', N'Tiền mặt'),
('PDT170', 'NV002', 'KH042', '2025-05-14', '2025-05-17', N'Chờ xử lý', N'Chuyển khoản'),
('PDT171', 'NV003', 'KH043', '2025-05-15', '2025-05-18', N'Đã thanh toán', N'Tiền mặt'),
('PDT172', 'NV004', 'KH044', '2025-05-15', '2025-05-18', N'Đã thanh toán', N'Chuyển khoản'),
('PDT173', 'NV005', 'KH045', '2025-05-25', '2025-05-28', N'Chờ xử lý', N'Tiền mặt'),
('PDT174', 'NV001', 'KH046', '2025-05-26', '2025-05-29', N'Đã thanh toán', N'Chuyển khoản'),
('PDT175', 'NV002', 'KH047', '2025-05-26', '2025-05-29', N'Đã thanh toán', N'Tiền mặt'),
('PDT176', 'NV003', 'KH048', '2025-05-27', '2025-05-30', N'Chờ xử lý', N'Chuyển khoản'),
('PDT177', 'NV004', 'KH049', '2025-05-27', '2025-05-30', N'Đã thanh toán', N'Tiền mặt'),
('PDT178', 'NV005', 'KH050', '2025-05-28', '2025-05-31', N'Đã thanh toán', N'Chuyển khoản'),
('PDT179', 'NV001', 'KH001', '2025-05-28', '2025-05-31', N'Chờ xử lý', N'Tiền mặt'),
('PDT180', 'NV002', 'KH002', '2025-05-29', '2025-06-01', N'Đã thanh toán', N'Chuyển khoản'),
('PDT181', 'NV003', 'KH003', '2025-05-29', '2025-06-01', N'Đã thanh toán', N'Tiền mặt'),
('PDT182', 'NV004', 'KH004', '2025-05-30', '2025-06-02', N'Chờ xử lý', N'Chuyển khoản'),
('PDT183', 'NV005', 'KH005', '2025-05-30', '2025-06-02', N'Đã thanh toán', N'Tiền mặt'),
('PDT184', 'NV001', 'KH006', '2025-05-31', '2025-06-03', N'Đã thanh toán', N'Chuyển khoản'),
('PDT185', 'NV002', 'KH007', '2025-05-31', '2025-06-03', N'Chờ xử lý', N'Tiền mặt');
-- END OF 10.DataPhieuDatThuoc.sql --

-- START OF 11. DataChiTietPhieuDatThuoc.sql --
-- ======================= ChiTietPhieuDatThuoc =======================
INSERT INTO dbo.ChiTietPhieuDatThuoc (maPDT, maThuoc, soLuong, donGiaBan)
VALUES 
('PDT001', 'T082', 31, 10197), -- Albendazole
('PDT001', 'T079', 24, 3027),  -- Acyclovir
('PDT001', 'T038', 50, 9242),  -- Ibuprofen
('PDT002', 'T039', 60, 3486),  -- Naphazoline
('PDT002', 'T040', 40, 7611),  -- Otrivin
('PDT003', 'T041', 50, 4313),  -- Xisat
('PDT003', 'T042', 30, 5289),  -- NaCl 0.9%
('PDT003', 'T043', 20, 6281),  -- Floratil
('PDT004', 'T044', 40, 10069), -- Duphaston
('PDT004', 'T045', 25, 10005), -- Cotrim
('PDT005', 'T046', 50, 12045), -- Medrol
('PDT005', 'T047', 20, 9394),  -- Bromhexin
('PDT006', 'T048', 30, 7764),  -- Tobradex
('PDT006', 'T049', 25, 4374),  -- Ofloxacin
('PDT007', 'T050', 40, 6553),  -- Tetracycline
('PDT007', 'T051', 30, 8688),  -- Neomycin
('PDT008', 'T052', 50, 8973),  -- Cephalexin
('PDT009', 'T053', 60, 10891), -- Ciprofloxacin
('PDT009', 'T054', 20, 7841),  -- Azithromycin
('PDT010', 'T055', 30, 8129),  -- Clarithromycin
('PDT010', 'T056', 25, 7969),  -- Vitamin C
('PDT011', 'T057', 40, 5389),  -- Vitamin B1
('PDT011', 'T058', 30, 7640),  -- Vitamin B6
('PDT012', 'T059', 50, 6804),  -- Vitamin B12
('PDT012', 'T060', 20, 8873),  -- Ferrovit
('PDT013', 'T061', 60, 6798),  -- Hemopoly
('PDT013', 'T062', 25, 6099),  -- Actisô
('PDT014', 'T063', 40, 3392),  -- Hemobion
('PDT014', 'T064', 30, 4330),  -- Duphavit
('PDT015', 'T065', 50, 10937), -- Elevit
('PDT016', 'T066', 60, 4746),  -- Calci D
('PDT017', 'T067', 40, 7008),  -- Osteocare
('PDT017', 'T068', 20, 9805),  -- Canxi Corbiere
('PDT018', 'T069', 30, 11819), -- D3 B12
('PDT019', 'T070', 50, 10548), -- Hydroxyzine
('PDT019', 'T071', 25, 3276),  -- Loratadin
('PDT020', 'T072', 40, 2778),  -- Cetirizin
('PDT021', 'T073', 60, 7224),  -- Alimemazin
('PDT021', 'T074', 20, 6013),  -- Prednisolon
('PDT022', 'T075', 30, 7211),  -- Hydrocortison
('PDT023', 'T076', 40, 9858),  -- Betamethason
('PDT023', 'T077', 25, 8299),  -- Bepanthen
('PDT024', 'T078', 50, 10116), -- Fucidin
('PDT025', 'T079', 60, 3027),  -- Acyclovir
('PDT025', 'T080', 20, 9275),  -- Gentamicin
('PDT026', 'T081', 30, 3896),  -- Mebendazole
('PDT027', 'T082', 40, 10197), -- Albendazole
('PDT027', 'T083', 25, 6744),  -- Pancreatin
('PDT028', 'T084', 50, 5108),  -- Maalox
('PDT029', 'T085', 60, 3097),  -- Phosphalugel
('PDT029', 'T086', 20, 4624),  -- Lansoprazole
('PDT030', 'T087', 30, 5993),  -- Esomeprazole
('PDT031', 'T088', 40, 8130),  -- Domperidon
('PDT031', 'T089', 25, 10592), -- Metoclopramid
('PDT032', 'T090', 50, 5059),  -- Cinnarizin
('PDT033', 'T091', 60, 2927),  -- Stugeron
('PDT033', 'T092', 20, 9932),  -- Piracetam
('PDT034', 'T093', 30, 5124),  -- Ginkgo Biloba
('PDT035', 'T094', 40, 4025),  -- Cebraton Plus
('PDT035', 'T095', 25, 9573),  -- Ginsenoside
('PDT036', 'T096', 50, 2436),  -- Kirkland
('PDT037', 'T097', 60, 6576),  -- Nature Made
('PDT037', 'T098', 20, 9217),  -- Blackmores
('PDT038', 'T099', 30, 8850),  -- Omega-3
('PDT039', 'T100', 40, 6161),  -- Aqua Maris
('PDT039', 'T101', 25, 11956), -- Naphasol
('PDT040', 'T102', 50, 8433),  -- Myonal
('PDT041', 'T103', 60, 5108),  -- Gaviscon
('PDT041', 'T104', 20, 1624),  -- Telfor
('PDT042', 'T105', 30, 5232),  -- Panamol
('PDT043', 'T106', 40, 6678),  -- Eugica Forte
('PDT043', 'T107', 25, 4458),  -- Naphacogyl
('PDT044', 'T108', 50, 4811),  -- Loxonin
('PDT045', 'T109', 60, 5251),  -- Aleve
('PDT045', 'T110', 20, 8204),  -- Cadigesic
('PDT046', 'T111', 30, 9573),  -- Betaserc
('PDT047', 'T112', 40, 11036), -- Bisolvon
('PDT047', 'T113', 25, 7444),  -- Aerius
('PDT048', 'T114', 50, 4136),  -- Xyzal
('PDT049', 'T115', 60, 2188),  -- Zyrtec
('PDT049', 'T116', 20, 11373), -- Cezil
('PDT050', 'T117', 30, 4362),  -- Clarityne
('PDT051', 'T118', 40, 4691),  -- Ventolin
('PDT051', 'T119', 25, 8724),  -- Salbutamol
('PDT052', 'T120', 50, 7205),  -- Amdipin
('PDT053', 'T121', 60, 6191),  -- Coversyl
('PDT053', 'T122', 20, 7210),  -- Losartan
('PDT054', 'T123', 30, 1710),  -- Hapacol Blue
('PDT055', 'T124', 40, 8035),  -- Hapacol Extra
('PDT055', 'T125', 25, 4625),  -- Glucophage
('PDT056', 'T126', 50, 6357),  -- Daonil
('PDT057', 'T127', 60, 9129),  -- Insulatard
('PDT057', 'T128', 20, 10245), -- Mixtard
('PDT058', 'T129', 30, 11288), -- Humalog
('PDT059', 'T130', 40, 5955),  -- Lantus
('PDT059', 'T131', 25, 3546),  -- Aspirin PH8
('PDT060', 'T132', 50, 3196),  -- Plavix
('PDT061', 'T133', 60, 3872),  -- Lipitor
('PDT061', 'T134', 20, 1264),  -- Crestor
('PDT062', 'T135', 30, 9885),  -- Atorvastatin
('PDT063', 'T136', 40, 10349), -- Simvastatin
('PDT063', 'T137', 25, 5983),  -- Rosuvastatin
('PDT064', 'T138', 50, 10747), -- Furosemid
('PDT065', 'T139', 60, 6195),  -- Hydrochlorothiazide
('PDT065', 'T140', 20, 1617),  -- Amlor
('PDT066', 'T141', 30, 1943),  -- Nitromint
('PDT067', 'T142', 40, 11269), -- Digoxin
('PDT067', 'T143', 25, 10926), -- Lanoxin
('PDT068', 'T144', 50, 3343),  -- Euvax
('PDT069', 'T145', 60, 4291),  -- Twinrix
('PDT069', 'T146', 20, 3697),  -- Infanrix
('PDT070', 'T147', 30, 10615), -- Rotarix
('PDT071', 'T148', 40, 5997),  -- Synflorix
('PDT071', 'T149', 25, 6135),  -- Vaxigrip
('PDT072', 'T150', 50, 6476),  -- Menactra
('PDT073', 'T151', 60, 8108),  -- Pentaxim
('PDT073', 'T152', 20, 7805),  -- Meningo A+C
('PDT074', 'T153', 30, 5003),  -- BCG
('PDT075', 'T154', 40, 8694),  -- Sabin
('PDT075', 'T155', 25, 1576),  -- Varilrix
('PDT076', 'T156', 50, 3261),  -- Zentiva
('PDT077', 'T157', 60, 4796),  -- Mekophar
('PDT077', 'T158', 20, 9217),  -- Pymepharco
('PDT078', 'T159', 30, 4297),  -- DHG Pharma
('PDT079', 'T160', 40, 5060),  -- OPC
('PDT079', 'T161', 25, 9313),  -- Imexpharm
('PDT080', 'T162', 50, 4926),  -- Domesco
('PDT081', 'T163', 60, 10774), -- Bidiphar
('PDT081', 'T164', 20, 10850), -- Traphaco
('PDT082', 'T165', 30, 11252), -- Stada
('PDT083', 'T166', 40, 2143),  -- Euvipharm
('PDT083', 'T167', 25, 4090),  -- Panpharma
('PDT084', 'T168', 50, 11435), -- Sanofi
('PDT085', 'T169', 60, 7335),  -- GSK
('PDT085', 'T170', 20, 6671),  -- Roche
('PDT086', 'T171', 30, 3859),  -- Pfizer
('PDT087', 'T172', 40, 10284), -- AstraZeneca
('PDT087', 'T173', 25, 6318),  -- Moderna
('PDT088', 'T174', 50, 7754),  -- Sandoz
('PDT089', 'T175', 60, 1986),  -- Novartis
('PDT089', 'T176', 20, 10782), -- Bayer
('PDT090', 'T177', 30, 6202),  -- Abbott
('PDT091', 'T178', 40, 5547),  -- Johnson & Johnson
('PDT091', 'T179', 25, 9765),  -- Merck
('PDT092', 'T180', 50, 6770),  -- Takeda
('PDT093', 'T181', 60, 8039),  -- MSD
('PDT093', 'T182', 20, 7087),  -- Actrapid
('PDT094', 'T183', 30, 9893),  -- Augmentin
('PDT095', 'T184', 40, 12442), -- Zinnat
('PDT095', 'T185', 25, 12462), -- Rocephin
('PDT096', 'T186', 50, 1839),  -- Tavanic
('PDT097', 'T187', 60, 8042),  -- Flagyl
('PDT097', 'T188', 20, 2848),  -- Tinidazole
('PDT098', 'T189', 30, 2501),  -- Metronidazole
('PDT099', 'T190', 40, 8121),  -- Mekotricin
('PDT099', 'T191', 25, 12589), -- Nizoral
('PDT100', 'T192', 50, 2289),  -- Daktarin
('PDT101', 'T193', 60, 9821),  -- Canesten
('PDT101', 'T194', 20, 8480),  -- Mupirocin
('PDT102', 'T195', 30, 4156),  -- Tobrex
('PDT103', 'T196', 40, 10376), -- Ciloxan
('PDT103', 'T197', 25, 4609),  -- Vigadexa
('PDT104', 'T198', 50, 3531),  -- Polydexa
('PDT105', 'T199', 60, 10515), -- Sterimar
('PDT105', 'T200', 20, 11316), -- Prospan
('PDT106', 'T038', 30, 9242),  -- Ibuprofen
('PDT107', 'T039', 40, 3486),  -- Naphazoline
('PDT107', 'T040', 25, 7611),  -- Otrivin
('PDT108', 'T041', 50, 4313),  -- Xisat
('PDT109', 'T042', 60, 5289),  -- NaCl 0.9%
('PDT109', 'T043', 20, 6281),  -- Floratil
('PDT110', 'T044', 30, 10069), -- Duphaston
('PDT111', 'T045', 40, 10005), -- Cotrim
('PDT111', 'T046', 25, 12045), -- Medrol
('PDT112', 'T047', 50, 9394),  -- Bromhexin
('PDT113', 'T048', 60, 7764),  -- Tobradex
('PDT113', 'T049', 20, 4374),  -- Ofloxacin
('PDT114', 'T050', 30, 6553),  -- Tetracycline
('PDT115', 'T051', 40, 8688),  -- Neomycin
('PDT115', 'T052', 25, 8973),  -- Cephalexin
('PDT116', 'T053', 50, 10891), -- Ciprofloxacin
('PDT117', 'T054', 60, 7841),  -- Azithromycin
('PDT117', 'T055', 20, 8129),  -- Clarithromycin
('PDT118', 'T056', 30, 7969),  -- Vitamin C
('PDT119', 'T057', 40, 5389),  -- Vitamin B1
('PDT119', 'T058', 25, 7640),  -- Vitamin B6
('PDT120', 'T059', 50, 6804),  -- Vitamin B12
('PDT121', 'T060', 60, 8873),  -- Ferrovit
('PDT121', 'T061', 20, 6798),  -- Hemopoly
('PDT122', 'T062', 30, 6099),  -- Actisô
('PDT123', 'T063', 40, 3392),  -- Hemobion
('PDT123', 'T064', 25, 4330),  -- Duphavit
('PDT124', 'T065', 50, 10937), -- Elevit
('PDT125', 'T066', 60, 4746),  -- Calci D
('PDT125', 'T067', 20, 7008),  -- Osteocare
('PDT126', 'T068', 30, 9805),  -- Canxi Corbiere
('PDT127', 'T069', 40, 11819), -- D3 B12
('PDT127', 'T070', 25, 10548), -- Hydroxyzine
('PDT128', 'T071', 50, 3276),  -- Loratadin
('PDT129', 'T072', 60, 2778),  -- Cetirizin
('PDT129', 'T073', 20, 7224),  -- Alimemazin
('PDT130', 'T074', 30, 6013),  -- Prednisolon
('PDT131', 'T075', 40, 7211),  -- Hydrocortison
('PDT131', 'T076', 25, 9858),  -- Betamethason
('PDT132', 'T077', 50, 8299),  -- Bepanthen
('PDT133', 'T078', 60, 10116), -- Fucidin
('PDT133', 'T079', 20, 3027),  -- Acyclovir
('PDT134', 'T080', 30, 9275),  -- Gentamicin
('PDT135', 'T081', 40, 3896),  -- Mebendazole
('PDT135', 'T082', 25, 10197), -- Albendazole
('PDT136', 'T083', 50, 6744),  -- Pancreatin
('PDT137', 'T084', 60, 5108),  -- Maalox
('PDT137', 'T085', 20, 3097),  -- Phosphalugel
('PDT138', 'T086', 30, 4624),  -- Lansoprazole
('PDT139', 'T087', 40, 5993),  -- Esomeprazole
('PDT139', 'T088', 25, 8130),  -- Domperidon
('PDT140', 'T089', 50, 10592), -- Metoclopramid
('PDT141', 'T090', 60, 5059),  -- Cinnarizin
('PDT141', 'T091', 20, 2927),  -- Stugeron
('PDT142', 'T092', 30, 9932),  -- Piracetam
('PDT143', 'T093', 40, 5124),  -- Ginkgo Biloba
('PDT143', 'T094', 25, 4025),  -- Cebraton Plus
('PDT144', 'T095', 50, 9573),  -- Ginsenoside
('PDT145', 'T096', 60, 2436),  -- Kirkland
('PDT145', 'T097', 20, 6576),  -- Nature Made
('PDT146', 'T098', 30, 9217),  -- Blackmores
('PDT147', 'T099', 40, 8850),  -- Omega-3
('PDT147', 'T100', 25, 6161),  -- Aqua Maris
('PDT148', 'T101', 50, 11956), -- Naphasol
('PDT149', 'T102', 60, 8433),  -- Myonal
('PDT149', 'T103', 20, 5108),  -- Gaviscon
('PDT150', 'T104', 30, 1624),  -- Telfor
('PDT151', 'T105', 40, 5232),  -- Panamol
('PDT151', 'T106', 25, 6678),  -- Eugica Forte
('PDT152', 'T107', 50, 4458),  -- Naphacogyl
('PDT153', 'T108', 60, 4811),  -- Loxonin
('PDT153', 'T109', 20, 5251),  -- Aleve
('PDT154', 'T110', 30, 8204),  -- Cadigesic
('PDT155', 'T111', 40, 9573),  -- Betaserc
('PDT155', 'T112', 25, 11036), -- Bisolvon
('PDT156', 'T113', 50, 7444),  -- Aerius
('PDT157', 'T114', 60, 4136),  -- Xyzal
('PDT157', 'T115', 20, 2188),  -- Zyrtec
('PDT158', 'T116', 30, 11373), -- Cezil
('PDT159', 'T117', 40, 4362),  -- Clarityne
('PDT159', 'T118', 25, 4691),  -- Ventolin
('PDT160', 'T119', 50, 8724),  -- Salbutamol
('PDT161', 'T120', 60, 7205),  -- Amdipin
('PDT161', 'T121', 20, 6191),  -- Coversyl
('PDT162', 'T122', 30, 7210),  -- Losartan
('PDT163', 'T123', 40, 1710),  -- Hapacol Blue
('PDT163', 'T124', 25, 8035),  -- Hapacol Extra
('PDT164', 'T125', 50, 4625),  -- Glucophage
('PDT165', 'T126', 60, 6357),  -- Daonil
('PDT165', 'T127', 20, 9129),  -- Insulatard
('PDT166', 'T128', 30, 10245), -- Mixtard
('PDT167', 'T129', 40, 11288), -- Humalog
('PDT167', 'T130', 25, 5955),  -- Lantus
('PDT168', 'T131', 50, 3546),  -- Aspirin PH8
('PDT169', 'T132', 60, 3196),  -- Plavix
('PDT169', 'T133', 20, 3872),  -- Lipitor
('PDT170', 'T134', 30, 1264),  -- Crestor
('PDT171', 'T135', 40, 9885),  -- Atorvastatin
('PDT171', 'T136', 25, 10349), -- Simvastatin
('PDT172', 'T137', 50, 5983),  -- Rosuvastatin
('PDT173', 'T138', 60, 10747), -- Furosemid
('PDT173', 'T139', 20, 6195),  -- Hydrochlorothiazide
('PDT174', 'T140', 30, 1617),  -- Amlor
('PDT174', 'T141', 40, 1943),  -- Nitromint
('PDT175', 'T142', 50, 11269), -- Digoxin
('PDT175', 'T143', 25, 10926), -- Lanoxin
('PDT176', 'T144', 60, 3343),  -- Euvax
('PDT176', 'T145', 20, 4291),  -- Twinrix
('PDT177', 'T146', 30, 3697),  -- Infanrix
('PDT177', 'T147', 40, 10615), -- Rotarix
('PDT178', 'T148', 50, 5997),  -- Synflorix
('PDT178', 'T149', 25, 6135),  -- Vaxigrip
('PDT179', 'T150', 60, 6476),  -- Menactra
('PDT179', 'T151', 20, 8108),  -- Pentaxim
('PDT180', 'T152', 30, 7805),  -- Meningo A+C
('PDT181', 'T153', 40, 5003),  -- BCG
('PDT181', 'T154', 25, 8694),  -- Sabin
('PDT182', 'T155', 50, 1576),  -- Varilrix
('PDT183', 'T156', 60, 3261),  -- Zentiva
('PDT183', 'T157', 20, 4796),  -- Mekophar
('PDT184', 'T158', 30, 9217),  -- Pymepharco
('PDT185', 'T159', 40, 4297),  -- DHG Pharma
('PDT185', 'T160', 25, 5060);  -- OPC
-- END OF 11.ChiTietPhieuDatThuoc.sql --

-- START OF 12. PhieuTraThuoc.sql --
-- ======================= PhieuTraThuoc =======================
INSERT INTO dbo.PhieuTraThuoc (maPTT, maHD, maNV, maKH, ngayTra, lyDoTra)
VALUES
('PTT001', 'PBT001', 'NV001', 'KH001', '2025-03-01', N'Hết hạn sử dụng'),
('PTT002', 'PDT001', 'NV013', 'KH023', '2025-03-01', N'Sai đơn thuốc'),
('PTT003', 'PBT003', 'NV003', 'KH003', '2025-03-02', N'Khách hàng đổi ý'),
('PTT004', 'PDT003', 'NV015', 'KH025', '2025-03-02', N'Lỗi sản phẩm'),
('PTT005', 'PBT005', 'NV005', 'KH005', '2025-03-03', N'Hết hạn sử dụng'),
('PTT006', 'PDT005', 'NV017', 'KH027', '2025-03-03', N'Sai đơn thuốc'),
('PTT007', 'PBT007', 'NV007', 'KH007', '2025-03-04', N'Khách hàng đổi ý'),
('PTT008', 'PDT007', 'NV019', 'KH029', '2025-03-04', N'Lỗi sản phẩm'),
('PTT009', 'PBT009', 'NV009', 'KH009', '2025-03-05', N'Hết hạn sử dụng'),
('PTT010', 'PDT009', 'NV001', 'KH031', '2025-03-05', N'Sai đơn thuốc'),
('PTT011', 'PBT011', 'NV011', 'KH011', '2025-03-06', N'Khách hàng đổi ý'),
('PTT012', 'PDT011', 'NV003', 'KH033', '2025-03-06', N'Lỗi sản phẩm'),
('PTT013', 'PBT013', 'NV013', 'KH013', '2025-03-07', N'Hết hạn sử dụng'),
('PTT014', 'PDT013', 'NV005', 'KH035', '2025-03-07', N'Sai đơn thuốc'),
('PTT015', 'PBT015', 'NV015', 'KH015', '2025-03-08', N'Khách hàng đổi ý'),
('PTT016', 'PDT015', 'NV007', 'KH037', '2025-03-08', N'Lỗi sản phẩm'),
('PTT017', 'PBT017', 'NV017', 'KH017', '2025-03-09', N'Hết hạn sử dụng'),
('PTT018', 'PDT017', 'NV009', 'KH039', '2025-03-09', N'Sai đơn thuốc'),
('PTT019', 'PBT019', 'NV019', 'KH019', '2025-03-10', N'Khách hàng đổi ý'),
('PTT020', 'PDT019', 'NV011', 'KH041', '2025-03-10', N'Lỗi sản phẩm'),
('PTT021', 'PBT021', 'NV001', 'KH021', '2025-03-11', N'Hết hạn sử dụng'),
('PTT022', 'PDT021', 'NV013', 'KH043', '2025-03-11', N'Sai đơn thuốc'),
('PTT023', 'PBT023', 'NV003', 'KH023', '2025-03-12', N'Khách hàng đổi ý'),
('PTT024', 'PDT023', 'NV015', 'KH045', '2025-03-12', N'Lỗi sản phẩm'),
('PTT025', 'PBT025', 'NV005', 'KH025', '2025-03-13', N'Hết hạn sử dụng'),
('PTT026', 'PDT025', 'NV017', 'KH047', '2025-03-13', N'Sai đơn thuốc'),
('PTT027', 'PBT027', 'NV007', 'KH027', '2025-03-14', N'Khách hàng đổi ý'),
('PTT028', 'PDT027', 'NV019', 'KH049', '2025-03-14', N'Lỗi sản phẩm'),
('PTT029', 'PBT029', 'NV009', 'KH029', '2025-03-15', N'Hết hạn sử dụng'),
('PTT030', 'PDT029', 'NV001', 'KH001', '2025-03-15', N'Sai đơn thuốc'),
('PTT031', 'PBT031', 'NV011', 'KH031', '2025-03-16', N'Khách hàng đổi ý'),
('PTT032', 'PDT031', 'NV003', 'KH003', '2025-03-16', N'Lỗi sản phẩm'),
('PTT033', 'PBT033', 'NV013', 'KH033', '2025-03-17', N'Hết hạn sử dụng'),
('PTT034', 'PDT033', 'NV005', 'KH005', '2025-03-17', N'Sai đơn thuốc'),
('PTT035', 'PBT035', 'NV015', 'KH035', '2025-03-18', N'Khách hàng đổi ý'),
('PTT036', 'PDT035', 'NV007', 'KH007', '2025-03-18', N'Lỗi sản phẩm'),
('PTT037', 'PBT037', 'NV017', 'KH037', '2025-03-19', N'Hết hạn sử dụng'),
('PTT038', 'PDT037', 'NV009', 'KH009', '2025-03-19', N'Sai đơn thuốc'),
('PTT039', 'PBT039', 'NV019', 'KH039', '2025-03-20', N'Khách hàng đổi ý'),
('PTT040', 'PDT039', 'NV011', 'KH011', '2025-03-20', N'Lỗi sản phẩm'),
('PTT041', 'PBT041', 'NV001', 'KH041', '2025-03-21', N'Hết hạn sử dụng'),
('PTT042', 'PDT041', 'NV013', 'KH013', '2025-03-21', N'Sai đơn thuốc'),
('PTT043', 'PBT043', 'NV003', 'KH043', '2025-03-22', N'Khách hàng đổi ý'),
('PTT044', 'PDT043', 'NV015', 'KH015', '2025-03-22', N'Lỗi sản phẩm'),
('PTT045', 'PBT045', 'NV005', 'KH045', '2025-03-23', N'Hết hạn sử dụng'),
('PTT046', 'PDT045', 'NV017', 'KH017', '2025-03-23', N'Sai đơn thuốc'),
('PTT047', 'PBT047', 'NV007', 'KH047', '2025-03-24', N'Khách hàng đổi ý'),
('PTT048', 'PDT047', 'NV019', 'KH019', '2025-03-24', N'Lỗi sản phẩm'),
('PTT049', 'PBT049', 'NV009', 'KH049', '2025-03-25', N'Hết hạn sử dụng'),
('PTT050', 'PDT049', 'NV001', 'KH021', '2025-03-25', N'Sai đơn thuốc'),
('PTT051', 'PBT051', 'NV011', 'KH001', '2025-03-26', N'Khách hàng đổi ý'),
('PTT052', 'PDT051', 'NV003', 'KH023', '2025-03-26', N'Lỗi sản phẩm'),
('PTT053', 'PBT053', 'NV013', 'KH003', '2025-03-27', N'Hết hạn sử dụng'),
('PTT054', 'PDT053', 'NV005', 'KH025', '2025-03-27', N'Sai đơn thuốc'),
('PTT055', 'PBT055', 'NV015', 'KH005', '2025-03-28', N'Khách hàng đổi ý'),
('PTT056', 'PDT055', 'NV007', 'KH027', '2025-03-28', N'Lỗi sản phẩm'),
('PTT057', 'PBT057', 'NV017', 'KH007', '2025-03-29', N'Hết hạn sử dụng'),
('PTT058', 'PDT057', 'NV009', 'KH029', '2025-03-29', N'Sai đơn thuốc'),
('PTT059', 'PBT059', 'NV019', 'KH009', '2025-03-30', N'Khách hàng đổi ý'),
('PTT060', 'PDT059', 'NV011', 'KH031', '2025-03-30', N'Lỗi sản phẩm'),
('PTT061', 'PBT061', 'NV001', 'KH011', '2025-03-31', N'Hết hạn sử dụng'),
('PTT062', 'PDT061', 'NV013', 'KH033', '2025-03-31', N'Sai đơn thuốc'),
('PTT063', 'PBT063', 'NV003', 'KH013', '2025-04-01', N'Khách hàng đổi ý'),
('PTT064', 'PDT063', 'NV015', 'KH035', '2025-04-01', N'Lỗi sản phẩm'),
('PTT065', 'PBT065', 'NV005', 'KH015', '2025-04-02', N'Hết hạn sử dụng'),
('PTT066', 'PDT065', 'NV017', 'KH037', '2025-04-02', N'Sai đơn thuốc'),
('PTT067', 'PBT067', 'NV007', 'KH017', '2025-04-03', N'Khách hàng đổi ý'),
('PTT068', 'PDT067', 'NV019', 'KH039', '2025-04-03', N'Lỗi sản phẩm'),
('PTT069', 'PBT069', 'NV009', 'KH019', '2025-04-04', N'Hết hạn sử dụng'),
('PTT070', 'PDT069', 'NV001', 'KH041', '2025-04-04', N'Sai đơn thuốc'),
('PTT071', 'PBT071', 'NV011', 'KH021', '2025-04-05', N'Khách hàng đổi ý'),
('PTT072', 'PDT071', 'NV003', 'KH043', '2025-04-05', N'Lỗi sản phẩm'),
('PTT073', 'PBT073', 'NV013', 'KH023', '2025-04-06', N'Hết hạn sử dụng'),
('PTT074', 'PDT073', 'NV005', 'KH045', '2025-04-06', N'Sai đơn thuốc'),
('PTT075', 'PBT075', 'NV015', 'KH025', '2025-04-07', N'Khách hàng đổi ý'),
('PTT076', 'PDT075', 'NV007', 'KH047', '2025-04-07', N'Lỗi sản phẩm'),
('PTT077', 'PBT077', 'NV017', 'KH027', '2025-04-08', N'Hết hạn sử dụng'),
('PTT078', 'PDT077', 'NV009', 'KH049', '2025-04-08', N'Sai đơn thuốc'),
('PTT079', 'PBT079', 'NV019', 'KH029', '2025-04-09', N'Khách hàng đổi ý'),
('PTT080', 'PDT079', 'NV011', 'KH001', '2025-04-09', N'Lỗi sản phẩm'),
('PTT081', 'PBT081', 'NV001', 'KH031', '2025-04-10', N'Hết hạn sử dụng'),
('PTT082', 'PDT081', 'NV013', 'KH003', '2025-04-10', N'Sai đơn thuốc'),
('PTT083', 'PBT083', 'NV003', 'KH033', '2025-04-11', N'Khách hàng đổi ý'),
('PTT084', 'PDT083', 'NV015', 'KH005', '2025-04-11', N'Lỗi sản phẩm'),
('PTT085', 'PBT085', 'NV005', 'KH035', '2025-04-12', N'Hết hạn sử dụng'),
('PTT086', 'PDT085', 'NV017', 'KH007', '2025-04-12', N'Sai đơn thuốc'),
('PTT087', 'PBT087', 'NV007', 'KH037', '2025-04-13', N'Khách hàng đổi ý'),
('PTT088', 'PDT087', 'NV019', 'KH009', '2025-04-13', N'Lỗi sản phẩm'),
('PTT089', 'PBT089', 'NV009', 'KH039', '2025-04-14', N'Hết hạn sử dụng'),
('PTT090', 'PDT089', 'NV001', 'KH011', '2025-04-14', N'Sai đơn thuốc'),
('PTT091', 'PBT091', 'NV011', 'KH041', '2025-04-15', N'Khách hàng đổi ý'),
('PTT092', 'PDT091', 'NV003', 'KH013', '2025-04-15', N'Lỗi sản phẩm'),
('PTT093', 'PBT093', 'NV013', 'KH043', '2025-04-16', N'Hết hạn sử dụng'),
('PTT094', 'PDT093', 'NV005', 'KH015', '2025-04-16', N'Sai đơn thuốc'),
('PTT095', 'PBT095', 'NV015', 'KH045', '2025-04-17', N'Khách hàng đổi ý'),
('PTT096', 'PDT095', 'NV007', 'KH017', '2025-04-17', N'Lỗi sản phẩm'),
('PTT097', 'PBT097', 'NV017', 'KH047', '2025-04-18', N'Hết hạn sử dụng'),
('PTT098', 'PDT097', 'NV009', 'KH019', '2025-04-18', N'Sai đơn thuốc'),
('PTT099', 'PBT099', 'NV019', 'KH049', '2025-04-19', N'Khách hàng đổi ý'),
('PTT100', 'PDT099', 'NV011', 'KH021', '2025-04-19', N'Lỗi sản phẩm'),
('PTT101', 'PBT101', 'NV001', 'KH001', '2025-04-20', N'Hết hạn sử dụng'),
('PTT102', 'PDT101', 'NV013', 'KH023', '2025-04-20', N'Sai đơn thuốc'),
('PTT103', 'PBT103', 'NV003', 'KH003', '2025-04-21', N'Khách hàng đổi ý'),
('PTT104', 'PDT103', 'NV015', 'KH025', '2025-04-21', N'Lỗi sản phẩm'),
('PTT105', 'PBT105', 'NV005', 'KH005', '2025-04-22', N'Hết hạn sử dụng'),
('PTT106', 'PDT105', 'NV017', 'KH027', '2025-04-22', N'Sai đơn thuốc'),
('PTT107', 'PBT107', 'NV007', 'KH007', '2025-04-23', N'Khách hàng đổi ý'),
('PTT108', 'PDT107', 'NV019', 'KH029', '2025-04-23', N'Lỗi sản phẩm'),
('PTT109', 'PBT109', 'NV009', 'KH009', '2025-04-24', N'Hết hạn sử dụng'),
('PTT110', 'PDT109', 'NV001', 'KH031', '2025-04-24', N'Sai đơn thuốc'),
('PTT111', 'PBT111', 'NV011', 'KH011', '2025-04-25', N'Khách hàng đổi ý'),
('PTT112', 'PDT111', 'NV003', 'KH033', '2025-04-25', N'Lỗi sản phẩm'),
('PTT113', 'PBT113', 'NV013', 'KH013', '2025-04-26', N'Hết hạn sử dụng'),
('PTT114', 'PDT113', 'NV005', 'KH035', '2025-04-26', N'Sai đơn thuốc'),
('PTT115', 'PBT115', 'NV015', 'KH015', '2025-04-27', N'Khách hàng đổi ý'),
('PTT116', 'PDT115', 'NV007', 'KH037', '2025-04-27', N'Lỗi sản phẩm'),
('PTT117', 'PBT117', 'NV017', 'KH017', '2025-04-28', N'Hết hạn sử dụng'),
('PTT118', 'PDT117', 'NV009', 'KH039', '2025-04-28', N'Sai đơn thuốc'),
('PTT119', 'PBT119', 'NV019', 'KH019', '2025-04-29', N'Khách hàng đổi ý'),
('PTT120', 'PDT119', 'NV011', 'KH041', '2025-04-29', N'Lỗi sản phẩm'),
('PTT121', 'PBT121', 'NV001', 'KH021', '2025-04-30', N'Hết hạn sử dụng'),
('PTT122', 'PDT121', 'NV013', 'KH043', '2025-04-30', N'Sai đơn thuốc'),
('PTT123', 'PBT123', 'NV003', 'KH023', '2025-05-01', N'Khách hàng đổi ý'),
('PTT124', 'PDT123', 'NV015', 'KH045', '2025-05-01', N'Lỗi sản phẩm'),
('PTT125', 'PBT125', 'NV005', 'KH025', '2025-05-02', N'Hết hạn sử dụng'),
('PTT126', 'PDT125', 'NV017', 'KH047', '2025-05-02', N'Sai đơn thuốc'),
('PTT127', 'PBT127', 'NV007', 'KH027', '2025-05-03', N'Khách hàng đổi ý'),
('PTT128', 'PDT127', 'NV019', 'KH049', '2025-05-03', N'Lỗi sản phẩm'),
('PTT129', 'PBT129', 'NV009', 'KH029', '2025-05-04', N'Hết hạn sử dụng'),
('PTT130', 'PDT129', 'NV001', 'KH001', '2025-05-04', N'Sai đơn thuốc'),
('PTT131', 'PBT131', 'NV011', 'KH031', '2025-05-05', N'Khách hàng đổi ý'),
('PTT132', 'PDT131', 'NV003', 'KH003', '2025-05-05', N'Lỗi sản phẩm'),
('PTT133', 'PBT133', 'NV013', 'KH033', '2025-05-06', N'Hết hạn sử dụng'),
('PTT134', 'PDT133', 'NV005', 'KH005', '2025-05-06', N'Sai đơn thuốc'),
('PTT135', 'PBT135', 'NV015', 'KH035', '2025-05-07', N'Khách hàng đổi ý'),
('PTT136', 'PDT135', 'NV007', 'KH007', '2025-05-07', N'Lỗi sản phẩm'),
('PTT137', 'PBT137', 'NV017', 'KH037', '2025-05-08', N'Hết hạn sử dụng'),
('PTT138', 'PDT137', 'NV009', 'KH009', '2025-05-08', N'Sai đơn thuốc'),
('PTT139', 'PBT139', 'NV019', 'KH039', '2025-05-09', N'Khách hàng đổi ý'),
('PTT140', 'PDT139', 'NV011', 'KH011', '2025-05-09', N'Lỗi sản phẩm'),
('PTT141', 'PBT141', 'NV001', 'KH041', '2025-05-10', N'Hết hạn sử dụng'),
('PTT142', 'PDT141', 'NV013', 'KH013', '2025-05-10', N'Sai đơn thuốc'),
('PTT143', 'PBT143', 'NV003', 'KH043', '2025-05-11', N'Khách hàng đổi ý'),
('PTT144', 'PDT143', 'NV015', 'KH015', '2025-05-11', N'Lỗi sản phẩm'),
('PTT145', 'PBT145', 'NV005', 'KH045', '2025-05-12', N'Hết hạn sử dụng'),
('PTT146', 'PDT145', 'NV017', 'KH017', '2025-05-12', N'Sai đơn thuốc'),
('PTT147', 'PBT147', 'NV007', 'KH047', '2025-05-13', N'Khách hàng đổi ý'),
('PTT148', 'PDT147', 'NV019', 'KH019', '2025-05-13', N'Lỗi sản phẩm'),
('PTT149', 'PBT149', 'NV009', 'KH049', '2025-05-14', N'Hết hạn sử dụng'),
('PTT150', 'PDT001', 'NV013', 'KH023', '2025-05-14', N'Sai đơn thuốc'),
('PTT151', 'PBT151', 'NV011', 'KH001', '2025-05-15', N'Khách hàng đổi ý'),
('PTT152', 'PDT003', 'NV015', 'KH025', '2025-05-15', N'Lỗi sản phẩm'),
('PTT153', 'PBT153', 'NV013', 'KH003', '2025-05-16', N'Hết hạn sử dụng'),
('PTT154', 'PDT005', 'NV017', 'KH027', '2025-05-16', N'Sai đơn thuốc'),
('PTT155', 'PBT155', 'NV015', 'KH005', '2025-05-17', N'Khách hàng đổi ý'),
('PTT156', 'PDT007', 'NV019', 'KH029', '2025-05-17', N'Lỗi sản phẩm'),
('PTT157', 'PBT157', 'NV017', 'KH007', '2025-05-18', N'Hết hạn sử dụng'),
('PTT158', 'PDT009', 'NV001', 'KH031', '2025-05-18', N'Sai đơn thuốc'),
('PTT159', 'PBT159', 'NV019', 'KH009', '2025-05-19', N'Khách hàng đổi ý'),
('PTT160', 'PDT011', 'NV003', 'KH033', '2025-05-19', N'Lỗi sản phẩm'),
('PTT161', 'PBT161', 'NV001', 'KH011', '2025-05-20', N'Hết hạn sử dụng'),
('PTT162', 'PDT013', 'NV005', 'KH035', '2025-05-20', N'Sai đơn thuốc'),
('PTT163', 'PBT163', 'NV003', 'KH013', '2025-05-21', N'Khách hàng đổi ý'),
('PTT164', 'PDT015', 'NV007', 'KH037', '2025-05-21', N'Lỗi sản phẩm'),
('PTT165', 'PBT165', 'NV005', 'KH015', '2025-05-22', N'Hết hạn sử dụng'),
('PTT166', 'PDT017', 'NV009', 'KH039', '2025-05-22', N'Sai đơn thuốc'),
('PTT167', 'PBT167', 'NV007', 'KH017', '2025-05-23', N'Khách hàng đổi ý'),
('PTT168', 'PDT019', 'NV011', 'KH041', '2025-05-23', N'Lỗi sản phẩm'),
('PTT169', 'PBT169', 'NV009', 'KH019', '2025-05-24', N'Hết hạn sử dụng'),
('PTT170', 'PDT021', 'NV013', 'KH043', '2025-05-24', N'Sai đơn thuốc'),
('PTT171', 'PBT171', 'NV011', 'KH021', '2025-05-25', N'Khách hàng đổi ý'),
('PTT172', 'PDT023', 'NV015', 'KH045', '2025-05-25', N'Lỗi sản phẩm'),
('PTT173', 'PBT173', 'NV013', 'KH023', '2025-05-26', N'Hết hạn sử dụng'),
('PTT174', 'PDT025', 'NV017', 'KH047', '2025-05-26', N'Sai đơn thuốc'),
('PTT175', 'PBT175', 'NV015', 'KH024', '2025-05-27', N'Khách hàng đổi ý'),
('PTT176', 'PDT027', 'NV019', 'KH049', '2025-05-27', N'Lỗi sản phẩm'),
('PTT177', 'PBT177', 'NV017', 'KHVL', '2025-05-28', N'Hết hạn sử dụng'),
('PTT178', 'PDT029', 'NV001', 'KH001', '2025-05-28', N'Sai đơn thuốc'),
('PTT179', 'PBT179', 'NV019', 'KH027', '2025-05-29', N'Khách hàng đổi ý'),
('PTT180', 'PDT031', 'NV003', 'KH003', '2025-05-29', N'Lỗi sản phẩm'),
('PTT181', 'PBT181', 'NV006', 'KH028', '2025-05-30', N'Hết hạn sử dụng'),
('PTT182', 'PDT033', 'NV005', 'KH005', '2025-05-30', N'Sai đơn thuốc'),
('PTT183', 'PBT183', 'NV008', 'KH030', '2025-05-31', N'Khách hàng đổi ý'),
('PTT184', 'PDT035', 'NV007', 'KH007', '2025-05-31', N'Lỗi sản phẩm');
-- END OF 12.PhieuTraThuoc.sql --

-- START OF 13. ChiTietPhieuTraThuoc.sql --
-- ======================= ChiTietPhieuTraThuoc =======================
INSERT INTO dbo.ChiTietPhieuTraThuoc (maPTT, maThuoc, soLuong, donGiaBan)
VALUES
('PTT001', 'T038', 20, 9242),
('PTT002', 'T082', 31, 10197),
('PTT003', 'T043', 35, 6281),
('PTT004', 'T041', 30, 4313),
('PTT005', 'T048', 25, 7764),
('PTT006', 'T046', 20, 12045),
('PTT007', 'T052', 20, 8973),
('PTT008', 'T050', 30, 6553),
('PTT009', 'T056', 20, 7969),
('PTT010', 'T053', 30, 10891),
('PTT011', 'T060', 20, 8873),
('PTT012', 'T057', 30, 5389),
('PTT013', 'T064', 45, 4330),
('PTT014', 'T061', 30, 6798),
('PTT015', 'T067', 20, 7008),
('PTT016', 'T065', 25, 10937),
('PTT017', 'T070', 20, 10548),
('PTT018', 'T067', 30, 7008),
('PTT019', 'T074', 18, 6013),
('PTT020', 'T070', 25, 10548),
('PTT021', 'T078', 15, 10116),
('PTT022', 'T073', 30, 7224),
('PTT023', 'T081', 18, 6013),
('PTT024', 'T076', 25, 9858),
('PTT025', 'T085', 30, 3097),
('PTT026', 'T079', 30, 3027),
('PTT027', 'T088', 25, 8130),
('PTT028', 'T082', 25, 10197),
('PTT029', 'T092', 15, 9932),
('PTT030', 'T085', 30, 3097),
('PTT031', 'T096', 20, 2436),
('PTT032', 'T088', 25, 8130),
('PTT033', 'T099', 15, 8850),
('PTT034', 'T091', 40, 2927),
('PTT035', 'T102', 18, 8433),
('PTT036', 'T094', 25, 4025),
('PTT037', 'T106', 20, 6678),
('PTT038', 'T097', 25, 6576),
('PTT039', 'T110', 15, 8204),
('PTT040', 'T100', 25, 6161),
('PTT041', 'T113', 20, 7444),
('PTT042', 'T103', 40, 5108),
('PTT043', 'T117', 18, 4362),
('PTT044', 'T106', 20, 6678),
('PTT045', 'T120', 18, 7205),
('PTT046', 'T109', 25, 5251),
('PTT047', 'T123', 50, 1710),
('PTT048', 'T112', 18, 11036),
('PTT049', 'T127', 30, 9129),
('PTT050', 'T115', 40, 2188),
('PTT051', 'T130', 20, 5955),
('PTT052', 'T118', 25, 4691),
('PTT053', 'T134', 30, 1264),
('PTT054', 'T121', 25, 6191),
('PTT055', 'T137', 25, 5983),
('PTT056', 'T124', 20, 8035),
('PTT057', 'T140', 18, 1617),
('PTT058', 'T127', 25, 9129),
('PTT059', 'T143', 12, 10926),
('PTT060', 'T130', 22, 5955),
('PTT061', 'T147', 18, 10615),
('PTT062', 'T133', 20, 3872),
('PTT063', 'T150', 20, 6476),
('PTT064', 'T136', 25, 10349),
('PTT065', 'T153', 25, 5003),
('PTT066', 'T139', 25, 6195),
('PTT067', 'T157', 30, 4796),
('PTT068', 'T142', 25, 11269),
('PTT069', 'T160', 20, 5060),
('PTT070', 'T145', 25, 4291),
('PTT071', 'T163', 25, 10774),
('PTT072', 'T148', 25, 5997),
('PTT073', 'T166', 30, 2143),
('PTT074', 'T151', 25, 8108),
('PTT075', 'T169', 30, 7335),
('PTT076', 'T154', 25, 8694),
('PTT077', 'T173', 30, 6318),
('PTT078', 'T157', 25, 4796),
('PTT079', 'T176', 24, 10782),
('PTT080', 'T160', 25, 5060),
('PTT081', 'T179', 15, 9765),
('PTT082', 'T163', 25, 10774),
('PTT083', 'T182', 35, 7087),
('PTT084', 'T166', 25, 2143),
('PTT085', 'T185', 15, 12462),
('PTT086', 'T169', 25, 7335),
('PTT087', 'T188', 18, 2848),
('PTT088', 'T172', 25, 10284),
('PTT089', 'T191', 18, 12589),
('PTT090', 'T175', 30, 1986),
('PTT091', 'T194', 18, 8480),
('PTT092', 'T178', 25, 5547),
('PTT093', 'T197', 25, 4609),
('PTT094', 'T181', 25, 8039),
('PTT095', 'T200', 24, 11316),
('PTT096', 'T184', 24, 12442),
('PTT097', 'T040', 18, 7611),
('PTT098', 'T097', 25, 6576),
('PTT099', 'T043', 20, 6281),
('PTT100', 'T190', 24, 8121),
('PTT101', 'T046', 21, 12045),
('PTT102', 'T193', 25, 9821),
('PTT103', 'T048', 15, 7764),
('PTT104', 'T196', 25, 10376),
('PTT105', 'T051', 24, 8688),
('PTT106', 'T199', 25, 10515),
('PTT107', 'T054', 20, 7841),
('PTT108', 'T039', 25, 3486),
('PTT109', 'T057', 21, 5389),
('PTT110', 'T042', 25, 5289),
('PTT111', 'T060', 12, 8873),
('PTT112', 'T045', 25, 10005),
('PTT113', 'T063', 15, 3392),
('PTT114', 'T047', 25, 9394),
('PTT115', 'T065', 24, 10937),
('PTT116', 'T081', 25, 3896),
('PTT117', 'T068', 15, 9805),
('PTT118', 'T054', 25, 7841),
('PTT119', 'T071', 26, 3276),
('PTT120', 'T057', 25, 5389),
('PTT121', 'T074', 18, 6013),
('PTT122', 'T060', 25, 8873),
('PTT123', 'T077', 21, 8299),
('PTT124', 'T063', 25, 3392),
('PTT125', 'T080', 18, 9275),
('PTT126', 'T066', 25, 4746),
('PTT127', 'T082', 18, 10197),
('PTT128', 'T069', 25, 11819),
('PTT129', 'T086', 24, 4624),
('PTT130', 'T072', 36, 2778),
('PTT131', 'T089', 18, 10592),
('PTT132', 'T075', 25, 7211),
('PTT133', 'T092', 18, 9932),
('PTT134', 'T078', 25, 10116),
('PTT135', 'T095', 21, 9573),
('PTT136', 'T081', 25, 3896),
('PTT137', 'T098', 24, 9217),
('PTT138', 'T084', 36, 5108),
('PTT139', 'T101', 21, 11956),
('PTT140', 'T087', 25, 5993),
('PTT141', 'T104', 20, 1624),
('PTT142', 'T090', 25, 5059),
('PTT143', 'T107', 27, 4458),
('PTT144', 'T093', 25, 5124),
('PTT145', 'T110', 18, 8204),
('PTT146', 'T096', 25, 2436),
('PTT147', 'T113', 21, 7444),
('PTT148', 'T099', 25, 8850),
('PTT149', 'T116', 16, 11373),
('PTT150', 'T082', 31, 10197),
('PTT151', 'T119', 21, 8724),
('PTT152', 'T041', 30, 4313),
('PTT153', 'T122', 18, 7210),
('PTT154', 'T046', 20, 12045),
('PTT155', 'T125', 27, 4625),
('PTT156', 'T050', 30, 6553),
('PTT157', 'T128', 15, 10245),
('PTT158', 'T053', 30, 10891),
('PTT159', 'T131', 25, 3546),
('PTT160', 'T057', 30, 5389),
('PTT161', 'T134', 24, 1264),
('PTT162', 'T061', 30, 6798),
('PTT163', 'T137', 27, 5983),
('PTT164', 'T065', 25, 10937),
('PTT165', 'T140', 30, 1617),
('PTT166', 'T067', 30, 7008),
('PTT167', 'T143', 18, 10926),
('PTT168', 'T070', 25, 10548),
('PTT169', 'T146', 18, 3697),
('PTT170', 'T073', 30, 7224),
('PTT171', 'T149', 21, 6135),
('PTT172', 'T076', 25, 9858),
('PTT173', 'T152', 12, 7805),
('PTT174', 'T079', 30, 3027),
('PTT175', 'T156', 12, 3261),
('PTT176', 'T082', 25, 10197),
('PTT177', 'T160', 12, 5060),
('PTT178', 'T085', 30, 3097),
('PTT179', 'T163', 6, 10774),
('PTT180', 'T088', 25, 8130),
('PTT181', 'T165', 12, 11252),
('PTT182', 'T091', 40, 2927),
('PTT183', 'T168', 9, 11435),
('PTT184', 'T094', 25, 4025);
-- END OF 13.ChiTietPhieuTraThuoc.sql --

-- START OF 14. PhieuTraNhapThuoc.sql --
-- ======================= PhieuTraNhapThuoc =======================
INSERT INTO dbo.PhieuTraNhapThuoc (maTNT, maPNT, maNV, maNCC, ngayTra, lyDoTra)
VALUES
('TNT001', 'PNT001', 'NV001', 'NCC001', '2025-01-01', N'Hết hạn sử dụng'),
('TNT002', 'PNT002', 'NV002', 'NCC002', '2025-01-02', N'Lỗi sản phẩm'),
('TNT003', 'PNT003', 'NV003', 'NCC003', '2025-01-03', N'Sai đơn hàng'),
('TNT004', 'PNT004', 'NV004', 'NCC004', '2025-01-04', N'Thuốc dư thừa'),
('TNT005', 'PNT005', 'NV005', 'NCC005', '2025-01-05', N'Hết hạn sử dụng'),
('TNT006', 'PNT006', 'NV006', 'NCC006', '2025-01-06', N'Lỗi sản phẩm'),
('TNT007', 'PNT007', 'NV007', 'NCC007', '2025-01-07', N'Sai đơn hàng'),
('TNT008', 'PNT008', 'NV008', 'NCC008', '2025-01-08', N'Thuốc dư thừa'),
('TNT009', 'PNT009', 'NV009', 'NCC009', '2025-01-09', N'Hết hạn sử dụng'),
('TNT010', 'PNT010', 'NV010', 'NCC010', '2025-01-10', N'Lỗi sản phẩm'),
('TNT011', 'PNT011', 'NV011', 'NCC011', '2025-01-11', N'Sai đơn hàng'),
('TNT012', 'PNT012', 'NV012', 'NCC012', '2025-01-12', N'Thuốc dư thừa'),
('TNT013', 'PNT013', 'NV013', 'NCC013', '2025-01-13', N'Hết hạn sử dụng'),
('TNT014', 'PNT014', 'NV014', 'NCC014', '2025-01-14', N'Lỗi sản phẩm'),
('TNT015', 'PNT015', 'NV015', 'NCC015', '2025-01-15', N'Sai đơn hàng'),
('TNT016', 'PNT016', 'NV016', 'NCC016', '2025-01-16', N'Thuốc dư thừa'),
('TNT017', 'PNT017', 'NV017', 'NCC017', '2025-01-17', N'Hết hạn sử dụng'),
('TNT018', 'PNT018', 'NV018', 'NCC018', '2025-01-18', N'Lỗi sản phẩm'),
('TNT019', 'PNT019', 'NV019', 'NCC019', '2025-01-19', N'Sai đơn hàng'),
('TNT020', 'PNT020', 'NV020', 'NCC020', '2025-01-20', N'Thuốc dư thừa'),
('TNT021', 'PNT021', 'NV001', 'NCC021', '2025-01-21', N'Hết hạn sử dụng'),
('TNT022', 'PNT022', 'NV002', 'NCC022', '2025-01-22', N'Lỗi sản phẩm'),
('TNT023', 'PNT023', 'NV003', 'NCC023', '2025-01-23', N'Sai đơn hàng'),
('TNT024', 'PNT024', 'NV004', 'NCC024', '2025-01-24', N'Thuốc dư thừa'),
('TNT025', 'PNT025', 'NV005', 'NCC025', '2025-01-25', N'Hết hạn sử dụng'),
('TNT026', 'PNT026', 'NV006', 'NCC026', '2025-01-26', N'Lỗi sản phẩm'),
('TNT027', 'PNT027', 'NV007', 'NCC027', '2025-01-27', N'Sai đơn hàng'),
('TNT028', 'PNT028', 'NV008', 'NCC028', '2025-01-28', N'Thuốc dư thừa'),
('TNT029', 'PNT029', 'NV009', 'NCC029', '2025-01-29', N'Hết hạn sử dụng'),
('TNT030', 'PNT030', 'NV010', 'NCC030', '2025-01-30', N'Lỗi sản phẩm'),
('TNT031', 'PNT031', 'NV011', 'NCC001', '2025-01-31', N'Sai đơn hàng'),
('TNT032', 'PNT032', 'NV012', 'NCC002', '2025-02-01', N'Thuốc dư thừa'),
('TNT033', 'PNT033', 'NV013', 'NCC003', '2025-02-02', N'Hết hạn sử dụng'),
('TNT034', 'PNT034', 'NV014', 'NCC004', '2025-02-03', N'Lỗi sản phẩm'),
('TNT035', 'PNT035', 'NV015', 'NCC005', '2025-02-04', N'Sai đơn hàng'),
('TNT036', 'PNT036', 'NV016', 'NCC006', '2025-02-05', N'Thuốc dư thừa'),
('TNT037', 'PNT037', 'NV017', 'NCC007', '2025-02-06', N'Hết hạn sử dụng'),
('TNT038', 'PNT038', 'NV018', 'NCC008', '2025-02-07', N'Lỗi sản phẩm'),
('TNT039', 'PNT039', 'NV019', 'NCC009', '2025-02-08', N'Sai đơn hàng'),
('TNT040', 'PNT040', 'NV020', 'NCC010', '2025-02-09', N'Thuốc dư thừa'),
('TNT041', 'PNT041', 'NV001', 'NCC011', '2025-02-10', N'Hết hạn sử dụng'),
('TNT042', 'PNT042', 'NV002', 'NCC012', '2025-02-11', N'Lỗi sản phẩm'),
('TNT043', 'PNT043', 'NV003', 'NCC013', '2025-02-12', N'Sai đơn hàng'),
('TNT044', 'PNT044', 'NV004', 'NCC014', '2025-02-13', N'Thuốc dư thừa'),
('TNT045', 'PNT045', 'NV005', 'NCC015', '2025-02-14', N'Hết hạn sử dụng'),
('TNT046', 'PNT046', 'NV006', 'NCC016', '2025-02-15', N'Lỗi sản phẩm'),
('TNT047', 'PNT047', 'NV007', 'NCC017', '2025-02-16', N'Sai đơn hàng'),
('TNT048', 'PNT048', 'NV008', 'NCC018', '2025-02-17', N'Thuốc dư thừa'),
('TNT049', 'PNT049', 'NV009', 'NCC019', '2025-02-18', N'Hết hạn sử dụng'),
('TNT050', 'PNT050', 'NV010', 'NCC020', '2025-02-19', N'Lỗi sản phẩm'),
('TNT051', 'PNT001', 'NV001', 'NCC001', '2025-02-20', N'Sai đơn hàng'),
('TNT052', 'PNT002', 'NV002', 'NCC002', '2025-02-21', N'Thuốc dư thừa'),
('TNT053', 'PNT003', 'NV003', 'NCC003', '2025-02-22', N'Hết hạn sử dụng'),
('TNT054', 'PNT004', 'NV004', 'NCC004', '2025-02-23', N'Lỗi sản phẩm'),
('TNT055', 'PNT005', 'NV005', 'NCC005', '2025-02-24', N'Sai đơn hàng'),
('TNT056', 'PNT006', 'NV006', 'NCC006', '2025-02-25', N'Thuốc dư thừa'),
('TNT057', 'PNT007', 'NV007', 'NCC007', '2025-02-26', N'Hết hạn sử dụng'),
('TNT058', 'PNT008', 'NV008', 'NCC008', '2025-02-27', N'Lỗi sản phẩm'),
('TNT059', 'PNT009', 'NV009', 'NCC009', '2025-02-28', N'Sai đơn hàng'),
('TNT060', 'PNT010', 'NV010', 'NCC010', '2025-03-01', N'Thuốc dư thừa'),
('TNT061', 'PNT011', 'NV011', 'NCC011', '2025-03-02', N'Hết hạn sử dụng'),
('TNT062', 'PNT012', 'NV012', 'NCC012', '2025-03-03', N'Lỗi sản phẩm'),
('TNT063', 'PNT013', 'NV013', 'NCC013', '2025-03-04', N'Sai đơn hàng'),
('TNT064', 'PNT014', 'NV014', 'NCC014', '2025-03-05', N'Thuốc dư thừa'),
('TNT065', 'PNT015', 'NV015', 'NCC015', '2025-03-06', N'Hết hạn sử dụng'),
('TNT066', 'PNT016', 'NV016', 'NCC016', '2025-03-07', N'Lỗi sản phẩm'),
('TNT067', 'PNT017', 'NV017', 'NCC017', '2025-03-08', N'Sai đơn hàng'),
('TNT068', 'PNT018', 'NV018', 'NCC018', '2025-03-09', N'Thuốc dư thừa'),
('TNT069', 'PNT019', 'NV019', 'NCC019', '2025-03-10', N'Hết hạn sử dụng'),
('TNT070', 'PNT020', 'NV020', 'NCC020', '2025-03-11', N'Lỗi sản phẩm'),
('TNT071', 'PNT021', 'NV001', 'NCC021', '2025-03-12', N'Sai đơn hàng'),
('TNT072', 'PNT022', 'NV002', 'NCC022', '2025-03-13', N'Thuốc dư thừa'),
('TNT073', 'PNT023', 'NV003', 'NCC023', '2025-03-14', N'Hết hạn sử dụng'),
('TNT074', 'PNT024', 'NV004', 'NCC024', '2025-03-15', N'Lỗi sản phẩm'),
('TNT075', 'PNT025', 'NV005', 'NCC025', '2025-03-16', N'Sai đơn hàng'),
('TNT076', 'PNT026', 'NV006', 'NCC026', '2025-03-17', N'Thuốc dư thừa'),
('TNT077', 'PNT027', 'NV007', 'NCC027', '2025-03-18', N'Hết hạn sử dụng'),
('TNT078', 'PNT028', 'NV008', 'NCC028', '2025-03-19', N'Lỗi sản phẩm'),
('TNT079', 'PNT029', 'NV009', 'NCC029', '2025-03-20', N'Sai đơn hàng'),
('TNT080', 'PNT030', 'NV010', 'NCC030', '2025-03-21', N'Thuốc dư thừa'),
('TNT081', 'PNT031', 'NV011', 'NCC001', '2025-03-22', N'Hết hạn sử dụng'),
('TNT082', 'PNT032', 'NV012', 'NCC002', '2025-03-23', N'Lỗi sản phẩm'),
('TNT083', 'PNT033', 'NV013', 'NCC003', '2025-03-24', N'Sai đơn hàng'),
('TNT084', 'PNT034', 'NV014', 'NCC004', '2025-03-25', N'Thuốc dư thừa'),
('TNT085', 'PNT035', 'NV015', 'NCC005', '2025-03-26', N'Hết hạn sử dụng'),
('TNT086', 'PNT036', 'NV016', 'NCC006', '2025-03-27', N'Lỗi sản phẩm'),
('TNT087', 'PNT037', 'NV017', 'NCC007', '2025-03-28', N'Sai đơn hàng'),
('TNT088', 'PNT038', 'NV018', 'NCC008', '2025-03-29', N'Thuốc dư thừa'),
('TNT089', 'PNT039', 'NV019', 'NCC009', '2025-03-30', N'Hết hạn sử dụng'),
('TNT090', 'PNT040', 'NV020', 'NCC010', '2025-03-31', N'Lỗi sản phẩm'),
('TNT091', 'PNT041', 'NV001', 'NCC011', '2025-04-01', N'Sai đơn hàng'),
('TNT092', 'PNT042', 'NV002', 'NCC012', '2025-04-02', N'Thuốc dư thừa'),
('TNT093', 'PNT043', 'NV003', 'NCC013', '2025-04-03', N'Hết hạn sử dụng'),
('TNT094', 'PNT044', 'NV004', 'NCC014', '2025-04-04', N'Lỗi sản phẩm'),
('TNT095', 'PNT045', 'NV005', 'NCC015', '2025-04-05', N'Sai đơn hàng'),
('TNT096', 'PNT046', 'NV006', 'NCC016', '2025-04-06', N'Thuốc dư thừa'),
('TNT097', 'PNT047', 'NV007', 'NCC017', '2025-04-07', N'Hết hạn sử dụng');
-- END OF 14.PhieuTraNhapThuoc.sql --

-- START OF 15. ChiTietPhieuTraNhapThuoc.sql --
-- ======================= ChiTietPhieuTraNhapThuoc =======================
INSERT INTO dbo.ChiTietPhieuTraNhapThuoc (maTNT, maThuoc, soLuong, donGiaNhap)
VALUES
('TNT001', 'T001', 150, 8458),
('TNT002', 'T003', 300, 8678),
('TNT003', 'T005', 120, 9066),
('TNT004', 'T007', 450, 3167),
('TNT005', 'T009', 300, 6399),
('TNT006', 'T011', 80, 8061),
('TNT007', 'T013', 300, 5133),
('TNT008', 'T015', 300, 7094),
('TNT009', 'T017', 700, 2937),
('TNT010', 'T020', 200, 5518),
('TNT011', 'T022', 600, 4477),
('TNT012', 'T025', 250, 4547),
('TNT013', 'T027', 300, 7966),
('TNT014', 'T030', 300, 4715),
('TNT015', 'T032', 400, 6543),
('TNT016', 'T035', 300, 3435),
('TNT017', 'T037', 180, 9962),
('TNT018', 'T039', 600, 2055),
('TNT019', 'T041', 900, 1695),
('TNT020', 'T044', 200, 9444),
('TNT021', 'T046', 120, 9974),
('TNT022', 'T048', 300, 6614),
('TNT023', 'T051', 300, 7132),
('TNT024', 'T053', 150, 8127),
('TNT025', 'T056', 400, 7359),
('TNT026', 'T059', 300, 4448),
('TNT027', 'T061', 500, 6092),
('TNT028', 'T063', 900, 2339),
('TNT029', 'T065', 240, 8196),
('TNT030', 'T068', 150, 8926),
('TNT031', 'T070', 300, 7900),
('TNT032', 'T073', 400, 6471),
('TNT033', 'T076', 250, 7756),
('TNT034', 'T078', 180, 9597),
('TNT035', 'T081', 700, 2556),
('TNT036', 'T084', 600, 2644),
('TNT037', 'T087', 360, 5248),
('TNT038', 'T089', 150, 8473),
('TNT039', 'T092', 180, 8213),
('TNT040', 'T095', 180, 7267),
('TNT041', 'T098', 300, 6910),
('TNT042', 'T101', 250, 9545),
('TNT043', 'T104', 350, 4742),
('TNT044', 'T107', 600, 3450),
('TNT045', 'T110', 300, 7258),
('TNT046', 'T112', 200, 9659),
('TNT047', 'T115', 900, 1883),
('TNT048', 'T118', 600, 3993),
('TNT049', 'T120', 300, 6353),
('TNT050', 'T123', 1000, 1431),
('TNT051', 'T001', 150, 8458),
('TNT052', 'T003', 300, 8678),
('TNT053', 'T005', 120, 9066),
('TNT054', 'T007', 450, 3167),
('TNT055', 'T009', 300, 6399),
('TNT056', 'T011', 80, 8061),
('TNT057', 'T013', 300, 5133),
('TNT058', 'T015', 300, 7094),
('TNT059', 'T017', 700, 2937),
('TNT060', 'T020', 200, 5518),
('TNT061', 'T022', 600, 4477),
('TNT062', 'T025', 250, 4547),
('TNT063', 'T027', 300, 7966),
('TNT064', 'T030', 300, 4715),
('TNT065', 'T032', 400, 6543),
('TNT066', 'T035', 300, 3435),
('TNT067', 'T037', 180, 9962),
('TNT068', 'T039', 600, 2055),
('TNT069', 'T041', 900, 1695),
('TNT070', 'T044', 200, 9444),
('TNT071', 'T046', 120, 9974),
('TNT072', 'T048', 300, 6614),
('TNT073', 'T051', 300, 7132),
('TNT074', 'T053', 150, 8127),
('TNT075', 'T056', 400, 7359),
('TNT076', 'T059', 300, 4448),
('TNT077', 'T061', 500, 6092),
('TNT078', 'T063', 900, 2339),
('TNT079', 'T065', 240, 8196),
('TNT080', 'T068', 150, 8926),
('TNT081', 'T070', 300, 7900),
('TNT082', 'T073', 400, 6471),
('TNT083', 'T076', 250, 7756),
('TNT084', 'T078', 180, 9597),
('TNT085', 'T081', 700, 2556),
('TNT086', 'T084', 600, 2644),
('TNT087', 'T087', 360, 5248),
('TNT088', 'T089', 150, 8473),
('TNT089', 'T092', 180, 8213),
('TNT090', 'T095', 180, 7267),
('TNT091', 'T098', 300, 6910),
('TNT092', 'T101', 250, 9545),
('TNT093', 'T104', 350, 4742),
('TNT094', 'T107', 600, 3450),
('TNT095', 'T110', 300, 7258),
('TNT096', 'T112', 200, 9659),
('TNT097', 'T115', 900, 1883);
-- END OF 15.ChiTietPhieuTraNhapThuoc.sql --

-- START OF 16. DataPhieuThuChi.sql --
-- ======================= PhieuThuChi =======================
INSERT INTO dbo.PhieuThuChi (maPTC, maNV, ngayGiaoDich, hinhThuc, loaiGiaoDich, maDon)
VALUES
('PTC001', 'NV001', '2025-01-01', N'Tiền mặt', N'Nhập thuốc', 'PNT001'),
('PTC002', 'NV001', '2025-01-01', N'Tiền mặt', N'Trả nhập thuốc', 'TNT001'),
('PTC003', 'NV002', '2025-01-02', N'Chuyển khoản', N'Nhập thuốc', 'PNT002'),
('PTC004', 'NV002', '2025-01-02', N'Chuyển khoản', N'Trả nhập thuốc', 'TNT002'),
('PTC005', 'NV003', '2025-01-03', N'Tiền mặt', N'Nhập thuốc', 'PNT003'),
('PTC006', 'NV003', '2025-01-03', N'Tiền mặt', N'Trả nhập thuốc', 'TNT003'),
('PTC007', 'NV004', '2025-01-04', N'Chuyển khoản', N'Trả nhập thuốc', 'TNT004'),
('PTC008', 'NV004', '2025-01-05', N'Tiền mặt', N'Nhập thuốc', 'PNT004'),
('PTC009', 'NV005', '2025-01-05', N'Tiền mặt', N'Trả nhập thuốc', 'TNT005'),
('PTC010', 'NV006', '2025-01-06', N'Chuyển khoản', N'Trả nhập thuốc', 'TNT006'),
('PTC011', 'NV005', '2025-01-07', N'Tiền mặt', N'Nhập thuốc', 'PNT005'),
('PTC012', 'NV007', '2025-01-07', N'Tiền mặt', N'Trả nhập thuốc', 'TNT007'),
('PTC013', 'NV008', '2025-01-08', N'Chuyển khoản', N'Trả nhập thuốc', 'TNT008'),
('PTC014', 'NV006', '2025-01-09', N'Tiền mặt', N'Nhập thuốc', 'PNT006'),
('PTC015', 'NV009', '2025-01-09', N'Tiền mặt', N'Trả nhập thuốc', 'TNT009'),
('PTC016', 'NV010', '2025-01-10', N'Chuyển khoản', N'Trả nhập thuốc', 'TNT010'),
('PTC017', 'NV007', '2025-01-11', N'Tiền mặt', N'Nhập thuốc', 'PNT007'),
('PTC018', 'NV011', '2025-01-11', N'Tiền mặt', N'Trả nhập thuốc', 'TNT011'),
('PTC019', 'NV012', '2025-01-12', N'Chuyển khoản', N'Trả nhập thuốc', 'TNT012'),
('PTC020', 'NV008', '2025-01-13', N'Tiền mặt', N'Nhập thuốc', 'PNT008'),
('PTC021', 'NV013', '2025-01-13', N'Tiền mặt', N'Trả nhập thuốc', 'TNT013'),
('PTC022', 'NV014', '2025-01-14', N'Chuyển khoản', N'Trả nhập thuốc', 'TNT014'),
('PTC023', 'NV009', '2025-01-15', N'Tiền mặt', N'Nhập thuốc', 'PNT009'),
('PTC024', 'NV015', '2025-01-15', N'Tiền mặt', N'Trả nhập thuốc', 'TNT015'),
('PTC025', 'NV016', '2025-01-16', N'Chuyển khoản', N'Trả nhập thuốc', 'TNT016'),
('PTC026', 'NV010', '2025-01-17', N'Tiền mặt', N'Nhập thuốc', 'PNT010'),
('PTC027', 'NV017', '2025-01-17', N'Tiền mặt', N'Trả nhập thuốc', 'TNT017'),
('PTC028', 'NV018', '2025-01-18', N'Chuyển khoản', N'Trả nhập thuốc', 'TNT018'),
('PTC029', 'NV011', '2025-01-19', N'Tiền mặt', N'Nhập thuốc', 'PNT011'),
('PTC030', 'NV019', '2025-01-19', N'Tiền mặt', N'Trả nhập thuốc', 'TNT019'),
('PTC031', 'NV020', '2025-01-20', N'Chuyển khoản', N'Trả nhập thuốc', 'TNT020'),
('PTC032', 'NV012', '2025-01-21', N'Tiền mặt', N'Nhập thuốc', 'PNT012'),
('PTC033', 'NV001', '2025-01-21', N'Tiền mặt', N'Trả nhập thuốc', 'TNT021'),
('PTC034', 'NV002', '2025-01-22', N'Chuyển khoản', N'Trả nhập thuốc', 'TNT022'),
('PTC035', 'NV013', '2025-01-23', N'Tiền mặt', N'Nhập thuốc', 'PNT013'),
('PTC036', 'NV003', '2025-01-23', N'Tiền mặt', N'Trả nhập thuốc', 'TNT023'),
('PTC037', 'NV004', '2025-01-24', N'Chuyển khoản', N'Trả nhập thuốc', 'TNT024'),
('PTC038', 'NV014', '2025-01-25', N'Tiền mặt', N'Nhập thuốc', 'PNT014'),
('PTC039', 'NV005', '2025-01-25', N'Tiền mặt', N'Trả nhập thuốc', 'TNT025'),
('PTC040', 'NV006', '2025-01-26', N'Chuyển khoản', N'Trả nhập thuốc', 'TNT026'),
('PTC041', 'NV015', '2025-01-27', N'Tiền mặt', N'Nhập thuốc', 'PNT015'),
('PTC042', 'NV007', '2025-01-27', N'Tiền mặt', N'Trả nhập thuốc', 'TNT027'),
('PTC043', 'NV008', '2025-01-28', N'Chuyển khoản', N'Trả nhập thuốc', 'TNT028'),
('PTC044', 'NV016', '2025-01-29', N'Tiền mặt', N'Nhập thuốc', 'PNT016'),
('PTC045', 'NV009', '2025-01-29', N'Tiền mặt', N'Trả nhập thuốc', 'TNT029'),
('PTC046', 'NV010', '2025-01-30', N'Chuyển khoản', N'Trả nhập thuốc', 'TNT030'),
('PTC047', 'NV017', '2025-01-31', N'Tiền mặt', N'Nhập thuốc', 'PNT017'),
('PTC048', 'NV011', '2025-01-31', N'Tiền mặt', N'Trả nhập thuốc', 'TNT031'),
('PTC049', 'NV012', '2025-02-01', N'Chuyển khoản', N'Trả nhập thuốc', 'TNT032'),
('PTC050', 'NV018', '2025-02-02', N'Tiền mặt', N'Nhập thuốc', 'PNT018'),
('PTC051', 'NV013', '2025-02-02', N'Tiền mặt', N'Trả nhập thuốc', 'TNT033'),
('PTC052', 'NV014', '2025-02-03', N'Chuyển khoản', N'Trả nhập thuốc', 'TNT034'),
('PTC053', 'NV019', '2025-02-04', N'Tiền mặt', N'Nhập thuốc', 'PNT019'),
('PTC054', 'NV015', '2025-02-04', N'Tiền mặt', N'Trả nhập thuốc', 'TNT035'),
('PTC055', 'NV016', '2025-02-05', N'Chuyển khoản', N'Trả nhập thuốc', 'TNT036'),
('PTC056', 'NV020', '2025-02-06', N'Tiền mặt', N'Nhập thuốc', 'PNT020'),
('PTC057', 'NV017', '2025-02-06', N'Tiền mặt', N'Trả nhập thuốc', 'TNT037'),
('PTC058', 'NV018', '2025-02-07', N'Chuyển khoản', N'Trả nhập thuốc', 'TNT038'),
('PTC059', 'NV001', '2025-02-08', N'Tiền mặt', N'Nhập thuốc', 'PNT021'),
('PTC060', 'NV019', '2025-02-08', N'Tiền mặt', N'Trả nhập thuốc', 'TNT039'),
('PTC061', 'NV020', '2025-02-09', N'Chuyển khoản', N'Trả nhập thuốc', 'TNT040'),
('PTC062', 'NV002', '2025-02-10', N'Tiền mặt', N'Nhập thuốc', 'PNT022'),
('PTC063', 'NV001', '2025-02-10', N'Tiền mặt', N'Trả nhập thuốc', 'TNT041'),
('PTC064', 'NV002', '2025-02-11', N'Chuyển khoản', N'Trả nhập thuốc', 'TNT042'),
('PTC065', 'NV003', '2025-02-12', N'Tiền mặt', N'Nhập thuốc', 'PNT023'),
('PTC066', 'NV003', '2025-02-12', N'Tiền mặt', N'Trả nhập thuốc', 'TNT043'),
('PTC067', 'NV004', '2025-02-13', N'Chuyển khoản', N'Trả nhập thuốc', 'TNT044'),
('PTC068', 'NV004', '2025-02-14', N'Tiền mặt', N'Nhập thuốc', 'PNT024'),
('PTC069', 'NV005', '2025-02-14', N'Tiền mặt', N'Trả nhập thuốc', 'TNT045'),
('PTC070', 'NV006', '2025-02-15', N'Chuyển khoản', N'Trả nhập thuốc', 'TNT046'),
('PTC071', 'NV005', '2025-02-16', N'Tiền mặt', N'Nhập thuốc', 'PNT025'),
('PTC072', 'NV007', '2025-02-16', N'Tiền mặt', N'Trả nhập thuốc', 'TNT047'),
('PTC073', 'NV008', '2025-02-17', N'Chuyển khoản', N'Trả nhập thuốc', 'TNT048'),
('PTC074', 'NV006', '2025-02-18', N'Tiền mặt', N'Nhập thuốc', 'PNT026'),
('PTC075', 'NV009', '2025-02-18', N'Tiền mặt', N'Trả nhập thuốc', 'TNT049'),
('PTC076', 'NV010', '2025-02-19', N'Chuyển khoản', N'Trả nhập thuốc', 'TNT050'),
('PTC077', 'NV001', '2025-02-20', N'Tiền mặt', N'Trả nhập thuốc', 'TNT051'),
('PTC078', 'NV002', '2025-02-21', N'Chuyển khoản', N'Trả nhập thuốc', 'TNT052'),
('PTC079', 'NV003', '2025-02-22', N'Tiền mặt', N'Trả nhập thuốc', 'TNT053'),
('PTC080', 'NV004', '2025-02-23', N'Chuyển khoản', N'Trả nhập thuốc', 'TNT054'),
('PTC081', 'NV005', '2025-02-24', N'Tiền mặt', N'Trả nhập thuốc', 'TNT055'),
('PTC082', 'NV007', '2025-02-25', N'Tiền mặt', N'Trả nhập thuốc', 'TNT057'),
('PTC083', 'NV006', '2025-02-25', N'Chuyển khoản', N'Trả nhập thuốc', 'TNT056'),
('PTC084', 'NV008', '2025-02-27', N'Chuyển khoản', N'Trả nhập thuốc', 'TNT058'),
('PTC085', 'NV009', '2025-02-28', N'Tiền mặt', N'Trả nhập thuốc', 'TNT059'),
('PTC086', 'NV007', '2025-02-28', N'Tiền mặt', N'Nhập thuốc', 'PNT027'),
('PTC087', 'NV008', '2025-03-01', N'Tiền mặt', N'Nhập thuốc', 'PNT028'),
('PTC088', 'NV001', '2025-03-01', N'Tiền mặt', N'Bán thuốc', 'PBT001'),
('PTC089', 'NV002', '2025-03-01', N'Chuyển khoản', N'Bán thuốc', 'PBT002'),
('PTC090', 'NV013', '2025-03-01', N'Tiền mặt', N'Đặt thuốc', 'PDT001'),
('PTC091', 'NV014', '2025-03-01', N'Chuyển khoản', N'Đặt thuốc', 'PDT002'),
('PTC092', 'NV001', '2025-03-01', N'Tiền mặt', N'Trả thuốc', 'PTT001'),
('PTC093', 'NV013', '2025-03-01', N'Tiền mặt', N'Trả thuốc', 'PTT002'),
('PTC094', 'NV003', '2025-03-02', N'Tiền mặt', N'Bán thuốc', 'PBT003'),
('PTC095', 'NV015', '2025-03-02', N'Tiền mặt', N'Đặt thuốc', 'PDT003'),
('PTC096', 'NV003', '2025-03-02', N'Tiền mặt', N'Trả thuốc', 'PTT003'),
('PTC097', 'NV015', '2025-03-02', N'Tiền mặt', N'Trả thuốc', 'PTT004'),
('PTC098', 'NV012', '2025-03-02', N'Tiền mặt', N'Nhập thuốc', 'PNT032'),
('PTC099', 'NV011', '2025-03-02', N'Tiền mặt', N'Trả nhập thuốc', 'TNT061'),
('PTC100', 'NV005', '2025-03-03', N'Tiền mặt', N'Bán thuốc', 'PBT005'),
('PTC101', 'NV006', '2025-03-03', N'Chuyển khoản', N'Bán thuốc', 'PBT006'),
('PTC102', 'NV017', '2025-03-03', N'Tiền mặt', N'Đặt thuốc', 'PDT005'),
('PTC103', 'NV018', '2025-03-03', N'Chuyển khoản', N'Đặt thuốc', 'PDT006'),
('PTC104', 'NV005', '2025-03-03', N'Tiền mặt', N'Trả thuốc', 'PTT005'),
('PTC105', 'NV017', '2025-03-03', N'Tiền mặt', N'Trả thuốc', 'PTT006'),
('PTC106', 'NV012', '2025-03-03', N'Chuyển khoản', N'Trả nhập thuốc', 'TNT062'),
('PTC107', 'NV013', '2025-03-04', N'Tiền mặt', N'Nhập thuốc', 'PNT033'),
('PTC108', 'NV013', '2025-03-04', N'Tiền mặt', N'Trả nhập thuốc', 'TNT063'),
('PTC109', 'NV007', '2025-03-04', N'Tiền mặt', N'Bán thuốc', 'PBT007'),
('PTC110', 'NV019', '2025-03-04', N'Tiền mặt', N'Đặt thuốc', 'PDT007'),
('PTC111', 'NV007', '2025-03-04', N'Tiền mặt', N'Trả thuốc', 'PTT007'),
('PTC112', 'NV019', '2025-03-04', N'Tiền mặt', N'Trả thuốc', 'PTT008'),
('PTC113', 'NV014', '2025-03-05', N'Chuyển khoản', N'Trả nhập thuốc', 'TNT064'),
('PTC114', 'NV009', '2025-03-05', N'Tiền mặt', N'Bán thuốc', 'PBT009'),
('PTC115', 'NV010', '2025-03-05', N'Chuyển khoản', N'Bán thuốc', 'PBT010'),
('PTC116', 'NV001', '2025-03-05', N'Tiền mặt', N'Đặt thuốc', 'PDT009'),
('PTC117', 'NV002', '2025-03-05', N'Chuyển khoản', N'Đặt thuốc', 'PDT010'),
('PTC118', 'NV009', '2025-03-05', N'Tiền mặt', N'Trả thuốc', 'PTT009'),
('PTC119', 'NV001', '2025-03-05', N'Tiền mặt', N'Trả thuốc', 'PTT010'),
('PTC120', 'NV014', '2025-03-06', N'Tiền mặt', N'Nhập thuốc', 'PNT034'),
('PTC121', 'NV015', '2025-03-06', N'Tiền mặt', N'Trả nhập thuốc', 'TNT065'),
('PTC122', 'NV011', '2025-03-06', N'Tiền mặt', N'Bán thuốc', 'PBT011'),
('PTC123', 'NV003', '2025-03-06', N'Tiền mặt', N'Đặt thuốc', 'PDT011'),
('PTC124', 'NV011', '2025-03-06', N'Tiền mặt', N'Trả thuốc', 'PTT011'),
('PTC125', 'NV003', '2025-03-06', N'Tiền mặt', N'Trả thuốc', 'PTT012'),
('PTC126', 'NV016', '2025-03-07', N'Chuyển khoản', N'Trả nhập thuốc', 'TNT066'),
('PTC127', 'NV013', '2025-03-07', N'Tiền mặt', N'Bán thuốc', 'PBT013'),
('PTC128', 'NV014', '2025-03-07', N'Chuyển khoản', N'Bán thuốc', 'PBT014'),
('PTC129', 'NV005', '2025-03-07', N'Tiền mặt', N'Đặt thuốc', 'PDT013'),
('PTC130', 'NV006', '2025-03-07', N'Chuyển khoản', N'Đặt thuốc', 'PDT014'),
('PTC131', 'NV013', '2025-03-07', N'Tiền mặt', N'Trả thuốc', 'PTT013'),
('PTC132', 'NV005', '2025-03-07', N'Tiền mặt', N'Trả thuốc', 'PTT014'),
('PTC133', 'NV015', '2025-03-08', N'Tiền mặt', N'Nhập thuốc', 'PNT035'),
('PTC134', 'NV017', '2025-03-08', N'Tiền mặt', N'Trả nhập thuốc', 'TNT067'),
('PTC135', 'NV015', '2025-03-08', N'Tiền mặt', N'Bán thuốc', 'PBT015'),
('PTC136', 'NV016', '2025-03-08', N'Chuyển khoản', N'Bán thuốc', 'PBT016'),
('PTC137', 'NV007', '2025-03-08', N'Tiền mặt', N'Đặt thuốc', 'PDT015'),
('PTC138', 'NV008', '2025-03-08', N'Chuyển khoản', N'Đặt thuốc', 'PDT016'),
('PTC139', 'NV015', '2025-03-08', N'Tiền mặt', N'Trả thuốc', 'PTT015'),
('PTC140', 'NV007', '2025-03-08', N'Tiền mặt', N'Trả thuốc', 'PTT016'),
('PTC141', 'NV017', '2025-03-09', N'Tiền mặt', N'Bán thuốc', 'PBT017'),
('PTC142', 'NV009', '2025-03-09', N'Tiền mặt', N'Đặt thuốc', 'PDT017'),
('PTC143', 'NV017', '2025-03-09', N'Tiền mặt', N'Trả thuốc', 'PTT017'),
('PTC144', 'NV009', '2025-03-09', N'Tiền mặt', N'Trả thuốc', 'PTT018'),
('PTC145', 'NV018', '2025-03-09', N'Chuyển khoản', N'Trả nhập thuốc', 'TNT068'),
('PTC146', 'NV016', '2025-03-10', N'Tiền mặt', N'Nhập thuốc', 'PNT036'),
('PTC147', 'NV019', '2025-03-10', N'Tiền mặt', N'Trả nhập thuốc', 'TNT069'),
('PTC148', 'NV019', '2025-03-10', N'Tiền mặt', N'Bán thuốc', 'PBT019'),
('PTC149', 'NV020', '2025-03-10', N'Chuyển khoản', N'Bán thuốc', 'PBT020'),
('PTC150', 'NV011', '2025-03-10', N'Tiền mặt', N'Đặt thuốc', 'PDT019'),
('PTC151', 'NV012', '2025-03-10', N'Chuyển khoản', N'Đặt thuốc', 'PDT020'),
('PTC152', 'NV019', '2025-03-10', N'Tiền mặt', N'Trả thuốc', 'PTT019'),
('PTC153', 'NV011', '2025-03-10', N'Tiền mặt', N'Trả thuốc', 'PTT020'),
('PTC154', 'NV020', '2025-03-11', N'Chuyển khoản', N'Trả nhập thuốc', 'TNT070'),
('PTC155', 'NV001', '2025-03-11', N'Tiền mặt', N'Bán thuốc', 'PBT021'),
('PTC156', 'NV013', '2025-03-11', N'Tiền mặt', N'Đặt thuốc', 'PDT021'),
('PTC157', 'NV001', '2025-03-11', N'Tiền mặt', N'Trả thuốc', 'PTT021'),
('PTC158', 'NV013', '2025-03-11', N'Tiền mặt', N'Trả thuốc', 'PTT022'),
('PTC159', 'NV001', '2025-03-12', N'Tiền mặt', N'Trả nhập thuốc', 'TNT071'),
('PTC160', 'NV017', '2025-03-12', N'Tiền mặt', N'Nhập thuốc', 'PNT037'),
('PTC161', 'NV003', '2025-03-12', N'Tiền mặt', N'Bán thuốc', 'PBT023'),
('PTC162', 'NV015', '2025-03-12', N'Tiền mặt', N'Đặt thuốc', 'PDT023'),
('PTC163', 'NV016', '2025-03-12', N'Chuyển khoản', N'Đặt thuốc', 'PDT024'),
('PTC164', 'NV003', '2025-03-12', N'Tiền mặt', N'Trả thuốc', 'PTT023'),
('PTC165', 'NV015', '2025-03-12', N'Tiền mặt', N'Trả thuốc', 'PTT024'),
('PTC166', 'NV002', '2025-03-13', N'Chuyển khoản', N'Trả nhập thuốc', 'TNT072'),
('PTC167', 'NV005', '2025-03-13', N'Tiền mặt', N'Bán thuốc', 'PBT025'),
('PTC168', 'NV017', '2025-03-13', N'Tiền mặt', N'Đặt thuốc', 'PDT025'),
('PTC169', 'NV005', '2025-03-13', N'Tiền mặt', N'Trả thuốc', 'PTT025'),
('PTC170', 'NV017', '2025-03-13', N'Tiền mặt', N'Trả thuốc', 'PTT026'),
('PTC171', 'NV003', '2025-03-14', N'Tiền mặt', N'Trả nhập thuốc', 'TNT073'),
('PTC172', 'NV007', '2025-03-14', N'Tiền mặt', N'Bán thuốc', 'PBT027'),
('PTC173', 'NV008', '2025-03-14', N'Chuyển khoản', N'Bán thuốc', 'PBT028'),
('PTC174', 'NV019', '2025-03-14', N'Tiền mặt', N'Đặt thuốc', 'PDT027'),
('PTC175', 'NV020', '2025-03-14', N'Chuyển khoản', N'Đặt thuốc', 'PDT028'),
('PTC176', 'NV007', '2025-03-14', N'Tiền mặt', N'Trả thuốc', 'PTT027'),
('PTC177', 'NV019', '2025-03-14', N'Tiền mặt', N'Trả thuốc', 'PTT028'),
('PTC178', 'NV018', '2025-03-14', N'Tiền mặt', N'Nhập thuốc', 'PNT038'),
('PTC179', 'NV004', '2025-03-15', N'Chuyển khoản', N'Trả nhập thuốc', 'TNT074'),
('PTC180', 'NV009', '2025-03-15', N'Tiền mặt', N'Bán thuốc', 'PBT029'),
('PTC181', 'NV010', '2025-03-15', N'Chuyển khoản', N'Bán thuốc', 'PBT030'),
('PTC182', 'NV001', '2025-03-15', N'Tiền mặt', N'Đặt thuốc', 'PDT029'),
('PTC183', 'NV002', '2025-03-15', N'Chuyển khoản', N'Đặt thuốc', 'PDT030'),
('PTC184', 'NV009', '2025-03-15', N'Tiền mặt', N'Trả thuốc', 'PTT029'),
('PTC185', 'NV001', '2025-03-15', N'Tiền mặt', N'Trả thuốc', 'PTT030'),
('PTC186', 'NV005', '2025-03-16', N'Tiền mặt', N'Trả nhập thuốc', 'TNT075'),
('PTC187', 'NV019', '2025-03-16', N'Tiền mặt', N'Nhập thuốc', 'PNT039'),
('PTC188', 'NV011', '2025-03-16', N'Tiền mặt', N'Bán thuốc', 'PBT031'),
('PTC189', 'NV003', '2025-03-16', N'Tiền mặt', N'Đặt thuốc', 'PDT031'),
('PTC190', 'NV011', '2025-03-16', N'Tiền mặt', N'Trả thuốc', 'PTT031'),
('PTC191', 'NV003', '2025-03-16', N'Tiền mặt', N'Trả thuốc', 'PTT032'),
('PTC192', 'NV006', '2025-03-17', N'Chuyển khoản', N'Trả nhập thuốc', 'TNT076'),
('PTC193', 'NV013', '2025-03-17', N'Tiền mặt', N'Bán thuốc', 'PBT033'),
('PTC194', 'NV014', '2025-03-17', N'Chuyển khoản', N'Bán thuốc', 'PBT034'),
('PTC195', 'NV005', '2025-03-17', N'Tiền mặt', N'Đặt thuốc', 'PDT033'),
('PTC196', 'NV006', '2025-03-17', N'Chuyển khoản', N'Đặt thuốc', 'PDT034'),
('PTC197', 'NV013', '2025-03-17', N'Tiền mặt', N'Trả thuốc', 'PTT033'),
('PTC198', 'NV005', '2025-03-17', N'Tiền mặt', N'Trả thuốc', 'PTT034'),
('PTC199', 'NV007', '2025-03-18', N'Tiền mặt', N'Trả nhập thuốc', 'TNT077'),
('PTC200', 'NV015', '2025-03-18', N'Tiền mặt', N'Bán thuốc', 'PBT035'),
('PTC201', 'NV007', '2025-03-18', N'Tiền mặt', N'Đặt thuốc', 'PDT035'),
('PTC202', 'NV015', '2025-03-18', N'Tiền mặt', N'Trả thuốc', 'PTT035'),
('PTC203', 'NV007', '2025-03-18', N'Tiền mặt', N'Trả thuốc', 'PTT036'),
('PTC204', 'NV008', '2025-03-19', N'Chuyển khoản', N'Trả nhập thuốc', 'TNT078'),
('PTC205', 'NV017', '2025-03-19', N'Tiền mặt', N'Bán thuốc', 'PBT037'),
('PTC206', 'NV018', '2025-03-19', N'Chuyển khoản', N'Bán thuốc', 'PBT038'),
('PTC207', 'NV009', '2025-03-19', N'Tiền mặt', N'Đặt thuốc', 'PDT037'),
('PTC208', 'NV010', '2025-03-19', N'Chuyển khoản', N'Đặt thuốc', 'PDT038'),
('PTC209', 'NV017', '2025-03-19', N'Tiền mặt', N'Trả thuốc', 'PTT037'),
('PTC210', 'NV009', '2025-03-19', N'Tiền mặt', N'Trả thuốc', 'PTT038'),
('PTC211', 'NV009', '2025-03-20', N'Tiền mặt', N'Trả nhập thuốc', 'TNT079'),
('PTC212', 'NV020', '2025-03-20', N'Tiền mặt', N'Nhập thuốc', 'PNT040'),
('PTC213', 'NV019', '2025-03-20', N'Tiền mặt', N'Bán thuốc', 'PBT039'),
('PTC214', 'NV011', '2025-03-20', N'Tiền mặt', N'Đặt thuốc', 'PDT039'),
('PTC215', 'NV019', '2025-03-20', N'Tiền mặt', N'Trả thuốc', 'PTT039'),
('PTC216', 'NV011', '2025-03-20', N'Tiền mặt', N'Trả thuốc', 'PTT040'),
('PTC217', 'NV010', '2025-03-21', N'Chuyển khoản', N'Trả nhập thuốc', 'TNT080'),
('PTC218', 'NV001', '2025-03-21', N'Tiền mặt', N'Bán thuốc', 'PBT041'),
('PTC219', 'NV002', '2025-03-21', N'Chuyển khoản', N'Bán thuốc', 'PBT042'),
('PTC220', 'NV013', '2025-03-21', N'Tiền mặt', N'Đặt thuốc', 'PDT041'),
('PTC221', 'NV014', '2025-03-21', N'Chuyển khoản', N'Đặt thuốc', 'PDT042'),
('PTC222', 'NV001', '2025-03-21', N'Tiền mặt', N'Trả thuốc', 'PTT041'),
('PTC223', 'NV013', '2025-03-21', N'Tiền mặt', N'Trả thuốc', 'PTT042'),
('PTC224', 'NV001', '2025-03-22', N'Tiền mặt', N'Nhập thuốc', 'PNT041'),
('PTC225', 'NV011', '2025-03-22', N'Tiền mặt', N'Trả nhập thuốc', 'TNT081'),
('PTC226', 'NV003', '2025-03-22', N'Tiền mặt', N'Bán thuốc', 'PBT043'),
('PTC227', 'NV015', '2025-03-22', N'Tiền mặt', N'Đặt thuốc', 'PDT043'),
('PTC228', 'NV016', '2025-03-22', N'Chuyển khoản', N'Đặt thuốc', 'PDT044'),
('PTC229', 'NV003', '2025-03-22', N'Tiền mặt', N'Trả thuốc', 'PTT043'),
('PTC230', 'NV015', '2025-03-22', N'Tiền mặt', N'Trả thuốc', 'PTT044'),
('PTC231', 'NV012', '2025-03-23', N'Chuyển khoản', N'Trả nhập thuốc', 'TNT082'),
('PTC232', 'NV005', '2025-03-23', N'Tiền mặt', N'Bán thuốc', 'PBT045'),
('PTC233', 'NV017', '2025-03-23', N'Tiền mặt', N'Đặt thuốc', 'PDT045'),
('PTC234', 'NV005', '2025-03-23', N'Tiền mặt', N'Trả thuốc', 'PTT045'),
('PTC235', 'NV017', '2025-03-23', N'Tiền mặt', N'Trả thuốc', 'PTT046'),
('PTC236', 'NV013', '2025-03-24', N'Tiền mặt', N'Trả nhập thuốc', 'TNT083'),
('PTC237', 'NV007', '2025-03-24', N'Tiền mặt', N'Bán thuốc', 'PBT047'),
('PTC238', 'NV008', '2025-03-24', N'Chuyển khoản', N'Bán thuốc', 'PBT048'),
('PTC239', 'NV019', '2025-03-24', N'Tiền mặt', N'Đặt thuốc', 'PDT047'),
('PTC240', 'NV020', '2025-03-24', N'Chuyển khoản', N'Đặt thuốc', 'PDT048'),
('PTC241', 'NV007', '2025-03-24', N'Tiền mặt', N'Trả thuốc', 'PTT047'),
('PTC242', 'NV019', '2025-03-24', N'Tiền mặt', N'Trả thuốc', 'PTT048'),
('PTC243', 'NV014', '2025-03-25', N'Chuyển khoản', N'Trả nhập thuốc', 'TNT084'),
('PTC244', 'NV009', '2025-03-25', N'Tiền mặt', N'Bán thuốc', 'PBT049'),
('PTC245', 'NV001', '2025-03-25', N'Tiền mặt', N'Đặt thuốc', 'PDT049'),
('PTC246', 'NV009', '2025-03-25', N'Tiền mặt', N'Trả thuốc', 'PTT049'),
('PTC247', 'NV001', '2025-03-25', N'Tiền mặt', N'Trả thuốc', 'PTT050'),
('PTC248', 'NV015', '2025-03-26', N'Tiền mặt', N'Trả nhập thuốc', 'TNT085'),
('PTC249', 'NV011', '2025-03-26', N'Tiền mặt', N'Bán thuốc', 'PBT051'),
('PTC250', 'NV012', '2025-03-26', N'Chuyển khoản', N'Bán thuốc', 'PBT052'),
('PTC251', 'NV003', '2025-03-26', N'Tiền mặt', N'Đặt thuốc', 'PDT051'),
('PTC252', 'NV004', '2025-03-26', N'Chuyển khoản', N'Đặt thuốc', 'PDT052'),
('PTC253', 'NV011', '2025-03-26', N'Tiền mặt', N'Trả thuốc', 'PTT051'),
('PTC254', 'NV003', '2025-03-26', N'Tiền mặt', N'Trả thuốc', 'PTT052'),
('PTC255', 'NV016', '2025-03-27', N'Chuyển khoản', N'Trả nhập thuốc', 'TNT086'),
('PTC256', 'NV013', '2025-03-27', N'Tiền mặt', N'Bán thuốc', 'PBT053'),
('PTC257', 'NV005', '2025-03-27', N'Tiền mặt', N'Đặt thuốc', 'PDT053'),
('PTC258', 'NV013', '2025-03-27', N'Tiền mặt', N'Trả thuốc', 'PTT053'),
('PTC259', 'NV005', '2025-03-27', N'Tiền mặt', N'Trả thuốc', 'PTT054'),
('PTC260', 'NV017', '2025-03-28', N'Tiền mặt', N'Trả nhập thuốc', 'TNT087'),
('PTC261', 'NV015', '2025-03-28', N'Tiền mặt', N'Bán thuốc', 'PBT055'),
('PTC262', 'NV016', '2025-03-28', N'Chuyển khoản', N'Bán thuốc', 'PBT056'),
('PTC263', 'NV007', '2025-03-28', N'Tiền mặt', N'Đặt thuốc', 'PDT055'),
('PTC264', 'NV008', '2025-03-28', N'Chuyển khoản', N'Đặt thuốc', 'PDT056'),
('PTC265', 'NV015', '2025-03-28', N'Tiền mặt', N'Trả thuốc', 'PTT055'),
('PTC266', 'NV007', '2025-03-28', N'Tiền mặt', N'Trả thuốc', 'PTT056'),
('PTC267', 'NV018', '2025-03-29', N'Chuyển khoản', N'Trả nhập thuốc', 'TNT088'),
('PTC268', 'NV017', '2025-03-29', N'Tiền mặt', N'Bán thuốc', 'PBT057'),
('PTC269', 'NV018', '2025-03-29', N'Chuyển khoản', N'Bán thuốc', 'PBT058'),
('PTC270', 'NV009', '2025-03-29', N'Tiền mặt', N'Đặt thuốc', 'PDT057'),
('PTC271', 'NV017', '2025-03-29', N'Tiền mặt', N'Trả thuốc', 'PTT057'),
('PTC272', 'NV009', '2025-03-29', N'Tiền mặt', N'Trả thuốc', 'PTT058'),
('PTC273', 'NV019', '2025-03-30', N'Tiền mặt', N'Trả nhập thuốc', 'TNT089'),
('PTC274', 'NV019', '2025-03-30', N'Tiền mặt', N'Bán thuốc', 'PBT059'),
('PTC275', 'NV011', '2025-03-30', N'Tiền mặt', N'Đặt thuốc', 'PDT059'),
('PTC276', 'NV012', '2025-03-30', N'Chuyển khoản', N'Đặt thuốc', 'PDT060'),
('PTC277', 'NV019', '2025-03-30', N'Tiền mặt', N'Trả thuốc', 'PTT059'),
('PTC278', 'NV011', '2025-03-30', N'Tiền mặt', N'Trả thuốc', 'PTT060'),
('PTC279', 'NV020', '2025-03-31', N'Chuyển khoản', N'Trả nhập thuốc', 'TNT090'),
('PTC280', 'NV001', '2025-03-31', N'Tiền mặt', N'Bán thuốc', 'PBT061'),
('PTC281', 'NV002', '2025-03-31', N'Chuyển khoản', N'Bán thuốc', 'PBT062'),
('PTC282', 'NV013', '2025-03-31', N'Tiền mặt', N'Đặt thuốc', 'PDT061'),
('PTC283', 'NV014', '2025-03-31', N'Chuyển khoản', N'Đặt thuốc', 'PDT062'),
('PTC284', 'NV001', '2025-03-31', N'Tiền mặt', N'Trả thuốc', 'PTT061'),
('PTC285', 'NV013', '2025-03-31', N'Tiền mặt', N'Trả thuốc', 'PTT062'),
('PTC286', 'NV001', '2025-04-01', N'Tiền mặt', N'Trả nhập thuốc', 'TNT091'),
('PTC287', 'NV007', '2025-04-01', N'Tiền mặt', N'Nhập thuốc', 'PNT047'),
('PTC288', 'NV003', '2025-04-01', N'Tiền mặt', N'Bán thuốc', 'PBT063'),
('PTC289', 'NV015', '2025-04-01', N'Tiền mặt', N'Đặt thuốc', 'PDT063'),
('PTC290', 'NV016', '2025-04-01', N'Chuyển khoản', N'Đặt thuốc', 'PDT064'),
('PTC291', 'NV003', '2025-04-01', N'Tiền mặt', N'Trả thuốc', 'PTT063'),
('PTC292', 'NV015', '2025-04-01', N'Tiền mặt', N'Trả thuốc', 'PTT064'),
('PTC293', 'NV002', '2025-04-02', N'Chuyển khoản', N'Trả nhập thuốc', 'TNT092'),
('PTC294', 'NV005', '2025-04-02', N'Tiền mặt', N'Bán thuốc', 'PBT065'),
('PTC295', 'NV006', '2025-04-02', N'Chuyển khoản', N'Bán thuốc', 'PBT066'),
('PTC296', 'NV017', '2025-04-02', N'Tiền mặt', N'Đặt thuốc', 'PDT065'),
('PTC297', 'NV005', '2025-04-02', N'Tiền mặt', N'Trả thuốc', 'PTT065'),
('PTC298', 'NV017', '2025-04-02', N'Tiền mặt', N'Trả thuốc', 'PTT066'),
('PTC299', 'NV008', '2025-04-03', N'Tiền mặt', N'Nhập thuốc', 'PNT048'),
('PTC300', 'NV003', '2025-04-03', N'Tiền mặt', N'Trả nhập thuốc', 'TNT093'),
('PTC301', 'NV007', '2025-04-03', N'Tiền mặt', N'Bán thuốc', 'PBT067'),
('PTC302', 'NV019', '2025-04-03', N'Tiền mặt', N'Đặt thuốc', 'PDT067'),
('PTC303', 'NV020', '2025-04-03', N'Chuyển khoản', N'Đặt thuốc', 'PDT068'),
('PTC304', 'NV007', '2025-04-03', N'Tiền mặt', N'Trả thuốc', 'PTT067'),
('PTC305', 'NV019', '2025-04-03', N'Tiền mặt', N'Trả thuốc', 'PTT068'),
('PTC306', 'NV004', '2025-04-04', N'Chuyển khoản', N'Trả nhập thuốc', 'TNT094'),
('PTC307', 'NV009', '2025-04-04', N'Tiền mặt', N'Bán thuốc', 'PBT069'),
('PTC308', 'NV010', '2025-04-04', N'Chuyển khoản', N'Bán thuốc', 'PBT070'),
('PTC309', 'NV001', '2025-04-04', N'Tiền mặt', N'Đặt thuốc', 'PDT069'),
('PTC310', 'NV002', '2025-04-04', N'Chuyển khoản', N'Đặt thuốc', 'PDT070'),
('PTC311', 'NV009', '2025-04-04', N'Tiền mặt', N'Trả thuốc', 'PTT069'),
('PTC312', 'NV001', '2025-04-04', N'Tiền mặt', N'Trả thuốc', 'PTT070'),
('PTC313', 'NV009', '2025-04-05', N'Tiền mặt', N'Nhập thuốc', 'PNT049'),
('PTC314', 'NV005', '2025-04-05', N'Tiền mặt', N'Trả nhập thuốc', 'TNT095'),
('PTC315', 'NV011', '2025-04-05', N'Tiền mặt', N'Bán thuốc', 'PBT071'),
('PTC316', 'NV012', '2025-04-05', N'Chuyển khoản', N'Bán thuốc', 'PBT072'),
('PTC317', 'NV003', '2025-04-05', N'Tiền mặt', N'Đặt thuốc', 'PDT071'),
('PTC318', 'NV011', '2025-04-05', N'Tiền mặt', N'Trả thuốc', 'PTT071'),
('PTC319', 'NV003', '2025-04-05', N'Tiền mặt', N'Trả thuốc', 'PTT072'),
('PTC320', 'NV006', '2025-04-06', N'Chuyển khoản', N'Trả nhập thuốc', 'TNT096'),
('PTC321', 'NV013', '2025-04-06', N'Tiền mặt', N'Bán thuốc', 'PBT073'),
('PTC322', 'NV005', '2025-04-06', N'Tiền mặt', N'Đặt thuốc', 'PDT073'),
('PTC323', 'NV006', '2025-04-06', N'Chuyển khoản', N'Đặt thuốc', 'PDT074'),
('PTC324', 'NV013', '2025-04-06', N'Tiền mặt', N'Trả thuốc', 'PTT073'),
('PTC325', 'NV005', '2025-04-06', N'Tiền mặt', N'Trả thuốc', 'PTT074'),
('PTC326', 'NV010', '2025-04-07', N'Tiền mặt', N'Nhập thuốc', 'PNT050'),
('PTC327', 'NV007', '2025-04-07', N'Tiền mặt', N'Trả nhập thuốc', 'TNT097'),
('PTC328', 'NV015', '2025-04-07', N'Tiền mặt', N'Bán thuốc', 'PBT075'),
('PTC329', 'NV016', '2025-04-07', N'Chuyển khoản', N'Bán thuốc', 'PBT076'),
('PTC330', 'NV007', '2025-04-07', N'Tiền mặt', N'Đặt thuốc', 'PDT075'),
('PTC331', 'NV015', '2025-04-07', N'Tiền mặt', N'Trả thuốc', 'PTT075'),
('PTC332', 'NV007', '2025-04-07', N'Tiền mặt', N'Trả thuốc', 'PTT076'),
('PTC333', 'NV017', '2025-04-08', N'Tiền mặt', N'Bán thuốc', 'PBT077'),
('PTC334', 'NV009', '2025-04-08', N'Tiền mặt', N'Đặt thuốc', 'PDT077'),
('PTC335', 'NV010', '2025-04-08', N'Chuyển khoản', N'Đặt thuốc', 'PDT078'),
('PTC336', 'NV017', '2025-04-08', N'Tiền mặt', N'Trả thuốc', 'PTT077'),
('PTC337', 'NV009', '2025-04-08', N'Tiền mặt', N'Trả thuốc', 'PTT078'),
('PTC338', 'NV019', '2025-04-09', N'Tiền mặt', N'Bán thuốc', 'PBT079'),
('PTC339', 'NV020', '2025-04-09', N'Chuyển khoản', N'Bán thuốc', 'PBT080'),
('PTC340', 'NV011', '2025-04-09', N'Tiền mặt', N'Đặt thuốc', 'PDT079'),
('PTC341', 'NV019', '2025-04-09', N'Tiền mặt', N'Trả thuốc', 'PTT079'),
('PTC342', 'NV011', '2025-04-09', N'Tiền mặt', N'Trả thuốc', 'PTT080'),
('PTC343', 'NV001', '2025-04-10', N'Tiền mặt', N'Bán thuốc', 'PBT081'),
('PTC344', 'NV013', '2025-04-10', N'Tiền mặt', N'Đặt thuốc', 'PDT081'),
('PTC345', 'NV014', '2025-04-10', N'Chuyển khoản', N'Đặt thuốc', 'PDT082'),
('PTC346', 'NV001', '2025-04-10', N'Tiền mặt', N'Trả thuốc', 'PTT081'),
('PTC347', 'NV013', '2025-04-10', N'Tiền mặt', N'Trả thuốc', 'PTT082'),
('PTC348', 'NV003', '2025-04-11', N'Tiền mặt', N'Bán thuốc', 'PBT083'),
('PTC349', 'NV004', '2025-04-11', N'Chuyển khoản', N'Bán thuốc', 'PBT084'),
('PTC350', 'NV015', '2025-04-11', N'Tiền mặt', N'Đặt thuốc', 'PDT083'),
('PTC351', 'NV016', '2025-04-11', N'Chuyển khoản', N'Đặt thuốc', 'PDT084'),
('PTC352', 'NV003', '2025-04-11', N'Tiền mặt', N'Trả thuốc', 'PTT083'),
('PTC353', 'NV015', '2025-04-11', N'Tiền mặt', N'Trả thuốc', 'PTT084'),
('PTC354', 'NV005', '2025-04-12', N'Tiền mặt', N'Bán thuốc', 'PBT085'),
('PTC355', 'NV006', '2025-04-12', N'Chuyển khoản', N'Bán thuốc', 'PBT086'),
('PTC356', 'NV017', '2025-04-12', N'Tiền mặt', N'Đặt thuốc', 'PDT085'),
('PTC357', 'NV005', '2025-04-12', N'Tiền mặt', N'Trả thuốc', 'PTT085'),
('PTC358', 'NV017', '2025-04-12', N'Tiền mặt', N'Trả thuốc', 'PTT086'),
('PTC359', 'NV007', '2025-04-13', N'Tiền mặt', N'Bán thuốc', 'PBT087'),
('PTC360', 'NV019', '2025-04-13', N'Tiền mặt', N'Đặt thuốc', 'PDT087'),
('PTC361', 'NV020', '2025-04-13', N'Chuyển khoản', N'Đặt thuốc', 'PDT088'),
('PTC362', 'NV007', '2025-04-13', N'Tiền mặt', N'Trả thuốc', 'PTT087'),
('PTC363', 'NV019', '2025-04-13', N'Tiền mặt', N'Trả thuốc', 'PTT088'),
('PTC364', 'NV009', '2025-04-14', N'Tiền mặt', N'Bán thuốc', 'PBT089'),
('PTC365', 'NV010', '2025-04-14', N'Chuyển khoản', N'Bán thuốc', 'PBT090'),
('PTC366', 'NV001', '2025-04-14', N'Tiền mặt', N'Đặt thuốc', 'PDT089'),
('PTC367', 'NV009', '2025-04-14', N'Tiền mặt', N'Trả thuốc', 'PTT089'),
('PTC368', 'NV001', '2025-04-14', N'Tiền mặt', N'Trả thuốc', 'PTT090'),
('PTC369', 'NV011', '2025-04-15', N'Tiền mặt', N'Bán thuốc', 'PBT091'),
('PTC370', 'NV003', '2025-04-15', N'Tiền mặt', N'Đặt thuốc', 'PDT091'),
('PTC371', 'NV004', '2025-04-15', N'Chuyển khoản', N'Đặt thuốc', 'PDT092'),
('PTC372', 'NV011', '2025-04-15', N'Tiền mặt', N'Trả thuốc', 'PTT091'),
('PTC373', 'NV003', '2025-04-15', N'Tiền mặt', N'Trả thuốc', 'PTT092'),
('PTC374', 'NV013', '2025-04-16', N'Tiền mặt', N'Bán thuốc', 'PBT093'),
('PTC375', 'NV014', '2025-04-16', N'Chuyển khoản', N'Bán thuốc', 'PBT094'),
('PTC376', 'NV005', '2025-04-16', N'Tiền mặt', N'Đặt thuốc', 'PDT093'),
('PTC377', 'NV013', '2025-04-16', N'Tiền mặt', N'Trả thuốc', 'PTT093'),
('PTC378', 'NV005', '2025-04-16', N'Tiền mặt', N'Trả thuốc', 'PTT094'),
('PTC379', 'NV015', '2025-04-17', N'Tiền mặt', N'Bán thuốc', 'PBT095'),
('PTC380', 'NV007', '2025-04-17', N'Tiền mặt', N'Đặt thuốc', 'PDT095'),
('PTC381', 'NV008', '2025-04-17', N'Chuyển khoản', N'Đặt thuốc', 'PDT096'),
('PTC382', 'NV015', '2025-04-17', N'Tiền mặt', N'Trả thuốc', 'PTT095'),
('PTC383', 'NV007', '2025-04-17', N'Tiền mặt', N'Trả thuốc', 'PTT096'),
('PTC384', 'NV017', '2025-04-18', N'Tiền mặt', N'Bán thuốc', 'PBT097'),
('PTC385', 'NV018', '2025-04-18', N'Chuyển khoản', N'Bán thuốc', 'PBT098'),
('PTC386', 'NV009', '2025-04-18', N'Tiền mặt', N'Đặt thuốc', 'PDT097'),
('PTC387', 'NV010', '2025-04-18', N'Chuyển khoản', N'Đặt thuốc', 'PDT098'),
('PTC388', 'NV017', '2025-04-18', N'Tiền mặt', N'Trả thuốc', 'PTT097'),
('PTC389', 'NV009', '2025-04-18', N'Tiền mặt', N'Trả thuốc', 'PTT098'),
('PTC390', 'NV019', '2025-04-19', N'Tiền mặt', N'Bán thuốc', 'PBT099'),
('PTC391', 'NV020', '2025-04-19', N'Chuyển khoản', N'Bán thuốc', 'PBT100'),
('PTC392', 'NV011', '2025-04-19', N'Tiền mặt', N'Đặt thuốc', 'PDT099'),
('PTC393', 'NV019', '2025-04-19', N'Tiền mặt', N'Trả thuốc', 'PTT099'),
('PTC394', 'NV011', '2025-04-19', N'Tiền mặt', N'Trả thuốc', 'PTT100'),
('PTC395', 'NV001', '2025-04-20', N'Tiền mặt', N'Bán thuốc', 'PBT101'),
('PTC396', 'NV013', '2025-04-20', N'Tiền mặt', N'Đặt thuốc', 'PDT101'),
('PTC397', 'NV014', '2025-04-20', N'Chuyển khoản', N'Đặt thuốc', 'PDT102'),
('PTC398', 'NV001', '2025-04-20', N'Tiền mặt', N'Trả thuốc', 'PTT101'),
('PTC399', 'NV013', '2025-04-20', N'Tiền mặt', N'Trả thuốc', 'PTT102'),
('PTC400', 'NV003', '2025-04-21', N'Tiền mặt', N'Bán thuốc', 'PBT103'),
('PTC401', 'NV004', '2025-04-21', N'Chuyển khoản', N'Bán thuốc', 'PBT104'),
('PTC402', 'NV015', '2025-04-21', N'Tiền mặt', N'Đặt thuốc', 'PDT103'),
('PTC403', 'NV003', '2025-04-21', N'Tiền mặt', N'Trả thuốc', 'PTT103'),
('PTC404', 'NV015', '2025-04-21', N'Tiền mặt', N'Trả thuốc', 'PTT104'),
('PTC405', 'NV005', '2025-04-22', N'Tiền mặt', N'Bán thuốc', 'PBT105'),
('PTC406', 'NV017', '2025-04-22', N'Tiền mặt', N'Đặt thuốc', 'PDT105'),
('PTC407', 'NV018', '2025-04-22', N'Chuyển khoản', N'Đặt thuốc', 'PDT106'),
('PTC408', 'NV005', '2025-04-22', N'Tiền mặt', N'Trả thuốc', 'PTT105'),
('PTC409', 'NV017', '2025-04-22', N'Tiền mặt', N'Trả thuốc', 'PTT106'),
('PTC410', 'NV007', '2025-04-23', N'Tiền mặt', N'Bán thuốc', 'PBT107'),
('PTC411', 'NV008', '2025-04-23', N'Chuyển khoản', N'Bán thuốc', 'PBT108'),
('PTC412', 'NV019', '2025-04-23', N'Tiền mặt', N'Đặt thuốc', 'PDT107'),
('PTC413', 'NV007', '2025-04-23', N'Tiền mặt', N'Trả thuốc', 'PTT107'),
('PTC414', 'NV019', '2025-04-23', N'Tiền mặt', N'Trả thuốc', 'PTT108'),
('PTC415', 'NV009', '2025-04-24', N'Tiền mặt', N'Bán thuốc', 'PBT109'),
('PTC416', 'NV001', '2025-04-24', N'Tiền mặt', N'Đặt thuốc', 'PDT109'),
('PTC417', 'NV002', '2025-04-24', N'Chuyển khoản', N'Đặt thuốc', 'PDT110'),
('PTC418', 'NV009', '2025-04-24', N'Tiền mặt', N'Trả thuốc', 'PTT109'),
('PTC419', 'NV001', '2025-04-24', N'Tiền mặt', N'Trả thuốc', 'PTT110'),
('PTC420', 'NV011', '2025-04-25', N'Tiền mặt', N'Bán thuốc', 'PBT111'),
('PTC421', 'NV012', '2025-04-25', N'Chuyển khoản', N'Bán thuốc', 'PBT112'),
('PTC422', 'NV003', '2025-04-25', N'Tiền mặt', N'Đặt thuốc', 'PDT111'),
('PTC423', 'NV004', '2025-04-25', N'Chuyển khoản', N'Đặt thuốc', 'PDT112'),
('PTC424', 'NV011', '2025-04-25', N'Tiền mặt', N'Trả thuốc', 'PTT111'),
('PTC425', 'NV003', '2025-04-25', N'Tiền mặt', N'Trả thuốc', 'PTT112'),
('PTC426', 'NV013', '2025-04-26', N'Tiền mặt', N'Bán thuốc', 'PBT113'),
('PTC427', 'NV014', '2025-04-26', N'Chuyển khoản', N'Bán thuốc', 'PBT114'),
('PTC428', 'NV005', '2025-04-26', N'Tiền mặt', N'Đặt thuốc', 'PDT113'),
('PTC429', 'NV013', '2025-04-26', N'Tiền mặt', N'Trả thuốc', 'PTT113'),
('PTC430', 'NV005', '2025-04-26', N'Tiền mặt', N'Trả thuốc', 'PTT114'),
('PTC431', 'NV015', '2025-04-27', N'Tiền mặt', N'Bán thuốc', 'PBT115'),
('PTC432', 'NV007', '2025-04-27', N'Tiền mặt', N'Đặt thuốc', 'PDT115'),
('PTC433', 'NV008', '2025-04-27', N'Chuyển khoản', N'Đặt thuốc', 'PDT116'),
('PTC434', 'NV015', '2025-04-27', N'Tiền mặt', N'Trả thuốc', 'PTT115'),
('PTC435', 'NV007', '2025-04-27', N'Tiền mặt', N'Trả thuốc', 'PTT116'),
('PTC436', 'NV017', '2025-04-28', N'Tiền mặt', N'Bán thuốc', 'PBT117'),
('PTC437', 'NV018', '2025-04-28', N'Chuyển khoản', N'Bán thuốc', 'PBT118'),
('PTC438', 'NV009', '2025-04-28', N'Tiền mặt', N'Đặt thuốc', 'PDT117'),
('PTC439', 'NV010', '2025-04-28', N'Chuyển khoản', N'Đặt thuốc', 'PDT138'),
('PTC440', 'NV017', '2025-04-28', N'Tiền mặt', N'Trả thuốc', 'PTT117'),
('PTC441', 'NV009', '2025-04-28', N'Tiền mặt', N'Trả thuốc', 'PTT118'),
('PTC442', 'NV019', '2025-04-29', N'Tiền mặt', N'Bán thuốc', 'PBT119'),
('PTC443', 'NV011', '2025-04-29', N'Tiền mặt', N'Đặt thuốc', 'PDT119'),
('PTC444', 'NV012', '2025-04-29', N'Chuyển khoản', N'Đặt thuốc', 'PDT120'),
('PTC445', 'NV011', '2025-04-29', N'Tiền mặt', N'Đặt thuốc', 'PDT139'),
('PTC446', 'NV012', '2025-04-29', N'Chuyển khoản', N'Đặt thuốc', 'PDT140'),
('PTC447', 'NV019', '2025-04-29', N'Tiền mặt', N'Trả thuốc', 'PTT119'),
('PTC448', 'NV011', '2025-04-29', N'Tiền mặt', N'Trả thuốc', 'PTT120'),
('PTC449', 'NV009', '2025-04-29', N'Tiền mặt', N'Trả thuốc', 'PTT138'),
('PTC450', 'NV011', '2025-04-29', N'Tiền mặt', N'Trả thuốc', 'PTT140'),
('PTC451', 'NV001', '2025-04-30', N'Tiền mặt', N'Bán thuốc', 'PBT121'),
('PTC452', 'NV002', '2025-04-30', N'Chuyển khoản', N'Bán thuốc', 'PBT122'),
('PTC453', 'NV013', '2025-04-30', N'Tiền mặt', N'Đặt thuốc', 'PDT121'),
('PTC454', 'NV013', '2025-04-30', N'Tiền mặt', N'Đặt thuốc', 'PDT141'),
('PTC455', 'NV001', '2025-04-30', N'Tiền mặt', N'Trả thuốc', 'PTT121'),
('PTC456', 'NV013', '2025-04-30', N'Tiền mặt', N'Trả thuốc', 'PTT122'),
('PTC457', 'NV013', '2025-04-30', N'Tiền mặt', N'Trả thuốc', 'PTT142'),
('PTC458', 'NV003', '2025-05-01', N'Tiền mặt', N'Bán thuốc', 'PBT123'),
('PTC459', 'NV015', '2025-05-01', N'Tiền mặt', N'Đặt thuốc', 'PDT123'),
('PTC460', 'NV016', '2025-05-01', N'Chuyển khoản', N'Đặt thuốc', 'PDT124'),
('PTC461', 'NV015', '2025-05-01', N'Tiền mặt', N'Đặt thuốc', 'PDT143'),
('PTC462', 'NV016', '2025-05-01', N'Chuyển khoản', N'Đặt thuốc', 'PDT144'),
('PTC463', 'NV003', '2025-05-01', N'Tiền mặt', N'Trả thuốc', 'PTT123'),
('PTC464', 'NV015', '2025-05-01', N'Tiền mặt', N'Trả thuốc', 'PTT124'),
('PTC465', 'NV015', '2025-05-01', N'Tiền mặt', N'Trả thuốc', 'PTT144'),
('PTC466', 'NV005', '2025-05-02', N'Tiền mặt', N'Bán thuốc', 'PBT125'),
('PTC467', 'NV006', '2025-05-02', N'Chuyển khoản', N'Bán thuốc', 'PBT126'),
('PTC468', 'NV017', '2025-05-02', N'Tiền mặt', N'Đặt thuốc', 'PDT125'),
('PTC469', 'NV018', '2025-05-02', N'Chuyển khoản', N'Đặt thuốc', 'PDT126'),
('PTC470', 'NV017', '2025-05-02', N'Tiền mặt', N'Đặt thuốc', 'PDT145'),
('PTC471', 'NV005', '2025-05-02', N'Tiền mặt', N'Trả thuốc', 'PTT125'),
('PTC472', 'NV017', '2025-05-02', N'Tiền mặt', N'Trả thuốc', 'PTT126'),
('PTC473', 'NV017', '2025-05-02', N'Tiền mặt', N'Trả thuốc', 'PTT146'),
('PTC474', 'NV007', '2025-05-03', N'Tiền mặt', N'Bán thuốc', 'PBT127'),
('PTC475', 'NV008', '2025-05-03', N'Chuyển khoản', N'Bán thuốc', 'PBT128'),
('PTC476', 'NV019', '2025-05-03', N'Tiền mặt', N'Đặt thuốc', 'PDT127'),
('PTC477', 'NV019', '2025-05-03', N'Tiền mặt', N'Đặt thuốc', 'PDT147'),
('PTC478', 'NV007', '2025-05-03', N'Tiền mặt', N'Trả thuốc', 'PTT127'),
('PTC479', 'NV019', '2025-05-03', N'Tiền mặt', N'Trả thuốc', 'PTT128'),
('PTC480', 'NV019', '2025-05-03', N'Tiền mặt', N'Trả thuốc', 'PTT148'),
('PTC481', 'NV009', '2025-05-04', N'Tiền mặt', N'Bán thuốc', 'PBT129'),
('PTC482', 'NV010', '2025-05-04', N'Chuyển khoản', N'Bán thuốc', 'PBT130'),
('PTC483', 'NV001', '2025-05-04', N'Tiền mặt', N'Đặt thuốc', 'PDT129'),
('PTC484', 'NV002', '2025-05-04', N'Chuyển khoản', N'Đặt thuốc', 'PDT130'),
('PTC485', 'NV001', '2025-05-04', N'Tiền mặt', N'Đặt thuốc', 'PDT149'),
('PTC486', 'NV009', '2025-05-04', N'Tiền mặt', N'Trả thuốc', 'PTT129'),
('PTC487', 'NV001', '2025-05-04', N'Tiền mặt', N'Trả thuốc', 'PTT130'),
('PTC488', 'NV011', '2025-05-05', N'Tiền mặt', N'Bán thuốc', 'PBT131'),
('PTC489', 'NV012', '2025-05-05', N'Chuyển khoản', N'Bán thuốc', 'PBT132'),
('PTC490', 'NV003', '2025-05-05', N'Tiền mặt', N'Đặt thuốc', 'PDT131'),
('PTC491', 'NV004', '2025-05-05', N'Chuyển khoản', N'Đặt thuốc', 'PDT152'),
('PTC492', 'NV011', '2025-05-05', N'Tiền mặt', N'Trả thuốc', 'PTT131'),
('PTC493', 'NV003', '2025-05-05', N'Tiền mặt', N'Trả thuốc', 'PTT132'),
('PTC494', 'NV013', '2025-05-06', N'Tiền mặt', N'Bán thuốc', 'PBT133'),
('PTC495', 'NV005', '2025-05-06', N'Tiền mặt', N'Đặt thuốc', 'PDT133'),
('PTC496', 'NV006', '2025-05-06', N'Chuyển khoản', N'Đặt thuốc', 'PDT134'),
('PTC497', 'NV005', '2025-05-06', N'Tiền mặt', N'Đặt thuốc', 'PDT153'),
('PTC498', 'NV006', '2025-05-06', N'Chuyển khoản', N'Đặt thuốc', 'PDT154'),
('PTC499', 'NV013', '2025-05-06', N'Tiền mặt', N'Trả thuốc', 'PTT133'),
('PTC500', 'NV005', '2025-05-06', N'Tiền mặt', N'Trả thuốc', 'PTT134'),
('PTC501', 'NV015', '2025-05-07', N'Tiền mặt', N'Bán thuốc', 'PBT135'),
('PTC502', 'NV016', '2025-05-07', N'Chuyển khoản', N'Bán thuốc', 'PBT136'),
('PTC503', 'NV007', '2025-05-07', N'Tiền mặt', N'Đặt thuốc', 'PDT135'),
('PTC504', 'NV007', '2025-05-07', N'Tiền mặt', N'Đặt thuốc', 'PDT155'),
('PTC505', 'NV008', '2025-05-07', N'Chuyển khoản', N'Đặt thuốc', 'PDT156'),
('PTC506', 'NV015', '2025-05-07', N'Tiền mặt', N'Trả thuốc', 'PTT135'),
('PTC507', 'NV007', '2025-05-07', N'Tiền mặt', N'Trả thuốc', 'PTT136'),
('PTC508', 'NV017', '2025-05-08', N'Tiền mặt', N'Bán thuốc', 'PBT137'),
('PTC509', 'NV009', '2025-05-08', N'Tiền mặt', N'Đặt thuốc', 'PDT157'),
('PTC510', 'NV017', '2025-05-08', N'Tiền mặt', N'Trả thuốc', 'PTT137'),
('PTC511', 'NV018', '2025-05-08', N'Tiền mặt', N'Bán thuốc', 'PBT138'),
('PTC512', 'NV009', '2025-05-08', N'Tiền mặt', N'Trả thuốc', 'PTT138'),
('PTC513', 'NV019', '2025-05-09', N'Tiền mặt', N'Bán thuốc', 'PBT139'),
('PTC514', 'NV020', '2025-05-09', N'Chuyển khoản', N'Bán thuốc', 'PBT140'),
('PTC515', 'NV011', '2025-05-09', N'Tiền mặt', N'Đặt thuốc', 'PDT159'),
('PTC516', 'NV019', '2025-05-09', N'Tiền mặt', N'Trả thuốc', 'PTT139'),
('PTC517', 'NV001', '2025-05-10', N'Tiền mặt', N'Bán thuốc', 'PBT141'),
('PTC518', 'NV002', '2025-05-10', N'Chuyển khoản', N'Bán thuốc', 'PBT142'),
('PTC519', 'NV013', '2025-05-10', N'Tiền mặt', N'Đặt thuốc', 'PDT161'),
('PTC520', 'NV014', '2025-05-10', N'Chuyển khoản', N'Đặt thuốc', 'PDT162'),
('PTC521', 'NV001', '2025-05-10', N'Tiền mặt', N'Trả thuốc', 'PTT141'),
('PTC522', 'NV013', '2025-05-10', N'Tiền mặt', N'Trả thuốc', 'PTT142'),
('PTC523', 'NV003', '2025-05-11', N'Tiền mặt', N'Bán thuốc', 'PBT143'),
('PTC524', 'NV015', '2025-05-11', N'Tiền mặt', N'Đặt thuốc', 'PDT163'),
('PTC525', 'NV016', '2025-05-11', N'Chuyển khoản', N'Đặt thuốc', 'PDT164'),
('PTC526', 'NV003', '2025-05-11', N'Tiền mặt', N'Trả thuốc', 'PTT143'),
('PTC527', 'NV015', '2025-05-11', N'Tiền mặt', N'Trả thuốc', 'PTT144'),
('PTC528', 'NV005', '2025-05-12', N'Tiền mặt', N'Bán thuốc', 'PBT145'),
('PTC529', 'NV006', '2025-05-12', N'Chuyển khoản', N'Bán thuốc', 'PBT146'),
('PTC530', 'NV017', '2025-05-12', N'Tiền mặt', N'Đặt thuốc', 'PDT165'),
('PTC531', 'NV018', '2025-05-12', N'Chuyển khoản', N'Đặt thuốc', 'PDT166'),
('PTC532', 'NV005', '2025-05-12', N'Tiền mặt', N'Trả thuốc', 'PTT145'),
('PTC533', 'NV017', '2025-05-12', N'Tiền mặt', N'Trả thuốc', 'PTT146'),
('PTC534', 'NV007', '2025-05-13', N'Tiền mặt', N'Bán thuốc', 'PBT147'),
('PTC535', 'NV019', '2025-05-13', N'Tiền mặt', N'Đặt thuốc', 'PDT167'),
('PTC536', 'NV020', '2025-05-13', N'Chuyển khoản', N'Đặt thuốc', 'PDT168'),
('PTC537', 'NV007', '2025-05-13', N'Tiền mặt', N'Trả thuốc', 'PTT147'),
('PTC538', 'NV019', '2025-05-13', N'Tiền mặt', N'Trả thuốc', 'PTT148'),
('PTC539', 'NV009', '2025-05-14', N'Tiền mặt', N'Bán thuốc', 'PBT149'),
('PTC540', 'NV010', '2025-05-14', N'Chuyển khoản', N'Bán thuốc', 'PBT150'),
('PTC541', 'NV013', '2025-05-14', N'Tiền mặt', N'Trả thuốc', 'PTT150'),
('PTC542', 'NV001', '2025-05-14', N'Tiền mặt', N'Đặt thuốc', 'PDT169'),
('PTC543', 'NV009', '2025-05-14', N'Tiền mặt', N'Trả thuốc', 'PTT149'),
('PTC544', 'NV011', '2025-05-15', N'Tiền mặt', N'Bán thuốc', 'PBT151'),
('PTC545', 'NV003', '2025-05-15', N'Tiền mặt', N'Đặt thuốc', 'PDT171'),
('PTC546', 'NV004', '2025-05-15', N'Chuyển khoản', N'Đặt thuốc', 'PDT172'),
('PTC547', 'NV011', '2025-05-15', N'Tiền mặt', N'Trả thuốc', 'PTT151'),
('PTC548', 'NV015', '2025-05-15', N'Tiền mặt', N'Trả thuốc', 'PTT152'),
('PTC549', 'NV013', '2025-05-16', N'Tiền mặt', N'Bán thuốc', 'PBT153'),
('PTC550', 'NV014', '2025-05-16', N'Chuyển khoản', N'Bán thuốc', 'PBT154'),
('PTC551', 'NV013', '2025-05-16', N'Tiền mặt', N'Trả thuốc', 'PTT153'),
('PTC552', 'NV017', '2025-05-16', N'Tiền mặt', N'Trả thuốc', 'PTT154'),
('PTC553', 'NV015', '2025-05-17', N'Tiền mặt', N'Bán thuốc', 'PBT155'),
('PTC554', 'NV016', '2025-05-17', N'Chuyển khoản', N'Bán thuốc', 'PBT156'),
('PTC555', 'NV015', '2025-05-17', N'Tiền mặt', N'Trả thuốc', 'PTT155'),
('PTC556', 'NV019', '2025-05-17', N'Tiền mặt', N'Trả thuốc', 'PTT156'),
('PTC557', 'NV017', '2025-05-18', N'Tiền mặt', N'Bán thuốc', 'PBT157'),
('PTC558', 'NV017', '2025-05-18', N'Tiền mặt', N'Trả thuốc', 'PTT157'),
('PTC559', 'NV001', '2025-05-18', N'Tiền mặt', N'Trả thuốc', 'PTT158'),
('PTC560', 'NV019', '2025-05-19', N'Tiền mặt', N'Bán thuốc', 'PBT159'),
('PTC561', 'NV020', '2025-05-19', N'Chuyển khoản', N'Bán thuốc', 'PBT160'),
('PTC562', 'NV019', '2025-05-19', N'Tiền mặt', N'Trả thuốc', 'PTT159'),
('PTC563', 'NV003', '2025-05-19', N'Tiền mặt', N'Trả thuốc', 'PTT160'),
('PTC564', 'NV001', '2025-05-20', N'Tiền mặt', N'Bán thuốc', 'PBT161'),
('PTC565', 'NV005', '2025-05-20', N'Tiền mặt', N'Trả thuốc', 'PTT162'),
('PTC566', 'NV001', '2025-05-20', N'Tiền mặt', N'Trả thuốc', 'PTT161'),
('PTC567', 'NV003', '2025-05-21', N'Tiền mặt', N'Bán thuốc', 'PBT163'),
('PTC568', 'NV004', '2025-05-21', N'Chuyển khoản', N'Bán thuốc', 'PBT164'),
('PTC569', 'NV007', '2025-05-21', N'Tiền mặt', N'Trả thuốc', 'PTT164'),
('PTC570', 'NV003', '2025-05-21', N'Tiền mặt', N'Trả thuốc', 'PTT163'),
('PTC571', 'NV005', '2025-05-22', N'Tiền mặt', N'Bán thuốc', 'PBT165'),
('PTC572', 'NV009', '2025-05-22', N'Tiền mặt', N'Trả thuốc', 'PTT166'),
('PTC573', 'NV005', '2025-05-22', N'Tiền mặt', N'Trả thuốc', 'PTT165'),
('PTC574', 'NV007', '2025-05-23', N'Tiền mặt', N'Bán thuốc', 'PBT167'),
('PTC575', 'NV008', '2025-05-23', N'Chuyển khoản', N'Bán thuốc', 'PBT168'),
('PTC576', 'NV011', '2025-05-23', N'Tiền mặt', N'Trả thuốc', 'PTT168'),
('PTC577', 'NV007', '2025-05-23', N'Tiền mặt', N'Trả thuốc', 'PTT167'),
('PTC578', 'NV009', '2025-05-24', N'Tiền mặt', N'Bán thuốc', 'PBT169'),
('PTC579', 'NV010', '2025-05-24', N'Chuyển khoản', N'Bán thuốc', 'PBT170'),
('PTC580', 'NV013', '2025-05-24', N'Tiền mặt', N'Trả thuốc', 'PTT170'),
('PTC581', 'NV009', '2025-05-24', N'Tiền mặt', N'Trả thuốc', 'PTT169'),
('PTC582', 'NV011', '2025-05-25', N'Tiền mặt', N'Bán thuốc', 'PBT171'),
('PTC583', 'NV013', '2025-05-25', N'Tiền mặt', N'Bán thuốc', 'PBT173'),
('PTC584', 'NV014', '2025-05-25', N'Tiền mặt', N'Bán thuốc', 'PBT174'),
('PTC585', 'NV015', '2025-05-25', N'Tiền mặt', N'Trả thuốc', 'PTT172'),
('PTC586', 'NV011', '2025-05-25', N'Tiền mặt', N'Trả thuốc', 'PTT171'),
('PTC587', 'NV015', '2025-05-26', N'Chuyển khoản', N'Bán thuốc', 'PBT175'),
('PTC588', 'NV017', '2025-05-26', N'Tiền mặt', N'Bán thuốc', 'PBT177'),
('PTC589', 'NV017', '2025-05-26', N'Tiền mặt', N'Trả thuốc', 'PTT174'),
('PTC590', 'NV015', '2025-05-26', N'Chuyển khoản', N'Trả thuốc', 'PTT175'),
('PTC591', 'NV018', '2025-05-27', N'Chuyển khoản', N'Bán thuốc', 'PBT178'),
('PTC592', 'NV019', '2025-05-27', N'Tiền mặt', N'Bán thuốc', 'PBT179'),
('PTC593', 'NV020', '2025-05-27', N'Tiền mặt', N'Bán thuốc', 'PBT180'),
('PTC594', 'NV019', '2025-05-27', N'Tiền mặt', N'Trả thuốc', 'PTT176'),
('PTC595', 'NV019', '2025-05-27', N'Tiền mặt', N'Trả thuốc', 'PTT179'),
('PTC596', 'NV006', '2025-05-28', N'Chuyển khoản', N'Bán thuốc', 'PBT181'),
('PTC597', 'NV007', '2025-05-28', N'Tiền mặt', N'Bán thuốc', 'PBT182'),
('PTC598', 'NV008', '2025-05-28', N'Chuyển khoản', N'Bán thuốc', 'PBT183'),
('PTC599', 'NV001', '2025-05-28', N'Tiền mặt', N'Đặt thuốc', 'PDT179'),
('PTC600', 'NV001', '2025-05-28', N'Tiền mặt', N'Trả thuốc', 'PTT178'),
('PTC601', 'NV006', '2025-05-28', N'Chuyển khoản', N'Trả thuốc', 'PTT181'),
('PTC602', 'NV009', '2025-05-29', N'Tiền mặt', N'Bán thuốc', 'PBT184'),
('PTC603', 'NV010', '2025-05-29', N'Chuyển khoản', N'Bán thuốc', 'PBT185'),
('PTC604', 'NV002', '2025-05-29', N'Chuyển khoản', N'Đặt thuốc', 'PDT180'),
('PTC605', 'NV003', '2025-05-29', N'Tiền mặt', N'Đặt thuốc', 'PDT181'),
('PTC606', 'NV003', '2025-05-29', N'Tiền mặt', N'Trả thuốc', 'PTT180'),
('PTC607', 'NV012', '2025-05-30', N'Chuyển khoản', N'Bán thuốc', 'PBT187'),
('PTC608', 'NV013', '2025-05-30', N'Tiền mặt', N'Bán thuốc', 'PBT188'),
('PTC609', 'NV014', '2025-05-30', N'Tiền mặt', N'Bán thuốc', 'PBT189'),
('PTC610', 'NV005', '2025-05-30', N'Tiền mặt', N'Đặt thuốc', 'PDT183'),
('PTC611', 'NV005', '2025-05-30', N'Tiền mặt', N'Trả thuốc', 'PTT182'),
('PTC612', 'NV015', '2025-05-31', N'Chuyển khoản', N'Bán thuốc', 'PBT190'),
('PTC613', 'NV016', '2025-05-31', N'Tiền mặt', N'Bán thuốc', 'PBT191'),
('PTC614', 'NV017', '2025-05-31', N'Chuyển khoản', N'Bán thuốc', 'PBT192'),
('PTC615', 'NV001', '2025-05-31', N'Chuyển khoản', N'Đặt thuốc', 'PDT184'),
('PTC616', 'NV002', '2025-05-31', N'Tiền mặt', N'Đặt thuốc', 'PDT185'),
('PTC617', 'NV008', '2025-05-31', N'Chuyển khoản', N'Trả thuốc', 'PTT183'),
('PTC618', 'NV007', '2025-05-31', N'Tiền mặt', N'Trả thuốc', 'PTT184');
-- END OF 16.DataPhieuThuChi.sql --

-- START OF 17. DataCaLamViec.sql --
-- ======================= CaLamViec =======================
INSERT INTO dbo.CaLamViec (maCa, tenCa, gioBatDau, gioKetThuc)
VALUES
('CA1', N'Sáng', '07:00', '11:30'),
('CA2', N'Chiều', '13:00', '17:30'),
('CA3', N'Tối', '17:30', '21:00'),
('CA4', N'Cả ngày', '07:00', '17:30');

-- END OF 17.DataCaLamViec.sql --

-- START OF 18. DataLichLamViec.sql --
-- ======================= LichLamViec =======================
INSERT INTO dbo.LichLamViec (maLLV, maNV, ngay, maCa, ghiChu)
VALUES
('LLV0608', 'NV001', '2025-04-13', 'CA4', N'Làm ca CA4'),
('LLV0609', 'NV002', '2025-04-13', 'CA1', N'Làm ca CA1'),
('LLV0610', 'NV003', '2025-04-13', 'CA2', N'Làm ca CA2'),
('LLV0611', 'NV004', '2025-04-13', 'CA3', N'Làm ca CA3'),
('LLV0612', 'NV005', '2025-04-13', 'CA4', N'Làm ca CA4'),
('LLV0613', 'NV006', '2025-04-13', 'CA1', N'Làm ca CA1'),
('LLV0614', 'NV007', '2025-04-13', 'CA2', N'Làm ca CA2'),
('LLV0615', 'NV008', '2025-04-13', 'CA3', N'Làm ca CA3'),
('LLV0616', 'NV009', '2025-04-13', 'CA4', N'Làm ca CA4'),
('LLV0617', 'NV010', '2025-04-13', 'CA1', N'Làm ca CA1'),
('LLV0618', 'NV011', '2025-04-13', 'CA2', N'Làm ca CA2'),
('LLV0619', 'NV012', '2025-04-13', 'CA3', N'Làm ca CA3'),
('LLV0620', 'NV013', '2025-04-13', 'CA4', N'Làm ca CA4'),
('LLV0621', 'NV014', '2025-04-13', 'CA1', N'Làm ca CA1'),
('LLV0622', 'NV015', '2025-04-13', 'CA2', N'Làm ca CA2'),
('LLV0623', 'NV016', '2025-04-13', 'CA3', N'Làm ca CA3'),
('LLV0624', 'NV017', '2025-04-13', 'CA4', N'Làm ca CA4'),
('LLV0625', 'NV018', '2025-04-13', 'CA1', N'Làm ca CA1'),
('LLV0626', 'NV019', '2025-04-13', 'CA2', N'Làm ca CA2'),
('LLV0627', 'NV020', '2025-04-13', 'CA3', N'Làm ca CA3'),
('LLV0628', 'NV001', '2025-04-14', 'CA1', N'Làm ca CA1'),
('LLV0629', 'NV002', '2025-04-14', 'CA2', N'Làm ca CA2'),
('LLV0630', 'NV003', '2025-04-14', 'CA3', N'Làm ca CA3'),
('LLV0631', 'NV004', '2025-04-14', 'CA4', N'Làm ca CA4'),
('LLV0632', 'NV005', '2025-04-14', 'CA1', N'Làm ca CA1'),
('LLV0633', 'NV006', '2025-04-14', 'CA2', N'Làm ca CA2'),
('LLV0634', 'NV007', '2025-04-14', 'CA3', N'Làm ca CA3'),
('LLV0635', 'NV008', '2025-04-14', 'CA4', N'Làm ca CA4'),
('LLV0636', 'NV009', '2025-04-14', 'CA1', N'Làm ca CA1'),
('LLV0637', 'NV010', '2025-04-14', 'CA2', N'Làm ca CA2'),
('LLV0638', 'NV011', '2025-04-14', 'CA3', N'Làm ca CA3'),
('LLV0639', 'NV012', '2025-04-14', 'CA4', N'Làm ca CA4'),
('LLV0640', 'NV013', '2025-04-14', 'CA1', N'Làm ca CA1'),
('LLV0641', 'NV014', '2025-04-14', 'CA2', N'Làm ca CA2'),
('LLV0642', 'NV015', '2025-04-14', 'CA3', N'Làm ca CA3'),
('LLV0643', 'NV016', '2025-04-14', 'CA4', N'Làm ca CA4'),
('LLV0644', 'NV017', '2025-04-14', 'CA1', N'Làm ca CA1'),
('LLV0645', 'NV018', '2025-04-14', 'CA2', N'Làm ca CA2'),
('LLV0646', 'NV019', '2025-04-14', 'CA3', N'Làm ca CA3'),
('LLV0647', 'NV020', '2025-04-14', 'CA4', N'Làm ca CA4'),
('LLV0648', 'NV001', '2025-04-15', 'CA2', N'Làm ca CA2'),
('LLV0649', 'NV002', '2025-04-15', 'CA3', N'Làm ca CA3'),
('LLV0650', 'NV003', '2025-04-15', 'CA4', N'Làm ca CA4'),
('LLV0651', 'NV004', '2025-04-15', 'CA1', N'Làm ca CA1'),
('LLV0652', 'NV005', '2025-04-15', 'CA2', N'Làm ca CA2'),
('LLV0653', 'NV006', '2025-04-15', 'CA3', N'Làm ca CA3'),
('LLV0654', 'NV007', '2025-04-15', 'CA4', N'Làm ca CA4'),
('LLV0655', 'NV008', '2025-04-15', 'CA1', N'Làm ca CA1'),
('LLV0656', 'NV009', '2025-04-15', 'CA2', N'Làm ca CA2'),
('LLV0657', 'NV010', '2025-04-15', 'CA3', N'Làm ca CA3'),
('LLV0658', 'NV011', '2025-04-15', 'CA4', N'Làm ca CA4'),
('LLV0659', 'NV012', '2025-04-15', 'CA1', N'Làm ca CA1'),
('LLV0660', 'NV013', '2025-04-15', 'CA2', N'Làm ca CA2'),
('LLV0661', 'NV014', '2025-04-15', 'CA3', N'Làm ca CA3'),
('LLV0662', 'NV015', '2025-04-15', 'CA4', N'Làm ca CA4'),
('LLV0663', 'NV016', '2025-04-15', 'CA1', N'Làm ca CA1'),
('LLV0664', 'NV017', '2025-04-15', 'CA2', N'Làm ca CA2'),
('LLV0665', 'NV018', '2025-04-15', 'CA3', N'Làm ca CA3'),
('LLV0666', 'NV019', '2025-04-15', 'CA4', N'Làm ca CA4'),
('LLV0667', 'NV020', '2025-04-15', 'CA1', N'Làm ca CA1'),
('LLV0668', 'NV001', '2025-04-16', 'CA3', N'Làm ca CA3'),
('LLV0669', 'NV002', '2025-04-16', 'CA4', N'Làm ca CA4'),
('LLV0670', 'NV003', '2025-04-16', 'CA1', N'Làm ca CA1'),
('LLV0671', 'NV004', '2025-04-16', 'CA2', N'Làm ca CA2'),
('LLV0672', 'NV005', '2025-04-16', 'CA3', N'Làm ca CA3'),
('LLV0673', 'NV006', '2025-04-16', 'CA4', N'Làm ca CA4'),
('LLV0674', 'NV007', '2025-04-16', 'CA1', N'Làm ca CA1'),
('LLV0675', 'NV008', '2025-04-16', 'CA2', N'Làm ca CA2'),
('LLV0676', 'NV009', '2025-04-16', 'CA3', N'Làm ca CA3'),
('LLV0677', 'NV010', '2025-04-16', 'CA4', N'Làm ca CA4'),
('LLV0678', 'NV011', '2025-04-16', 'CA1', N'Làm ca CA1'),
('LLV0679', 'NV012', '2025-04-16', 'CA2', N'Làm ca CA2'),
('LLV0680', 'NV013', '2025-04-16', 'CA3', N'Làm ca CA3'),
('LLV0681', 'NV014', '2025-04-16', 'CA4', N'Làm ca CA4'),
('LLV0682', 'NV015', '2025-04-16', 'CA1', N'Làm ca CA1'),
('LLV0683', 'NV016', '2025-04-16', 'CA2', N'Làm ca CA2'),
('LLV0684', 'NV017', '2025-04-16', 'CA3', N'Làm ca CA3'),
('LLV0685', 'NV018', '2025-04-16', 'CA4', N'Làm ca CA4'),
('LLV0686', 'NV019', '2025-04-16', 'CA1', N'Làm ca CA1'),
('LLV0687', 'NV020', '2025-04-16', 'CA2', N'Làm ca CA2'),
('LLV0688', 'NV001', '2025-04-17', 'CA4', N'Làm ca CA4'),
('LLV0689', 'NV002', '2025-04-17', 'CA1', N'Làm ca CA1'),
('LLV0690', 'NV003', '2025-04-17', 'CA2', N'Làm ca CA2'),
('LLV0691', 'NV004', '2025-04-17', 'CA3', N'Làm ca CA3'),
('LLV0692', 'NV005', '2025-04-17', 'CA4', N'Làm ca CA4'),
('LLV0693', 'NV006', '2025-04-17', 'CA1', N'Làm ca CA1'),
('LLV0694', 'NV007', '2025-04-17', 'CA2', N'Làm ca CA2'),
('LLV0695', 'NV008', '2025-04-17', 'CA3', N'Làm ca CA3'),
('LLV0696', 'NV009', '2025-04-17', 'CA4', N'Làm ca CA4'),
('LLV0697', 'NV010', '2025-04-17', 'CA1', N'Làm ca CA1'),
('LLV0698', 'NV011', '2025-04-17', 'CA2', N'Làm ca CA2'),
('LLV0699', 'NV012', '2025-04-17', 'CA3', N'Làm ca CA3'),
('LLV0700', 'NV013', '2025-04-17', 'CA4', N'Làm ca CA4'),
('LLV0701', 'NV014', '2025-04-17', 'CA1', N'Làm ca CA1'),
('LLV0702', 'NV015', '2025-04-17', 'CA2', N'Làm ca CA2'),
('LLV0703', 'NV016', '2025-04-17', 'CA3', N'Làm ca CA3'),
('LLV0704', 'NV017', '2025-04-17', 'CA4', N'Làm ca CA4'),
('LLV0705', 'NV018', '2025-04-17', 'CA1', N'Làm ca CA1'),
('LLV0706', 'NV019', '2025-04-17', 'CA2', N'Làm ca CA2'),
('LLV0707', 'NV020', '2025-04-17', 'CA3', N'Làm ca CA3'),
('LLV0708', 'NV001', '2025-04-18', 'CA1', N'Làm ca CA1'),
('LLV0709', 'NV002', '2025-04-18', 'CA2', N'Làm ca CA2'),
('LLV0710', 'NV003', '2025-04-18', 'CA3', N'Làm ca CA3'),
('LLV0711', 'NV004', '2025-04-18', 'CA4', N'Làm ca CA4'),
('LLV0712', 'NV005', '2025-04-18', 'CA1', N'Làm ca CA1'),
('LLV0713', 'NV006', '2025-04-18', 'CA2', N'Làm ca CA2'),
('LLV0714', 'NV007', '2025-04-18', 'CA3', N'Làm ca CA3'),
('LLV0715', 'NV008', '2025-04-18', 'CA4', N'Làm ca CA4'),
('LLV0716', 'NV009', '2025-04-18', 'CA1', N'Làm ca CA1'),
('LLV0717', 'NV010', '2025-04-18', 'CA2', N'Làm ca CA2'),
('LLV0718', 'NV011', '2025-04-18', 'CA3', N'Làm ca CA3'),
('LLV0719', 'NV012', '2025-04-18', 'CA4', N'Làm ca CA4'),
('LLV0720', 'NV013', '2025-04-18', 'CA1', N'Làm ca CA1'),
('LLV0721', 'NV014', '2025-04-18', 'CA2', N'Làm ca CA2'),
('LLV0722', 'NV015', '2025-04-18', 'CA3', N'Làm ca CA3'),
('LLV0723', 'NV016', '2025-04-18', 'CA4', N'Làm ca CA4'),
('LLV0724', 'NV017', '2025-04-18', 'CA1', N'Làm ca CA1'),
('LLV0725', 'NV018', '2025-04-18', 'CA2', N'Làm ca CA2'),
('LLV0726', 'NV019', '2025-04-18', 'CA3', N'Làm ca CA3'),
('LLV0727', 'NV020', '2025-04-18', 'CA4', N'Làm ca CA4'),
('LLV0728', 'NV001', '2025-04-19', 'CA2', N'Làm ca CA2'),
('LLV0729', 'NV002', '2025-04-19', 'CA3', N'Làm ca CA3'),
('LLV0730', 'NV003', '2025-04-19', 'CA4', N'Làm ca CA4'),
('LLV0731', 'NV004', '2025-04-19', 'CA1', N'Làm ca CA1'),
('LLV0732', 'NV005', '2025-04-19', 'CA2', N'Làm ca CA2'),
('LLV0733', 'NV006', '2025-04-19', 'CA3', N'Làm ca CA3'),
('LLV0734', 'NV007', '2025-04-19', 'CA4', N'Làm ca CA4'),
('LLV0735', 'NV008', '2025-04-19', 'CA1', N'Làm ca CA1'),
('LLV0736', 'NV009', '2025-04-19', 'CA2', N'Làm ca CA2'),
('LLV0737', 'NV010', '2025-04-19', 'CA3', N'Làm ca CA3'),
('LLV0738', 'NV011', '2025-04-19', 'CA4', N'Làm ca CA4'),
('LLV0739', 'NV012', '2025-04-19', 'CA1', N'Làm ca CA1'),
('LLV0740', 'NV013', '2025-04-19', 'CA2', N'Làm ca CA2'),
('LLV0741', 'NV014', '2025-04-19', 'CA3', N'Làm ca CA3'),
('LLV0742', 'NV015', '2025-04-19', 'CA4', N'Làm ca CA4'),
('LLV0743', 'NV016', '2025-04-19', 'CA1', N'Làm ca CA1'),
('LLV0744', 'NV017', '2025-04-19', 'CA2', N'Làm ca CA2'),
('LLV0745', 'NV018', '2025-04-19', 'CA3', N'Làm ca CA3'),
('LLV0746', 'NV019', '2025-04-19', 'CA4', N'Làm ca CA4'),
('LLV0747', 'NV020', '2025-04-19', 'CA1', N'Làm ca CA1'),
('LLV0748', 'NV001', '2025-04-20', 'CA3', N'Làm ca CA3'),
('LLV0749', 'NV002', '2025-04-20', 'CA4', N'Làm ca CA4'),
('LLV0750', 'NV003', '2025-04-20', 'CA1', N'Làm ca CA1'),
('LLV0751', 'NV004', '2025-04-20', 'CA2', N'Làm ca CA2'),
('LLV0752', 'NV005', '2025-04-20', 'CA3', N'Làm ca CA3'),
('LLV0753', 'NV006', '2025-04-20', 'CA4', N'Làm ca CA4'),
('LLV0754', 'NV007', '2025-04-20', 'CA1', N'Làm ca CA1'),
('LLV0755', 'NV008', '2025-04-20', 'CA2', N'Làm ca CA2'),
('LLV0756', 'NV009', '2025-04-20', 'CA3', N'Làm ca CA3'),
('LLV0757', 'NV010', '2025-04-20', 'CA4', N'Làm ca CA4'),
('LLV0758', 'NV011', '2025-04-20', 'CA1', N'Làm ca CA1'),
('LLV0759', 'NV012', '2025-04-20', 'CA2', N'Làm ca CA2'),
('LLV0760', 'NV013', '2025-04-20', 'CA3', N'Làm ca CA3'),
('LLV0761', 'NV014', '2025-04-20', 'CA4', N'Làm ca CA4'),
('LLV0762', 'NV015', '2025-04-20', 'CA1', N'Làm ca CA1'),
('LLV0763', 'NV016', '2025-04-20', 'CA2', N'Làm ca CA2'),
('LLV0764', 'NV017', '2025-04-20', 'CA3', N'Làm ca CA3'),
('LLV0765', 'NV018', '2025-04-20', 'CA4', N'Làm ca CA4'),
('LLV0766', 'NV019', '2025-04-20', 'CA1', N'Làm ca CA1'),
('LLV0767', 'NV020', '2025-04-20', 'CA2', N'Làm ca CA2'),
('LLV0768', 'NV001', '2025-04-21', 'CA4', N'Làm ca CA4'),
('LLV0769', 'NV002', '2025-04-21', 'CA1', N'Làm ca CA1'),
('LLV0770', 'NV003', '2025-04-21', 'CA2', N'Làm ca CA2'),
('LLV0771', 'NV004', '2025-04-21', 'CA3', N'Làm ca CA3'),
('LLV0772', 'NV005', '2025-04-21', 'CA4', N'Làm ca CA4'),
('LLV0773', 'NV006', '2025-04-21', 'CA1', N'Làm ca CA1'),
('LLV0774', 'NV007', '2025-04-21', 'CA2', N'Làm ca CA2'),
('LLV0775', 'NV008', '2025-04-21', 'CA3', N'Làm ca CA3'),
('LLV0776', 'NV009', '2025-04-21', 'CA4', N'Làm ca CA4'),
('LLV0777', 'NV010', '2025-04-21', 'CA1', N'Làm ca CA1'),
('LLV0778', 'NV011', '2025-04-21', 'CA2', N'Làm ca CA2'),
('LLV0779', 'NV012', '2025-04-21', 'CA3', N'Làm ca CA3'),
('LLV0780', 'NV013', '2025-04-21', 'CA4', N'Làm ca CA4'),
('LLV0781', 'NV014', '2025-04-21', 'CA1', N'Làm ca CA1'),
('LLV0782', 'NV015', '2025-04-21', 'CA2', N'Làm ca CA2'),
('LLV0783', 'NV016', '2025-04-21', 'CA3', N'Làm ca CA3'),
('LLV0784', 'NV017', '2025-04-21', 'CA4', N'Làm ca CA4'),
('LLV0785', 'NV018', '2025-04-21', 'CA1', N'Làm ca CA1'),
('LLV0786', 'NV019', '2025-04-21', 'CA2', N'Làm ca CA2'),
('LLV0787', 'NV020', '2025-04-21', 'CA3', N'Làm ca CA3'),
('LLV0788', 'NV001', '2025-04-22', 'CA1', N'Làm ca CA1'),
('LLV0789', 'NV002', '2025-04-22', 'CA2', N'Làm ca CA2'),
('LLV0790', 'NV003', '2025-04-22', 'CA3', N'Làm ca CA3'),
('LLV0791', 'NV004', '2025-04-22', 'CA4', N'Làm ca CA4'),
('LLV0792', 'NV005', '2025-04-22', 'CA1', N'Làm ca CA1'),
('LLV0793', 'NV006', '2025-04-22', 'CA2', N'Làm ca CA2'),
('LLV0794', 'NV007', '2025-04-22', 'CA3', N'Làm ca CA3'),
('LLV0795', 'NV008', '2025-04-22', 'CA4', N'Làm ca CA4'),
('LLV0796', 'NV009', '2025-04-22', 'CA1', N'Làm ca CA1'),
('LLV0797', 'NV010', '2025-04-22', 'CA2', N'Làm ca CA2'),
('LLV0798', 'NV011', '2025-04-22', 'CA3', N'Làm ca CA3'),
('LLV0799', 'NV012', '2025-04-22', 'CA4', N'Làm ca CA4'),
('LLV0800', 'NV013', '2025-04-22', 'CA1', N'Làm ca CA1'),
('LLV0801', 'NV014', '2025-04-22', 'CA2', N'Làm ca CA2'),
('LLV0802', 'NV015', '2025-04-22', 'CA3', N'Làm ca CA3'),
('LLV0803', 'NV016', '2025-04-22', 'CA4', N'Làm ca CA4'),
('LLV0804', 'NV017', '2025-04-22', 'CA1', N'Làm ca CA1'),
('LLV0805', 'NV018', '2025-04-22', 'CA2', N'Làm ca CA2'),
('LLV0806', 'NV019', '2025-04-22', 'CA3', N'Làm ca CA3'),
('LLV0807', 'NV020', '2025-04-22', 'CA4', N'Làm ca CA4'),
('LLV0808', 'NV001', '2025-04-23', 'CA2', N'Làm ca CA2'),
('LLV0809', 'NV002', '2025-04-23', 'CA3', N'Làm ca CA3'),
('LLV0810', 'NV003', '2025-04-23', 'CA4', N'Làm ca CA4'),
('LLV0811', 'NV004', '2025-04-23', 'CA1', N'Làm ca CA1'),
('LLV0812', 'NV005', '2025-04-23', 'CA2', N'Làm ca CA2'),
('LLV0813', 'NV006', '2025-04-23', 'CA3', N'Làm ca CA3'),
('LLV0814', 'NV007', '2025-04-23', 'CA4', N'Làm ca CA4'),
('LLV0815', 'NV008', '2025-04-23', 'CA1', N'Làm ca CA1'),
('LLV0816', 'NV009', '2025-04-23', 'CA2', N'Làm ca CA2'),
('LLV0817', 'NV010', '2025-04-23', 'CA3', N'Làm ca CA3'),
('LLV0818', 'NV011', '2025-04-23', 'CA4', N'Làm ca CA4'),
('LLV0819', 'NV012', '2025-04-23', 'CA1', N'Làm ca CA1'),
('LLV0820', 'NV013', '2025-04-23', 'CA2', N'Làm ca CA2'),
('LLV0821', 'NV014', '2025-04-23', 'CA3', N'Làm ca CA3'),
('LLV0822', 'NV015', '2025-04-23', 'CA4', N'Làm ca CA4'),
('LLV0823', 'NV016', '2025-04-23', 'CA1', N'Làm ca CA1'),
('LLV0824', 'NV017', '2025-04-23', 'CA2', N'Làm ca CA2'),
('LLV0825', 'NV018', '2025-04-23', 'CA3', N'Làm ca CA3'),
('LLV0826', 'NV019', '2025-04-23', 'CA4', N'Làm ca CA4'),
('LLV0827', 'NV020', '2025-04-23', 'CA1', N'Làm ca CA1'),
('LLV0828', 'NV001', '2025-04-24', 'CA3', N'Làm ca CA3'),
('LLV0829', 'NV002', '2025-04-24', 'CA4', N'Làm ca CA4'),
('LLV0830', 'NV003', '2025-04-24', 'CA1', N'Làm ca CA1'),
('LLV0831', 'NV004', '2025-04-24', 'CA2', N'Làm ca CA2'),
('LLV0832', 'NV005', '2025-04-24', 'CA3', N'Làm ca CA3'),
('LLV0833', 'NV006', '2025-04-24', 'CA4', N'Làm ca CA4'),
('LLV0834', 'NV007', '2025-04-24', 'CA1', N'Làm ca CA1'),
('LLV0835', 'NV008', '2025-04-24', 'CA2', N'Làm ca CA2'),
('LLV0836', 'NV009', '2025-04-24', 'CA3', N'Làm ca CA3'),
('LLV0837', 'NV010', '2025-04-24', 'CA4', N'Làm ca CA4'),
('LLV0838', 'NV011', '2025-04-24', 'CA1', N'Làm ca CA1'),
('LLV0839', 'NV012', '2025-04-24', 'CA2', N'Làm ca CA2'),
('LLV0840', 'NV013', '2025-04-24', 'CA3', N'Làm ca CA3'),
('LLV0841', 'NV014', '2025-04-24', 'CA4', N'Làm ca CA4'),
('LLV0842', 'NV015', '2025-04-24', 'CA1', N'Làm ca CA1'),
('LLV0843', 'NV016', '2025-04-24', 'CA2', N'Làm ca CA2'),
('LLV0844', 'NV017', '2025-04-24', 'CA3', N'Làm ca CA3'),
('LLV0845', 'NV018', '2025-04-24', 'CA4', N'Làm ca CA4'),
('LLV0846', 'NV019', '2025-04-24', 'CA1', N'Làm ca CA1'),
('LLV0847', 'NV020', '2025-04-24', 'CA2', N'Làm ca CA2'),
('LLV0848', 'NV001', '2025-04-25', 'CA4', N'Làm ca CA4'),
('LLV0849', 'NV002', '2025-04-25', 'CA1', N'Làm ca CA1'),
('LLV0850', 'NV003', '2025-04-25', 'CA2', N'Làm ca CA2'),
('LLV0851', 'NV004', '2025-04-25', 'CA3', N'Làm ca CA3'),
('LLV0852', 'NV005', '2025-04-25', 'CA4', N'Làm ca CA4'),
('LLV0853', 'NV006', '2025-04-25', 'CA1', N'Làm ca CA1'),
('LLV0854', 'NV007', '2025-04-25', 'CA2', N'Làm ca CA2'),
('LLV0855', 'NV008', '2025-04-25', 'CA3', N'Làm ca CA3'),
('LLV0856', 'NV009', '2025-04-25', 'CA4', N'Làm ca CA4'),
('LLV0857', 'NV010', '2025-04-25', 'CA1', N'Làm ca CA1'),
('LLV0858', 'NV011', '2025-04-25', 'CA2', N'Làm ca CA2'),
('LLV0859', 'NV012', '2025-04-25', 'CA3', N'Làm ca CA3'),
('LLV0860', 'NV013', '2025-04-25', 'CA4', N'Làm ca CA4'),
('LLV0861', 'NV014', '2025-04-25', 'CA1', N'Làm ca CA1'),
('LLV0862', 'NV015', '2025-04-25', 'CA2', N'Làm ca CA2'),
('LLV0863', 'NV016', '2025-04-25', 'CA3', N'Làm ca CA3'),
('LLV0864', 'NV017', '2025-04-25', 'CA4', N'Làm ca CA4'),
('LLV0865', 'NV018', '2025-04-25', 'CA1', N'Làm ca CA1'),
('LLV0866', 'NV019', '2025-04-25', 'CA2', N'Làm ca CA2'),
('LLV0867', 'NV020', '2025-04-25', 'CA3', N'Làm ca CA3'),
('LLV0868', 'NV001', '2025-04-26', 'CA1', N'Làm ca CA1'),
('LLV0869', 'NV002', '2025-04-26', 'CA2', N'Làm ca CA2'),
('LLV0870', 'NV003', '2025-04-26', 'CA3', N'Làm ca CA3'),
('LLV0871', 'NV004', '2025-04-26', 'CA4', N'Làm ca CA4'),
('LLV0872', 'NV005', '2025-04-26', 'CA1', N'Làm ca CA1'),
('LLV0873', 'NV006', '2025-04-26', 'CA2', N'Làm ca CA2'),
('LLV0874', 'NV007', '2025-04-26', 'CA3', N'Làm ca CA3'),
('LLV0875', 'NV008', '2025-04-26', 'CA4', N'Làm ca CA4'),
('LLV0876', 'NV009', '2025-04-26', 'CA1', N'Làm ca CA1'),
('LLV0877', 'NV010', '2025-04-26', 'CA2', N'Làm ca CA2'),
('LLV0878', 'NV011', '2025-04-26', 'CA3', N'Làm ca CA3'),
('LLV0879', 'NV012', '2025-04-26', 'CA4', N'Làm ca CA4'),
('LLV0880', 'NV013', '2025-04-26', 'CA1', N'Làm ca CA1'),
('LLV0881', 'NV014', '2025-04-26', 'CA2', N'Làm ca CA2'),
('LLV0882', 'NV015', '2025-04-26', 'CA3', N'Làm ca CA3'),
('LLV0883', 'NV016', '2025-04-26', 'CA4', N'Làm ca CA4'),
('LLV0884', 'NV017', '2025-04-26', 'CA1', N'Làm ca CA1'),
('LLV0885', 'NV018', '2025-04-26', 'CA2', N'Làm ca CA2'),
('LLV0886', 'NV019', '2025-04-26', 'CA3', N'Làm ca CA3'),
('LLV0887', 'NV020', '2025-04-26', 'CA4', N'Làm ca CA4'),
('LLV0888', 'NV001', '2025-04-27', 'CA2', N'Làm ca CA2'),
('LLV0889', 'NV002', '2025-04-27', 'CA3', N'Làm ca CA3'),
('LLV0890', 'NV003', '2025-04-27', 'CA4', N'Làm ca CA4'),
('LLV0891', 'NV004', '2025-04-27', 'CA1', N'Làm ca CA1'),
('LLV0892', 'NV005', '2025-04-27', 'CA2', N'Làm ca CA2'),
('LLV0893', 'NV006', '2025-04-27', 'CA3', N'Làm ca CA3'),
('LLV0894', 'NV007', '2025-04-27', 'CA4', N'Làm ca CA4'),
('LLV0895', 'NV008', '2025-04-27', 'CA1', N'Làm ca CA1'),
('LLV0896', 'NV009', '2025-04-27', 'CA2', N'Làm ca CA2'),
('LLV0897', 'NV010', '2025-04-27', 'CA3', N'Làm ca CA3'),
('LLV0898', 'NV011', '2025-04-27', 'CA4', N'Làm ca CA4'),
('LLV0899', 'NV012', '2025-04-27', 'CA1', N'Làm ca CA1'),
('LLV0900', 'NV013', '2025-04-27', 'CA2', N'Làm ca CA2'),
('LLV0901', 'NV014', '2025-04-27', 'CA3', N'Làm ca CA3'),
('LLV0902', 'NV015', '2025-04-27', 'CA4', N'Làm ca CA4'),
('LLV0903', 'NV016', '2025-04-27', 'CA1', N'Làm ca CA1'),
('LLV0904', 'NV017', '2025-04-27', 'CA2', N'Làm ca CA2'),
('LLV0905', 'NV018', '2025-04-27', 'CA3', N'Làm ca CA3'),
('LLV0906', 'NV019', '2025-04-27', 'CA4', N'Làm ca CA4'),
('LLV0907', 'NV020', '2025-04-27', 'CA1', N'Làm ca CA1'),
('LLV0908', 'NV001', '2025-04-28', 'CA3', N'Làm ca CA3'),
('LLV0909', 'NV002', '2025-04-28', 'CA4', N'Làm ca CA4'),
('LLV0910', 'NV003', '2025-04-28', 'CA1', N'Làm ca CA1'),
('LLV0911', 'NV004', '2025-04-28', 'CA2', N'Làm ca CA2'),
('LLV0912', 'NV005', '2025-04-28', 'CA3', N'Làm ca CA3'),
('LLV0913', 'NV006', '2025-04-28', 'CA4', N'Làm ca CA4'),
('LLV0914', 'NV007', '2025-04-28', 'CA1', N'Làm ca CA1'),
('LLV0915', 'NV008', '2025-04-28', 'CA2', N'Làm ca CA2'),
('LLV0916', 'NV009', '2025-04-28', 'CA3', N'Làm ca CA3'),
('LLV0917', 'NV010', '2025-04-28', 'CA4', N'Làm ca CA4'),
('LLV0918', 'NV011', '2025-04-28', 'CA1', N'Làm ca CA1'),
('LLV0919', 'NV012', '2025-04-28', 'CA2', N'Làm ca CA2'),
('LLV0920', 'NV013', '2025-04-28', 'CA3', N'Làm ca CA3'),
('LLV0921', 'NV014', '2025-04-28', 'CA4', N'Làm ca CA4'),
('LLV0922', 'NV015', '2025-04-28', 'CA1', N'Làm ca CA1'),
('LLV0923', 'NV016', '2025-04-28', 'CA2', N'Làm ca CA2'),
('LLV0924', 'NV017', '2025-04-28', 'CA3', N'Làm ca CA3'),
('LLV0925', 'NV018', '2025-04-28', 'CA4', N'Làm ca CA4'),
('LLV0926', 'NV019', '2025-04-28', 'CA1', N'Làm ca CA1'),
('LLV0927', 'NV020', '2025-04-28', 'CA2', N'Làm ca CA2'),
('LLV0928', 'NV001', '2025-04-29', 'CA4', N'Làm ca CA4'),
('LLV0929', 'NV002', '2025-04-29', 'CA1', N'Làm ca CA1'),
('LLV0930', 'NV003', '2025-04-29', 'CA2', N'Làm ca CA2'),
('LLV0931', 'NV004', '2025-04-29', 'CA3', N'Làm ca CA3'),
('LLV0932', 'NV005', '2025-04-29', 'CA4', N'Làm ca CA4'),
('LLV0933', 'NV006', '2025-04-29', 'CA1', N'Làm ca CA1'),
('LLV0934', 'NV007', '2025-04-29', 'CA2', N'Làm ca CA2'),
('LLV0935', 'NV008', '2025-04-29', 'CA3', N'Làm ca CA3'),
('LLV0936', 'NV009', '2025-04-29', 'CA4', N'Làm ca CA4'),
('LLV0937', 'NV010', '2025-04-29', 'CA1', N'Làm ca CA1'),
('LLV0938', 'NV011', '2025-04-29', 'CA2', N'Làm ca CA2'),
('LLV0939', 'NV012', '2025-04-29', 'CA3', N'Làm ca CA3'),
('LLV0940', 'NV013', '2025-04-29', 'CA4', N'Làm ca CA4'),
('LLV0941', 'NV014', '2025-04-29', 'CA1', N'Làm ca CA1'),
('LLV0942', 'NV015', '2025-04-29', 'CA2', N'Làm ca CA2'),
('LLV0943', 'NV016', '2025-04-29', 'CA3', N'Làm ca CA3'),
('LLV0944', 'NV017', '2025-04-29', 'CA4', N'Làm ca CA4'),
('LLV0945', 'NV018', '2025-04-29', 'CA1', N'Làm ca CA1'),
('LLV0946', 'NV019', '2025-04-29', 'CA2', N'Làm ca CA2'),
('LLV0947', 'NV020', '2025-04-29', 'CA3', N'Làm ca CA3'),
('LLV0948', 'NV001', '2025-04-30', 'CA1', N'Làm ca CA1'),
('LLV0949', 'NV002', '2025-04-30', 'CA2', N'Làm ca CA2'),
('LLV0950', 'NV003', '2025-04-30', 'CA3', N'Làm ca CA3'),
('LLV0951', 'NV004', '2025-04-30', 'CA4', N'Làm ca CA4'),
('LLV0952', 'NV005', '2025-04-30', 'CA1', N'Làm ca CA1'),
('LLV0953', 'NV006', '2025-04-30', 'CA2', N'Làm ca CA2'),
('LLV0954', 'NV007', '2025-04-30', 'CA3', N'Làm ca CA3'),
('LLV0955', 'NV008', '2025-04-30', 'CA4', N'Làm ca CA4'),
('LLV0956', 'NV009', '2025-04-30', 'CA1', N'Làm ca CA1'),
('LLV0957', 'NV010', '2025-04-30', 'CA2', N'Làm ca CA2'),
('LLV0958', 'NV011', '2025-04-30', 'CA3', N'Làm ca CA3'),
('LLV0959', 'NV012', '2025-04-30', 'CA4', N'Làm ca CA4'),
('LLV0960', 'NV013', '2025-04-30', 'CA1', N'Làm ca CA1'),
('LLV0961', 'NV014', '2025-04-30', 'CA2', N'Làm ca CA2'),
('LLV0962', 'NV015', '2025-04-30', 'CA3', N'Làm ca CA3'),
('LLV0963', 'NV016', '2025-04-30', 'CA4', N'Làm ca CA4'),
('LLV0964', 'NV017', '2025-04-30', 'CA1', N'Làm ca CA1'),
('LLV0965', 'NV018', '2025-04-30', 'CA2', N'Làm ca CA2'),
('LLV0966', 'NV019', '2025-04-30', 'CA3', N'Làm ca CA3'),
('LLV0967', 'NV020', '2025-04-30', 'CA4', N'Làm ca CA4'),
('LLV0968', 'NV001', '2025-05-01', 'CA2', N'Làm ca CA2'),
('LLV0969', 'NV002', '2025-05-01', 'CA3', N'Làm ca CA3'),
('LLV0970', 'NV003', '2025-05-01', 'CA4', N'Làm ca CA4'),
('LLV0971', 'NV004', '2025-05-01', 'CA1', N'Làm ca CA1'),
('LLV0972', 'NV005', '2025-05-01', 'CA2', N'Làm ca CA2'),
('LLV0973', 'NV006', '2025-05-01', 'CA3', N'Làm ca CA3'),
('LLV0974', 'NV007', '2025-05-01', 'CA4', N'Làm ca CA4'),
('LLV0975', 'NV008', '2025-05-01', 'CA1', N'Làm ca CA1'),
('LLV0976', 'NV009', '2025-05-01', 'CA2', N'Làm ca CA2'),
('LLV0977', 'NV010', '2025-05-01', 'CA3', N'Làm ca CA3'),
('LLV0978', 'NV011', '2025-05-01', 'CA4', N'Làm ca CA4'),
('LLV0979', 'NV012', '2025-05-01', 'CA1', N'Làm ca CA1'),
('LLV0980', 'NV013', '2025-05-01', 'CA2', N'Làm ca CA2'),
('LLV0981', 'NV014', '2025-05-01', 'CA3', N'Làm ca CA3'),
('LLV0982', 'NV015', '2025-05-01', 'CA4', N'Làm ca CA4'),
('LLV0983', 'NV016', '2025-05-01', 'CA1', N'Làm ca CA1'),
('LLV0984', 'NV017', '2025-05-01', 'CA2', N'Làm ca CA2'),
('LLV0985', 'NV018', '2025-05-01', 'CA3', N'Làm ca CA3'),
('LLV0986', 'NV019', '2025-05-01', 'CA4', N'Làm ca CA4'),
('LLV0987', 'NV020', '2025-05-01', 'CA1', N'Làm ca CA1'),
('LLV0988', 'NV001', '2025-05-02', 'CA3', N'Làm ca CA3'),
('LLV0989', 'NV002', '2025-05-02', 'CA4', N'Làm ca CA4'),
('LLV0990', 'NV003', '2025-05-02', 'CA1', N'Làm ca CA1'),
('LLV0991', 'NV004', '2025-05-02', 'CA2', N'Làm ca CA2'),
('LLV0992', 'NV005', '2025-05-02', 'CA3', N'Làm ca CA3'),
('LLV0993', 'NV006', '2025-05-02', 'CA4', N'Làm ca CA4'),
('LLV0994', 'NV007', '2025-05-02', 'CA1', N'Làm ca CA1'),
('LLV0995', 'NV008', '2025-05-02', 'CA2', N'Làm ca CA2'),
('LLV0996', 'NV009', '2025-05-02', 'CA3', N'Làm ca CA3'),
('LLV0997', 'NV010', '2025-05-02', 'CA4', N'Làm ca CA4'),
('LLV0998', 'NV011', '2025-05-02', 'CA1', N'Làm ca CA1'),
('LLV0999', 'NV012', '2025-05-02', 'CA2', N'Làm ca CA2'),
('LLV1000', 'NV013', '2025-05-02', 'CA3', N'Làm ca CA3'),
('LLV1001', 'NV014', '2025-05-02', 'CA4', N'Làm ca CA4'),
('LLV1002', 'NV015', '2025-05-02', 'CA1', N'Làm ca CA1'),
('LLV1003', 'NV016', '2025-05-02', 'CA2', N'Làm ca CA2'),
('LLV1004', 'NV017', '2025-05-02', 'CA3', N'Làm ca CA3'),
('LLV1005', 'NV018', '2025-05-02', 'CA4', N'Làm ca CA4'),
('LLV1006', 'NV019', '2025-05-02', 'CA1', N'Làm ca CA1'),
('LLV1007', 'NV020', '2025-05-02', 'CA2', N'Làm ca CA2'),
('LLV1008', 'NV001', '2025-05-03', 'CA4', N'Làm ca CA4'),
('LLV1009', 'NV002', '2025-05-03', 'CA1', N'Làm ca CA1'),
('LLV1010', 'NV003', '2025-05-03', 'CA2', N'Làm ca CA2'),
('LLV1011', 'NV004', '2025-05-03', 'CA3', N'Làm ca CA3'),
('LLV1012', 'NV005', '2025-05-03', 'CA4', N'Làm ca CA4'),
('LLV1013', 'NV006', '2025-05-03', 'CA1', N'Làm ca CA1'),
('LLV1014', 'NV007', '2025-05-03', 'CA2', N'Làm ca CA2'),
('LLV1015', 'NV008', '2025-05-03', 'CA3', N'Làm ca CA3'),
('LLV1016', 'NV009', '2025-05-03', 'CA4', N'Làm ca CA4'),
('LLV1017', 'NV010', '2025-05-03', 'CA1', N'Làm ca CA1'),
('LLV1018', 'NV011', '2025-05-03', 'CA2', N'Làm ca CA2'),
('LLV1019', 'NV012', '2025-05-03', 'CA3', N'Làm ca CA3'),
('LLV1020', 'NV013', '2025-05-03', 'CA4', N'Làm ca CA4'),
('LLV1021', 'NV014', '2025-05-03', 'CA1', N'Làm ca CA1'),
('LLV1022', 'NV015', '2025-05-03', 'CA2', N'Làm ca CA2'),
('LLV1023', 'NV016', '2025-05-03', 'CA3', N'Làm ca CA3'),
('LLV1024', 'NV017', '2025-05-03', 'CA4', N'Làm ca CA4'),
('LLV1025', 'NV018', '2025-05-03', 'CA1', N'Làm ca CA1'),
('LLV1026', 'NV019', '2025-05-03', 'CA2', N'Làm ca CA2'),
('LLV1027', 'NV020', '2025-05-03', 'CA3', N'Làm ca CA3'),
('LLV1028', 'NV001', '2025-05-04', 'CA1', N'Làm ca CA1'),
('LLV1029', 'NV002', '2025-05-04', 'CA2', N'Làm ca CA2'),
('LLV1030', 'NV003', '2025-05-04', 'CA3', N'Làm ca CA3'),
('LLV1031', 'NV004', '2025-05-04', 'CA4', N'Làm ca CA4'),
('LLV1032', 'NV005', '2025-05-04', 'CA1', N'Làm ca CA1'),
('LLV1033', 'NV006', '2025-05-04', 'CA2', N'Làm ca CA2'),
('LLV1034', 'NV007', '2025-05-04', 'CA3', N'Làm ca CA3'),
('LLV1035', 'NV008', '2025-05-04', 'CA4', N'Làm ca CA4'),
('LLV1036', 'NV009', '2025-05-04', 'CA1', N'Làm ca CA1'),
('LLV1037', 'NV010', '2025-05-04', 'CA2', N'Làm ca CA2'),
('LLV1038', 'NV011', '2025-05-04', 'CA3', N'Làm ca CA3'),
('LLV1039', 'NV012', '2025-05-04', 'CA4', N'Làm ca CA4'),
('LLV1040', 'NV013', '2025-05-04', 'CA1', N'Làm ca CA1'),
('LLV1041', 'NV014', '2025-05-04', 'CA2', N'Làm ca CA2'),
('LLV1042', 'NV015', '2025-05-04', 'CA3', N'Làm ca CA3'),
('LLV1043', 'NV016', '2025-05-04', 'CA4', N'Làm ca CA4'),
('LLV1044', 'NV017', '2025-05-04', 'CA1', N'Làm ca CA1'),
('LLV1045', 'NV018', '2025-05-04', 'CA2', N'Làm ca CA2'),
('LLV1046', 'NV019', '2025-05-04', 'CA3', N'Làm ca CA3'),
('LLV1047', 'NV020', '2025-05-04', 'CA4', N'Làm ca CA4'),
('LLV1048', 'NV001', '2025-05-05', 'CA2', N'Làm ca CA2'),
('LLV1049', 'NV002', '2025-05-05', 'CA3', N'Làm ca CA3'),
('LLV1050', 'NV003', '2025-05-05', 'CA4', N'Làm ca CA4'),
('LLV1051', 'NV004', '2025-05-05', 'CA1', N'Làm ca CA1'),
('LLV1052', 'NV005', '2025-05-05', 'CA2', N'Làm ca CA2'),
('LLV1053', 'NV006', '2025-05-05', 'CA3', N'Làm ca CA3'),
('LLV1054', 'NV007', '2025-05-05', 'CA4', N'Làm ca CA4'),
('LLV1055', 'NV008', '2025-05-05', 'CA1', N'Làm ca CA1'),
('LLV1056', 'NV009', '2025-05-05', 'CA2', N'Làm ca CA2'),
('LLV1057', 'NV010', '2025-05-05', 'CA3', N'Làm ca CA3'),
('LLV1058', 'NV011', '2025-05-05', 'CA4', N'Làm ca CA4'),
('LLV1059', 'NV012', '2025-05-05', 'CA1', N'Làm ca CA1'),
('LLV1060', 'NV013', '2025-05-05', 'CA2', N'Làm ca CA2'),
('LLV1061', 'NV014', '2025-05-05', 'CA3', N'Làm ca CA3'),
('LLV1062', 'NV015', '2025-05-05', 'CA4', N'Làm ca CA4'),
('LLV1063', 'NV016', '2025-05-05', 'CA1', N'Làm ca CA1'),
('LLV1064', 'NV017', '2025-05-05', 'CA2', N'Làm ca CA2'),
('LLV1065', 'NV018', '2025-05-05', 'CA3', N'Làm ca CA3'),
('LLV1066', 'NV019', '2025-05-05', 'CA4', N'Làm ca CA4'),
('LLV1067', 'NV020', '2025-05-05', 'CA1', N'Làm ca CA1'),
('LLV1068', 'NV001', '2025-05-06', 'CA3', N'Làm ca CA3'),
('LLV1069', 'NV002', '2025-05-06', 'CA4', N'Làm ca CA4'),
('LLV1070', 'NV003', '2025-05-06', 'CA1', N'Làm ca CA1'),
('LLV1071', 'NV004', '2025-05-06', 'CA2', N'Làm ca CA2'),
('LLV1072', 'NV005', '2025-05-06', 'CA3', N'Làm ca CA3'),
('LLV1073', 'NV006', '2025-05-06', 'CA4', N'Làm ca CA4'),
('LLV1074', 'NV007', '2025-05-06', 'CA1', N'Làm ca CA1'),
('LLV1075', 'NV008', '2025-05-06', 'CA2', N'Làm ca CA2'),
('LLV1076', 'NV009', '2025-05-06', 'CA3', N'Làm ca CA3'),
('LLV1077', 'NV010', '2025-05-06', 'CA4', N'Làm ca CA4'),
('LLV1078', 'NV011', '2025-05-06', 'CA1', N'Làm ca CA1'),
('LLV1079', 'NV012', '2025-05-06', 'CA2', N'Làm ca CA2'),
('LLV1080', 'NV013', '2025-05-06', 'CA3', N'Làm ca CA3'),
('LLV1081', 'NV014', '2025-05-06', 'CA4', N'Làm ca CA4'),
('LLV1082', 'NV015', '2025-05-06', 'CA1', N'Làm ca CA1'),
('LLV1083', 'NV016', '2025-05-06', 'CA2', N'Làm ca CA2'),
('LLV1084', 'NV017', '2025-05-06', 'CA3', N'Làm ca CA3'),
('LLV1085', 'NV018', '2025-05-06', 'CA4', N'Làm ca CA4'),
('LLV1086', 'NV019', '2025-05-06', 'CA1', N'Làm ca CA1'),
('LLV1087', 'NV020', '2025-05-06', 'CA2', N'Làm ca CA2'),
('LLV1088', 'NV001', '2025-05-07', 'CA4', N'Làm ca CA4'),
('LLV1089', 'NV002', '2025-05-07', 'CA1', N'Làm ca CA1'),
('LLV1090', 'NV003', '2025-05-07', 'CA2', N'Làm ca CA2'),
('LLV1091', 'NV004', '2025-05-07', 'CA3', N'Làm ca CA3'),
('LLV1092', 'NV005', '2025-05-07', 'CA4', N'Làm ca CA4'),
('LLV1093', 'NV006', '2025-05-07', 'CA1', N'Làm ca CA1'),
('LLV1094', 'NV007', '2025-05-07', 'CA2', N'Làm ca CA2'),
('LLV1095', 'NV008', '2025-05-07', 'CA3', N'Làm ca CA3'),
('LLV1096', 'NV009', '2025-05-07', 'CA4', N'Làm ca CA4'),
('LLV1097', 'NV010', '2025-05-07', 'CA1', N'Làm ca CA1'),
('LLV1098', 'NV011', '2025-05-07', 'CA2', N'Làm ca CA2'),
('LLV1099', 'NV012', '2025-05-07', 'CA3', N'Làm ca CA3'),
('LLV1100', 'NV013', '2025-05-07', 'CA4', N'Làm ca CA4'),
('LLV1101', 'NV014', '2025-05-07', 'CA1', N'Làm ca CA1'),
('LLV1102', 'NV015', '2025-05-07', 'CA2', N'Làm ca CA2'),
('LLV1103', 'NV016', '2025-05-07', 'CA3', N'Làm ca CA3'),
('LLV1104', 'NV017', '2025-05-07', 'CA4', N'Làm ca CA4'),
('LLV1105', 'NV018', '2025-05-07', 'CA1', N'Làm ca CA1'),
('LLV1106', 'NV019', '2025-05-07', 'CA2', N'Làm ca CA2'),
('LLV1107', 'NV020', '2025-05-07', 'CA3', N'Làm ca CA3'),
('LLV1108', 'NV001', '2025-05-08', 'CA1', N'Làm ca CA1'),
('LLV1109', 'NV002', '2025-05-08', 'CA2', N'Làm ca CA2'),
('LLV1110', 'NV003', '2025-05-08', 'CA3', N'Làm ca CA3'),
('LLV1111', 'NV004', '2025-05-08', 'CA4', N'Làm ca CA4'),
('LLV1112', 'NV005', '2025-05-08', 'CA1', N'Làm ca CA1'),
('LLV1113', 'NV006', '2025-05-08', 'CA2', N'Làm ca CA2'),
('LLV1114', 'NV007', '2025-05-08', 'CA3', N'Làm ca CA3'),
('LLV1115', 'NV008', '2025-05-08', 'CA4', N'Làm ca CA4'),
('LLV1116', 'NV009', '2025-05-08', 'CA1', N'Làm ca CA1'),
('LLV1117', 'NV010', '2025-05-08', 'CA2', N'Làm ca CA2'),
('LLV1118', 'NV011', '2025-05-08', 'CA3', N'Làm ca CA3'),
('LLV1119', 'NV012', '2025-05-08', 'CA4', N'Làm ca CA4'),
('LLV1120', 'NV013', '2025-05-08', 'CA1', N'Làm ca CA1'),
('LLV1121', 'NV014', '2025-05-08', 'CA2', N'Làm ca CA2'),
('LLV1122', 'NV015', '2025-05-08', 'CA3', N'Làm ca CA3'),
('LLV1123', 'NV016', '2025-05-08', 'CA4', N'Làm ca CA4'),
('LLV1124', 'NV017', '2025-05-08', 'CA1', N'Làm ca CA1'),
('LLV1125', 'NV018', '2025-05-08', 'CA2', N'Làm ca CA2'),
('LLV1126', 'NV019', '2025-05-08', 'CA3', N'Làm ca CA3'),
('LLV1127', 'NV020', '2025-05-08', 'CA4', N'Làm ca CA4'),
('LLV1128', 'NV001', '2025-05-09', 'CA2', N'Làm ca CA2'),
('LLV1129', 'NV002', '2025-05-09', 'CA3', N'Làm ca CA3'),
('LLV1130', 'NV003', '2025-05-09', 'CA4', N'Làm ca CA4'),
('LLV1131', 'NV004', '2025-05-09', 'CA1', N'Làm ca CA1'),
('LLV1132', 'NV005', '2025-05-09', 'CA2', N'Làm ca CA2'),
('LLV1133', 'NV006', '2025-05-09', 'CA3', N'Làm ca CA3'),
('LLV1134', 'NV007', '2025-05-09', 'CA4', N'Làm ca CA4'),
('LLV1135', 'NV008', '2025-05-09', 'CA1', N'Làm ca CA1'),
('LLV1136', 'NV009', '2025-05-09', 'CA2', N'Làm ca CA2'),
('LLV1137', 'NV010', '2025-05-09', 'CA3', N'Làm ca CA3'),
('LLV1138', 'NV011', '2025-05-09', 'CA4', N'Làm ca CA4'),
('LLV1139', 'NV012', '2025-05-09', 'CA1', N'Làm ca CA1'),
('LLV1140', 'NV013', '2025-05-09', 'CA2', N'Làm ca CA2'),
('LLV1141', 'NV014', '2025-05-09', 'CA3', N'Làm ca CA3'),
('LLV1142', 'NV015', '2025-05-09', 'CA4', N'Làm ca CA4'),
('LLV1143', 'NV016', '2025-05-09', 'CA1', N'Làm ca CA1'),
('LLV1144', 'NV017', '2025-05-09', 'CA2', N'Làm ca CA2'),
('LLV1145', 'NV018', '2025-05-09', 'CA3', N'Làm ca CA3'),
('LLV1146', 'NV019', '2025-05-09', 'CA4', N'Làm ca CA4'),
('LLV1147', 'NV020', '2025-05-09', 'CA1', N'Làm ca CA1'),
('LLV1148', 'NV001', '2025-05-10', 'CA3', N'Làm ca CA3'),
('LLV1149', 'NV002', '2025-05-10', 'CA4', N'Làm ca CA4'),
('LLV1150', 'NV003', '2025-05-10', 'CA1', N'Làm ca CA1'),
('LLV1151', 'NV004', '2025-05-10', 'CA2', N'Làm ca CA2'),
('LLV1152', 'NV005', '2025-05-10', 'CA3', N'Làm ca CA3'),
('LLV1153', 'NV006', '2025-05-10', 'CA4', N'Làm ca CA4'),
('LLV1154', 'NV007', '2025-05-10', 'CA1', N'Làm ca CA1'),
('LLV1155', 'NV008', '2025-05-10', 'CA2', N'Làm ca CA2'),
('LLV1156', 'NV009', '2025-05-10', 'CA3', N'Làm ca CA3'),
('LLV1157', 'NV010', '2025-05-10', 'CA4', N'Làm ca CA4'),
('LLV1158', 'NV011', '2025-05-10', 'CA1', N'Làm ca CA1'),
('LLV1159', 'NV012', '2025-05-10', 'CA2', N'Làm ca CA2'),
('LLV1160', 'NV013', '2025-05-10', 'CA3', N'Làm ca CA3'),
('LLV1161', 'NV014', '2025-05-10', 'CA4', N'Làm ca CA4'),
('LLV1162', 'NV015', '2025-05-10', 'CA1', N'Làm ca CA1'),
('LLV1163', 'NV016', '2025-05-10', 'CA2', N'Làm ca CA2'),
('LLV1164', 'NV017', '2025-05-10', 'CA3', N'Làm ca CA3'),
('LLV1165', 'NV018', '2025-05-10', 'CA4', N'Làm ca CA4'),
('LLV1166', 'NV019', '2025-05-10', 'CA1', N'Làm ca CA1'),
('LLV1167', 'NV020', '2025-05-10', 'CA2', N'Làm ca CA2'),
('LLV1168', 'NV001', '2025-05-11', 'CA4', N'Làm ca CA4'),
('LLV1169', 'NV002', '2025-05-11', 'CA1', N'Làm ca CA1'),
('LLV1170', 'NV003', '2025-05-11', 'CA2', N'Làm ca CA2'),
('LLV1171', 'NV004', '2025-05-11', 'CA3', N'Làm ca CA3'),
('LLV1172', 'NV005', '2025-05-11', 'CA4', N'Làm ca CA4'),
('LLV1173', 'NV006', '2025-05-11', 'CA1', N'Làm ca CA1'),
('LLV1174', 'NV007', '2025-05-11', 'CA2', N'Làm ca CA2'),
('LLV1175', 'NV008', '2025-05-11', 'CA3', N'Làm ca CA3'),
('LLV1176', 'NV009', '2025-05-11', 'CA4', N'Làm ca CA4'),
('LLV1177', 'NV010', '2025-05-11', 'CA1', N'Làm ca CA1'),
('LLV1178', 'NV011', '2025-05-11', 'CA2', N'Làm ca CA2'),
('LLV1179', 'NV012', '2025-05-11', 'CA3', N'Làm ca CA3'),
('LLV1180', 'NV013', '2025-05-11', 'CA4', N'Làm ca CA4'),
('LLV1181', 'NV014', '2025-05-11', 'CA1', N'Làm ca CA1'),
('LLV1182', 'NV015', '2025-05-11', 'CA2', N'Làm ca CA2'),
('LLV1183', 'NV016', '2025-05-11', 'CA3', N'Làm ca CA3'),
('LLV1184', 'NV017', '2025-05-11', 'CA4', N'Làm ca CA4'),
('LLV1185', 'NV018', '2025-05-11', 'CA1', N'Làm ca CA1'),
('LLV1186', 'NV019', '2025-05-11', 'CA2', N'Làm ca CA2'),
('LLV1187', 'NV020', '2025-05-11', 'CA3', N'Làm ca CA3'),
('LLV1188', 'NV001', '2025-05-12', 'CA1', N'Làm ca CA1'),
('LLV1189', 'NV002', '2025-05-12', 'CA2', N'Làm ca CA2'),
('LLV1190', 'NV003', '2025-05-12', 'CA3', N'Làm ca CA3'),
('LLV1191', 'NV004', '2025-05-12', 'CA4', N'Làm ca CA4'),
('LLV1192', 'NV005', '2025-05-12', 'CA1', N'Làm ca CA1'),
('LLV1193', 'NV006', '2025-05-12', 'CA2', N'Làm ca CA2'),
('LLV1194', 'NV007', '2025-05-12', 'CA3', N'Làm ca CA3'),
('LLV1195', 'NV008', '2025-05-12', 'CA4', N'Làm ca CA4'),
('LLV1196', 'NV009', '2025-05-12', 'CA1', N'Làm ca CA1'),
('LLV1197', 'NV010', '2025-05-12', 'CA2', N'Làm ca CA2'),
('LLV1198', 'NV011', '2025-05-12', 'CA3', N'Làm ca CA3'),
('LLV1199', 'NV012', '2025-05-12', 'CA4', N'Làm ca CA4'),
('LLV1200', 'NV013', '2025-05-12', 'CA1', N'Làm ca CA1'),
('LLV1201', 'NV014', '2025-05-12', 'CA2', N'Làm ca CA2'),
('LLV1202', 'NV015', '2025-05-12', 'CA3', N'Làm ca CA3'),
('LLV1203', 'NV016', '2025-05-12', 'CA4', N'Làm ca CA4'),
('LLV1204', 'NV017', '2025-05-12', 'CA1', N'Làm ca CA1'),
('LLV1205', 'NV018', '2025-05-12', 'CA2', N'Làm ca CA2'),
('LLV1206', 'NV019', '2025-05-12', 'CA3', N'Làm ca CA3'),
('LLV1207', 'NV020', '2025-05-12', 'CA4', N'Làm ca CA4'),
('LLV1208', 'NV001', '2025-05-13', 'CA2', N'Làm ca CA2'),
('LLV1209', 'NV002', '2025-05-13', 'CA3', N'Làm ca CA3'),
('LLV1210', 'NV003', '2025-05-13', 'CA4', N'Làm ca CA4'),
('LLV1211', 'NV004', '2025-05-13', 'CA1', N'Làm ca CA1'),
('LLV1212', 'NV005', '2025-05-13', 'CA2', N'Làm ca CA2'),
('LLV1213', 'NV006', '2025-05-13', 'CA3', N'Làm ca CA3'),
('LLV1214', 'NV007', '2025-05-13', 'CA4', N'Làm ca CA4'),
('LLV1215', 'NV008', '2025-05-13', 'CA1', N'Làm ca CA1'),
('LLV1216', 'NV009', '2025-05-13', 'CA2', N'Làm ca CA2'),
('LLV1217', 'NV010', '2025-05-13', 'CA3', N'Làm ca CA3'),
('LLV1218', 'NV011', '2025-05-13', 'CA4', N'Làm ca CA4'),
('LLV1219', 'NV012', '2025-05-13', 'CA1', N'Làm ca CA1'),
('LLV1220', 'NV013', '2025-05-13', 'CA2', N'Làm ca CA2'),
('LLV1221', 'NV014', '2025-05-13', 'CA3', N'Làm ca CA3'),
('LLV1222', 'NV015', '2025-05-13', 'CA4', N'Làm ca CA4'),
('LLV1223', 'NV016', '2025-05-13', 'CA1', N'Làm ca CA1'),
('LLV1224', 'NV017', '2025-05-13', 'CA2', N'Làm ca CA2'),
('LLV1225', 'NV018', '2025-05-13', 'CA3', N'Làm ca CA3'),
('LLV1226', 'NV019', '2025-05-13', 'CA4', N'Làm ca CA4'),
('LLV1227', 'NV020', '2025-05-13', 'CA1', N'Làm ca CA1'),
('LLV1228', 'NV001', '2025-05-14', 'CA3', N'Làm ca CA3'),
('LLV1229', 'NV002', '2025-05-14', 'CA4', N'Làm ca CA4'),
('LLV1230', 'NV003', '2025-05-14', 'CA1', N'Làm ca CA1'),
('LLV1231', 'NV004', '2025-05-14', 'CA2', N'Làm ca CA2'),
('LLV1232', 'NV005', '2025-05-14', 'CA3', N'Làm ca CA3'),
('LLV1233', 'NV006', '2025-05-14', 'CA4', N'Làm ca CA4'),
('LLV1234', 'NV007', '2025-05-14', 'CA1', N'Làm ca CA1'),
('LLV1235', 'NV008', '2025-05-14', 'CA2', N'Làm ca CA2'),
('LLV1236', 'NV009', '2025-05-14', 'CA3', N'Làm ca CA3'),
('LLV1237', 'NV010', '2025-05-14', 'CA4', N'Làm ca CA4'),
('LLV1238', 'NV011', '2025-05-14', 'CA1', N'Làm ca CA1'),
('LLV1239', 'NV012', '2025-05-14', 'CA2', N'Làm ca CA2'),
('LLV1240', 'NV013', '2025-05-14', 'CA3', N'Làm ca CA3'),
('LLV1241', 'NV014', '2025-05-14', 'CA4', N'Làm ca CA4'),
('LLV1242', 'NV015', '2025-05-14', 'CA1', N'Làm ca CA1'),
('LLV1243', 'NV016', '2025-05-14', 'CA2', N'Làm ca CA2'),
('LLV1244', 'NV017', '2025-05-14', 'CA3', N'Làm ca CA3'),
('LLV1245', 'NV018', '2025-05-14', 'CA4', N'Làm ca CA4'),
('LLV1246', 'NV019', '2025-05-14', 'CA1', N'Làm ca CA1'),
('LLV1247', 'NV020', '2025-05-14', 'CA2', N'Làm ca CA2'),
('LLV1248', 'NV001', '2025-05-15', 'CA4', N'Làm ca CA4'),
('LLV1249', 'NV002', '2025-05-15', 'CA1', N'Làm ca CA1'),
('LLV1250', 'NV003', '2025-05-15', 'CA2', N'Làm ca CA2'),
('LLV1251', 'NV004', '2025-05-15', 'CA3', N'Làm ca CA3'),
('LLV1252', 'NV005', '2025-05-15', 'CA4', N'Làm ca CA4'),
('LLV1253', 'NV006', '2025-05-15', 'CA1', N'Làm ca CA1'),
('LLV1254', 'NV007', '2025-05-15', 'CA2', N'Làm ca CA2'),
('LLV1255', 'NV008', '2025-05-15', 'CA3', N'Làm ca CA3'),
('LLV1256', 'NV009', '2025-05-15', 'CA4', N'Làm ca CA4'),
('LLV1257', 'NV010', '2025-05-15', 'CA1', N'Làm ca CA1'),
('LLV1258', 'NV011', '2025-05-15', 'CA2', N'Làm ca CA2'),
('LLV1259', 'NV012', '2025-05-15', 'CA3', N'Làm ca CA3'),
('LLV1260', 'NV013', '2025-05-15', 'CA4', N'Làm ca CA4'),
('LLV1261', 'NV014', '2025-05-15', 'CA1', N'Làm ca CA1'),
('LLV1262', 'NV015', '2025-05-15', 'CA2', N'Làm ca CA2'),
('LLV1263', 'NV016', '2025-05-15', 'CA3', N'Làm ca CA3'),
('LLV1264', 'NV017', '2025-05-15', 'CA4', N'Làm ca CA4'),
('LLV1265', 'NV018', '2025-05-15', 'CA1', N'Làm ca CA1'),
('LLV1266', 'NV019', '2025-05-15', 'CA2', N'Làm ca CA2'),
('LLV1267', 'NV020', '2025-05-15', 'CA3', N'Làm ca CA3'),
('LLV1268', 'NV001', '2025-05-16', 'CA1', N'Làm ca CA1'),
('LLV1269', 'NV002', '2025-05-16', 'CA2', N'Làm ca CA2'),
('LLV1270', 'NV003', '2025-05-16', 'CA3', N'Làm ca CA3'),
('LLV1271', 'NV004', '2025-05-16', 'CA4', N'Làm ca CA4'),
('LLV1272', 'NV005', '2025-05-16', 'CA1', N'Làm ca CA1'),
('LLV1273', 'NV006', '2025-05-16', 'CA2', N'Làm ca CA2'),
('LLV1274', 'NV007', '2025-05-16', 'CA3', N'Làm ca CA3'),
('LLV1275', 'NV008', '2025-05-16', 'CA4', N'Làm ca CA4'),
('LLV1276', 'NV009', '2025-05-16', 'CA1', N'Làm ca CA1'),
('LLV1277', 'NV010', '2025-05-16', 'CA2', N'Làm ca CA2'),
('LLV1278', 'NV011', '2025-05-16', 'CA3', N'Làm ca CA3'),
('LLV1279', 'NV012', '2025-05-16', 'CA4', N'Làm ca CA4'),
('LLV1280', 'NV013', '2025-05-16', 'CA1', N'Làm ca CA1'),
('LLV1281', 'NV014', '2025-05-16', 'CA2', N'Làm ca CA2'),
('LLV1282', 'NV015', '2025-05-16', 'CA3', N'Làm ca CA3'),
('LLV1283', 'NV016', '2025-05-16', 'CA4', N'Làm ca CA4'),
('LLV1284', 'NV017', '2025-05-16', 'CA1', N'Làm ca CA1'),
('LLV1285', 'NV018', '2025-05-16', 'CA2', N'Làm ca CA2'),
('LLV1286', 'NV019', '2025-05-16', 'CA3', N'Làm ca CA3'),
('LLV1287', 'NV020', '2025-05-16', 'CA4', N'Làm ca CA4'),
('LLV1288', 'NV001', '2025-05-17', 'CA2', N'Làm ca CA2'),
('LLV1289', 'NV002', '2025-05-17', 'CA3', N'Làm ca CA3'),
('LLV1290', 'NV003', '2025-05-17', 'CA4', N'Làm ca CA4'),
('LLV1291', 'NV004', '2025-05-17', 'CA1', N'Làm ca CA1'),
('LLV1292', 'NV005', '2025-05-17', 'CA2', N'Làm ca CA2'),
('LLV1293', 'NV006', '2025-05-17', 'CA3', N'Làm ca CA3'),
('LLV1294', 'NV007', '2025-05-17', 'CA4', N'Làm ca CA4'),
('LLV1295', 'NV008', '2025-05-17', 'CA1', N'Làm ca CA1'),
('LLV1296', 'NV009', '2025-05-17', 'CA2', N'Làm ca CA2'),
('LLV1297', 'NV010', '2025-05-17', 'CA3', N'Làm ca CA3'),
('LLV1298', 'NV011', '2025-05-17', 'CA4', N'Làm ca CA4'),
('LLV1299', 'NV012', '2025-05-17', 'CA1', N'Làm ca CA1'),
('LLV1300', 'NV013', '2025-05-17', 'CA2', N'Làm ca CA2'),
('LLV1301', 'NV014', '2025-05-17', 'CA3', N'Làm ca CA3'),
('LLV1302', 'NV015', '2025-05-17', 'CA4', N'Làm ca CA4'),
('LLV1303', 'NV016', '2025-05-17', 'CA1', N'Làm ca CA1'),
('LLV1304', 'NV017', '2025-05-17', 'CA2', N'Làm ca CA2'),
('LLV1305', 'NV018', '2025-05-17', 'CA3', N'Làm ca CA3'),
('LLV1306', 'NV019', '2025-05-17', 'CA4', N'Làm ca CA4'),
('LLV1307', 'NV020', '2025-05-17', 'CA1', N'Làm ca CA1'),
('LLV1308', 'NV001', '2025-05-18', 'CA3', N'Làm ca CA3'),
('LLV1309', 'NV002', '2025-05-18', 'CA4', N'Làm ca CA4'),
('LLV1310', 'NV003', '2025-05-18', 'CA1', N'Làm ca CA1'),
('LLV1311', 'NV004', '2025-05-18', 'CA2', N'Làm ca CA2'),
('LLV1312', 'NV005', '2025-05-18', 'CA3', N'Làm ca CA3'),
('LLV1313', 'NV006', '2025-05-18', 'CA4', N'Làm ca CA4'),
('LLV1314', 'NV007', '2025-05-18', 'CA1', N'Làm ca CA1'),
('LLV1315', 'NV008', '2025-05-18', 'CA2', N'Làm ca CA2'),
('LLV1316', 'NV009', '2025-05-18', 'CA3', N'Làm ca CA3'),
('LLV1317', 'NV010', '2025-05-18', 'CA4', N'Làm ca CA4'),
('LLV1318', 'NV011', '2025-05-18', 'CA1', N'Làm ca CA1'),
('LLV1319', 'NV012', '2025-05-18', 'CA2', N'Làm ca CA2'),
('LLV1320', 'NV013', '2025-05-18', 'CA3', N'Làm ca CA3'),
('LLV1321', 'NV014', '2025-05-18', 'CA4', N'Làm ca CA4'),
('LLV1322', 'NV015', '2025-05-18', 'CA1', N'Làm ca CA1'),
('LLV1323', 'NV016', '2025-05-18', 'CA2', N'Làm ca CA2'),
('LLV1324', 'NV017', '2025-05-18', 'CA3', N'Làm ca CA3'),
('LLV1325', 'NV018', '2025-05-18', 'CA4', N'Làm ca CA4'),
('LLV1326', 'NV019', '2025-05-18', 'CA1', N'Làm ca CA1'),
('LLV1327', 'NV020', '2025-05-18', 'CA2', N'Làm ca CA2'),
('LLV1328', 'NV001', '2025-05-19', 'CA4', N'Làm ca CA4'),
('LLV1329', 'NV002', '2025-05-19', 'CA1', N'Làm ca CA1'),
('LLV1330', 'NV003', '2025-05-19', 'CA2', N'Làm ca CA2'),
('LLV1331', 'NV004', '2025-05-19', 'CA3', N'Làm ca CA3'),
('LLV1332', 'NV005', '2025-05-19', 'CA4', N'Làm ca CA4'),
('LLV1333', 'NV006', '2025-05-19', 'CA1', N'Làm ca CA1'),
('LLV1334', 'NV007', '2025-05-19', 'CA2', N'Làm ca CA2'),
('LLV1335', 'NV008', '2025-05-19', 'CA3', N'Làm ca CA3'),
('LLV1336', 'NV009', '2025-05-19', 'CA4', N'Làm ca CA4'),
('LLV1337', 'NV010', '2025-05-19', 'CA1', N'Làm ca CA1'),
('LLV1338', 'NV011', '2025-05-19', 'CA2', N'Làm ca CA2'),
('LLV1339', 'NV012', '2025-05-19', 'CA3', N'Làm ca CA3'),
('LLV1340', 'NV013', '2025-05-19', 'CA4', N'Làm ca CA4'),
('LLV1341', 'NV014', '2025-05-19', 'CA1', N'Làm ca CA1'),
('LLV1342', 'NV015', '2025-05-19', 'CA2', N'Làm ca CA2'),
('LLV1343', 'NV016', '2025-05-19', 'CA3', N'Làm ca CA3'),
('LLV1344', 'NV017', '2025-05-19', 'CA4', N'Làm ca CA4'),
('LLV1345', 'NV018', '2025-05-19', 'CA1', N'Làm ca CA1'),
('LLV1346', 'NV019', '2025-05-19', 'CA2', N'Làm ca CA2'),
('LLV1347', 'NV020', '2025-05-19', 'CA3', N'Làm ca CA3'),
('LLV1348', 'NV001', '2025-05-20', 'CA1', N'Làm ca CA1'),
('LLV1349', 'NV002', '2025-05-20', 'CA2', N'Làm ca CA2'),
('LLV1350', 'NV003', '2025-05-20', 'CA3', N'Làm ca CA3'),
('LLV1351', 'NV004', '2025-05-20', 'CA4', N'Làm ca CA4'),
('LLV1352', 'NV005', '2025-05-20', 'CA1', N'Làm ca CA1'),
('LLV1353', 'NV006', '2025-05-20', 'CA2', N'Làm ca CA2'),
('LLV1354', 'NV007', '2025-05-20', 'CA3', N'Làm ca CA3'),
('LLV1355', 'NV008', '2025-05-20', 'CA4', N'Làm ca CA4'),
('LLV1356', 'NV009', '2025-05-20', 'CA1', N'Làm ca CA1'),
('LLV1357', 'NV010', '2025-05-20', 'CA2', N'Làm ca CA2'),
('LLV1358', 'NV011', '2025-05-20', 'CA3', N'Làm ca CA3'),
('LLV1359', 'NV012', '2025-05-20', 'CA4', N'Làm ca CA4'),
('LLV1360', 'NV013', '2025-05-20', 'CA1', N'Làm ca CA1'),
('LLV1361', 'NV014', '2025-05-20', 'CA2', N'Làm ca CA2'),
('LLV1362', 'NV015', '2025-05-20', 'CA3', N'Làm ca CA3'),
('LLV1363', 'NV016', '2025-05-20', 'CA4', N'Làm ca CA4'),
('LLV1364', 'NV017', '2025-05-20', 'CA1', N'Làm ca CA1'),
('LLV1365', 'NV018', '2025-05-20', 'CA2', N'Làm ca CA2'),
('LLV1366', 'NV019', '2025-05-20', 'CA3', N'Làm ca CA3'),
('LLV1367', 'NV020', '2025-05-20', 'CA4', N'Làm ca CA4'),
('LLV1368', 'NV001', '2025-05-21', 'CA2', N'Làm ca CA2'),
('LLV1369', 'NV002', '2025-05-21', 'CA3', N'Làm ca CA3'),
('LLV1370', 'NV003', '2025-05-21', 'CA4', N'Làm ca CA4'),
('LLV1371', 'NV004', '2025-05-21', 'CA1', N'Làm ca CA1'),
('LLV1372', 'NV005', '2025-05-21', 'CA2', N'Làm ca CA2'),
('LLV1373', 'NV006', '2025-05-21', 'CA3', N'Làm ca CA3'),
('LLV1374', 'NV007', '2025-05-21', 'CA4', N'Làm ca CA4'),
('LLV1375', 'NV008', '2025-05-21', 'CA1', N'Làm ca CA1'),
('LLV1376', 'NV009', '2025-05-21', 'CA2', N'Làm ca CA2'),
('LLV1377', 'NV010', '2025-05-21', 'CA3', N'Làm ca CA3'),
('LLV1378', 'NV011', '2025-05-21', 'CA4', N'Làm ca CA4'),
('LLV1379', 'NV012', '2025-05-21', 'CA1', N'Làm ca CA1'),
('LLV1380', 'NV013', '2025-05-21', 'CA2', N'Làm ca CA2'),
('LLV1381', 'NV014', '2025-05-21', 'CA3', N'Làm ca CA3'),
('LLV1382', 'NV015', '2025-05-21', 'CA4', N'Làm ca CA4'),
('LLV1383', 'NV016', '2025-05-21', 'CA1', N'Làm ca CA1'),
('LLV1384', 'NV017', '2025-05-21', 'CA2', N'Làm ca CA2'),
('LLV1385', 'NV018', '2025-05-21', 'CA3', N'Làm ca CA3'),
('LLV1386', 'NV019', '2025-05-21', 'CA4', N'Làm ca CA4'),
('LLV1387', 'NV020', '2025-05-21', 'CA1', N'Làm ca CA1'),
('LLV1388', 'NV001', '2025-05-22', 'CA3', N'Làm ca CA3'),
('LLV1389', 'NV002', '2025-05-22', 'CA4', N'Làm ca CA4'),
('LLV1390', 'NV003', '2025-05-22', 'CA1', N'Làm ca CA1'),
('LLV1391', 'NV004', '2025-05-22', 'CA2', N'Làm ca CA2'),
('LLV1392', 'NV005', '2025-05-22', 'CA3', N'Làm ca CA3'),
('LLV1393', 'NV006', '2025-05-22', 'CA4', N'Làm ca CA4'),
('LLV1394', 'NV007', '2025-05-22', 'CA1', N'Làm ca CA1'),
('LLV1395', 'NV008', '2025-05-22', 'CA2', N'Làm ca CA2'),
('LLV1396', 'NV009', '2025-05-22', 'CA3', N'Làm ca CA3'),
('LLV1397', 'NV010', '2025-05-22', 'CA4', N'Làm ca CA4'),
('LLV1398', 'NV011', '2025-05-22', 'CA1', N'Làm ca CA1'),
('LLV1399', 'NV012', '2025-05-22', 'CA2', N'Làm ca CA2'),
('LLV1400', 'NV013', '2025-05-22', 'CA3', N'Làm ca CA3'),
('LLV1401', 'NV014', '2025-05-22', 'CA4', N'Làm ca CA4'),
('LLV1402', 'NV015', '2025-05-22', 'CA1', N'Làm ca CA1'),
('LLV1403', 'NV016', '2025-05-22', 'CA2', N'Làm ca CA2'),
('LLV1404', 'NV017', '2025-05-22', 'CA3', N'Làm ca CA3'),
('LLV1405', 'NV018', '2025-05-22', 'CA4', N'Làm ca CA4'),
('LLV1406', 'NV019', '2025-05-22', 'CA1', N'Làm ca CA1'),
('LLV1407', 'NV020', '2025-05-22', 'CA2', N'Làm ca CA2'),
('LLV1408', 'NV001', '2025-05-23', 'CA4', N'Làm ca CA4'),
('LLV1409', 'NV002', '2025-05-23', 'CA1', N'Làm ca CA1'),
('LLV1410', 'NV003', '2025-05-23', 'CA2', N'Làm ca CA2'),
('LLV1411', 'NV004', '2025-05-23', 'CA3', N'Làm ca CA3'),
('LLV1412', 'NV005', '2025-05-23', 'CA4', N'Làm ca CA4'),
('LLV1413', 'NV006', '2025-05-23', 'CA1', N'Làm ca CA1'),
('LLV1414', 'NV007', '2025-05-23', 'CA2', N'Làm ca CA2'),
('LLV1415', 'NV008', '2025-05-23', 'CA3', N'Làm ca CA3'),
('LLV1416', 'NV009', '2025-05-23', 'CA4', N'Làm ca CA4'),
('LLV1417', 'NV010', '2025-05-23', 'CA1', N'Làm ca CA1'),
('LLV1418', 'NV011', '2025-05-23', 'CA2', N'Làm ca CA2'),
('LLV1419', 'NV012', '2025-05-23', 'CA3', N'Làm ca CA3'),
('LLV1420', 'NV013', '2025-05-23', 'CA4', N'Làm ca CA4'),
('LLV1421', 'NV014', '2025-05-23', 'CA1', N'Làm ca CA1'),
('LLV1422', 'NV015', '2025-05-23', 'CA2', N'Làm ca CA2'),
('LLV1423', 'NV016', '2025-05-23', 'CA3', N'Làm ca CA3'),
('LLV1424', 'NV017', '2025-05-23', 'CA4', N'Làm ca CA4'),
('LLV1425', 'NV018', '2025-05-23', 'CA1', N'Làm ca CA1'),
('LLV1426', 'NV019', '2025-05-23', 'CA2', N'Làm ca CA2'),
('LLV1427', 'NV020', '2025-05-23', 'CA3', N'Làm ca CA3'),
('LLV1428', 'NV001', '2025-05-24', 'CA1', N'Làm ca CA1'),
('LLV1429', 'NV002', '2025-05-24', 'CA2', N'Làm ca CA2'),
('LLV1430', 'NV003', '2025-05-24', 'CA3', N'Làm ca CA3'),
('LLV1431', 'NV004', '2025-05-24', 'CA4', N'Làm ca CA4'),
('LLV1432', 'NV005', '2025-05-24', 'CA1', N'Làm ca CA1'),
('LLV1433', 'NV006', '2025-05-24', 'CA2', N'Làm ca CA2'),
('LLV1434', 'NV007', '2025-05-24', 'CA3', N'Làm ca CA3'),
('LLV1435', 'NV008', '2025-05-24', 'CA4', N'Làm ca CA4'),
('LLV1436', 'NV009', '2025-05-24', 'CA1', N'Làm ca CA1'),
('LLV1437', 'NV010', '2025-05-24', 'CA2', N'Làm ca CA2'),
('LLV1438', 'NV011', '2025-05-24', 'CA3', N'Làm ca CA3'),
('LLV1439', 'NV012', '2025-05-24', 'CA4', N'Làm ca CA4'),
('LLV1440', 'NV013', '2025-05-24', 'CA1', N'Làm ca CA1'),
('LLV1441', 'NV014', '2025-05-24', 'CA2', N'Làm ca CA2'),
('LLV1442', 'NV015', '2025-05-24', 'CA3', N'Làm ca CA3'),
('LLV1443', 'NV016', '2025-05-24', 'CA4', N'Làm ca CA4'),
('LLV1444', 'NV017', '2025-05-24', 'CA1', N'Làm ca CA1'),
('LLV1445', 'NV018', '2025-05-24', 'CA2', N'Làm ca CA2'),
('LLV1446', 'NV019', '2025-05-24', 'CA3', N'Làm ca CA3'),
('LLV1447', 'NV020', '2025-05-24', 'CA4', N'Làm ca CA4'),
('LLV1448', 'NV001', '2025-05-25', 'CA2', N'Làm ca CA2'),
('LLV1449', 'NV002', '2025-05-25', 'CA3', N'Làm ca CA3'),
('LLV1450', 'NV003', '2025-05-25', 'CA4', N'Làm ca CA4'),
('LLV1451', 'NV004', '2025-05-25', 'CA1', N'Làm ca CA1'),
('LLV1452', 'NV005', '2025-05-25', 'CA2', N'Làm ca CA2'),
('LLV1453', 'NV006', '2025-05-25', 'CA3', N'Làm ca CA3'),
('LLV1454', 'NV007', '2025-05-25', 'CA4', N'Làm ca CA4'),
('LLV1455', 'NV008', '2025-05-25', 'CA1', N'Làm ca CA1'),
('LLV1456', 'NV009', '2025-05-25', 'CA2', N'Làm ca CA2'),
('LLV1457', 'NV010', '2025-05-25', 'CA3', N'Làm ca CA3'),
('LLV1458', 'NV011', '2025-05-25', 'CA4', N'Làm ca CA4'),
('LLV1459', 'NV012', '2025-05-25', 'CA1', N'Làm ca CA1'),
('LLV1460', 'NV013', '2025-05-25', 'CA2', N'Làm ca CA2'),
('LLV1461', 'NV014', '2025-05-25', 'CA3', N'Làm ca CA3'),
('LLV1462', 'NV015', '2025-05-25', 'CA4', N'Làm ca CA4'),
('LLV1463', 'NV016', '2025-05-25', 'CA1', N'Làm ca CA1'),
('LLV1464', 'NV017', '2025-05-25', 'CA2', N'Làm ca CA2'),
('LLV1465', 'NV018', '2025-05-25', 'CA3', N'Làm ca CA3'),
('LLV1466', 'NV019', '2025-05-25', 'CA4', N'Làm ca CA4'),
('LLV1467', 'NV020', '2025-05-25', 'CA1', N'Làm ca CA1'),
('LLV1468', 'NV001', '2025-05-26', 'CA3', N'Làm ca CA3'),
('LLV1469', 'NV002', '2025-05-26', 'CA4', N'Làm ca CA4'),
('LLV1470', 'NV003', '2025-05-26', 'CA1', N'Làm ca CA1'),
('LLV1471', 'NV004', '2025-05-26', 'CA2', N'Làm ca CA2'),
('LLV1472', 'NV005', '2025-05-26', 'CA3', N'Làm ca CA3'),
('LLV1473', 'NV006', '2025-05-26', 'CA4', N'Làm ca CA4'),
('LLV1474', 'NV007', '2025-05-26', 'CA1', N'Làm ca CA1'),
('LLV1475', 'NV008', '2025-05-26', 'CA2', N'Làm ca CA2'),
('LLV1476', 'NV009', '2025-05-26', 'CA3', N'Làm ca CA3'),
('LLV1477', 'NV010', '2025-05-26', 'CA4', N'Làm ca CA4'),
('LLV1478', 'NV011', '2025-05-26', 'CA1', N'Làm ca CA1'),
('LLV1479', 'NV012', '2025-05-26', 'CA2', N'Làm ca CA2'),
('LLV1480', 'NV013', '2025-05-26', 'CA3', N'Làm ca CA3'),
('LLV1481', 'NV014', '2025-05-26', 'CA4', N'Làm ca CA4'),
('LLV1482', 'NV015', '2025-05-26', 'CA1', N'Làm ca CA1'),
('LLV1483', 'NV016', '2025-05-26', 'CA2', N'Làm ca CA2'),
('LLV1484', 'NV017', '2025-05-26', 'CA3', N'Làm ca CA3'),
('LLV1485', 'NV018', '2025-05-26', 'CA4', N'Làm ca CA4'),
('LLV1486', 'NV019', '2025-05-26', 'CA1', N'Làm ca CA1'),
('LLV1487', 'NV020', '2025-05-26', 'CA2', N'Làm ca CA2'),
('LLV1488', 'NV001', '2025-05-27', 'CA4', N'Làm ca CA4'),
('LLV1489', 'NV002', '2025-05-27', 'CA1', N'Làm ca CA1'),
('LLV1490', 'NV003', '2025-05-27', 'CA2', N'Làm ca CA2'),
('LLV1491', 'NV004', '2025-05-27', 'CA3', N'Làm ca CA3'),
('LLV1492', 'NV005', '2025-05-27', 'CA4', N'Làm ca CA4'),
('LLV1493', 'NV006', '2025-05-27', 'CA1', N'Làm ca CA1'),
('LLV1494', 'NV007', '2025-05-27', 'CA2', N'Làm ca CA2'),
('LLV1495', 'NV008', '2025-05-27', 'CA3', N'Làm ca CA3'),
('LLV1496', 'NV009', '2025-05-27', 'CA4', N'Làm ca CA4'),
('LLV1497', 'NV010', '2025-05-27', 'CA1', N'Làm ca CA1'),
('LLV1498', 'NV011', '2025-05-27', 'CA2', N'Làm ca CA2'),
('LLV1499', 'NV012', '2025-05-27', 'CA3', N'Làm ca CA3'),
('LLV1500', 'NV013', '2025-05-27', 'CA4', N'Làm ca CA4'),
('LLV1501', 'NV014', '2025-05-27', 'CA1', N'Làm ca CA1'),
('LLV1502', 'NV015', '2025-05-27', 'CA2', N'Làm ca CA2'),
('LLV1503', 'NV016', '2025-05-27', 'CA3', N'Làm ca CA3'),
('LLV1504', 'NV017', '2025-05-27', 'CA4', N'Làm ca CA4'),
('LLV1505', 'NV018', '2025-05-27', 'CA1', N'Làm ca CA1'),
('LLV1506', 'NV019', '2025-05-27', 'CA2', N'Làm ca CA2'),
('LLV1507', 'NV020', '2025-05-27', 'CA3', N'Làm ca CA3'),
('LLV1508', 'NV001', '2025-05-28', 'CA1', N'Làm ca CA1'),
('LLV1509', 'NV002', '2025-05-28', 'CA2', N'Làm ca CA2'),
('LLV1510', 'NV003', '2025-05-28', 'CA3', N'Làm ca CA3'),
('LLV1511', 'NV004', '2025-05-28', 'CA4', N'Làm ca CA4'),
('LLV1512', 'NV005', '2025-05-28', 'CA1', N'Làm ca CA1'),
('LLV1513', 'NV006', '2025-05-28', 'CA2', N'Làm ca CA2'),
('LLV1514', 'NV007', '2025-05-28', 'CA3', N'Làm ca CA3'),
('LLV1515', 'NV008', '2025-05-28', 'CA4', N'Làm ca CA4'),
('LLV1516', 'NV009', '2025-05-28', 'CA1', N'Làm ca CA1'),
('LLV1517', 'NV010', '2025-05-28', 'CA2', N'Làm ca CA2'),
('LLV1518', 'NV011', '2025-05-28', 'CA3', N'Làm ca CA3'),
('LLV1519', 'NV012', '2025-05-28', 'CA4', N'Làm ca CA4'),
('LLV1520', 'NV013', '2025-05-28', 'CA1', N'Làm ca CA1'),
('LLV1521', 'NV014', '2025-05-28', 'CA2', N'Làm ca CA2'),
('LLV1522', 'NV015', '2025-05-28', 'CA3', N'Làm ca CA3'),
('LLV1523', 'NV016', '2025-05-28', 'CA4', N'Làm ca CA4'),
('LLV1524', 'NV017', '2025-05-28', 'CA1', N'Làm ca CA1'),
('LLV1525', 'NV018', '2025-05-28', 'CA2', N'Làm ca CA2'),
('LLV1526', 'NV019', '2025-05-28', 'CA3', N'Làm ca CA3'),
('LLV1527', 'NV020', '2025-05-28', 'CA4', N'Làm ca CA4'),
('LLV1528', 'NV001', '2025-05-29', 'CA2', N'Làm ca CA2'),
('LLV1529', 'NV002', '2025-05-29', 'CA3', N'Làm ca CA3'),
('LLV1530', 'NV003', '2025-05-29', 'CA4', N'Làm ca CA4'),
('LLV1531', 'NV004', '2025-05-29', 'CA1', N'Làm ca CA1'),
('LLV1532', 'NV005', '2025-05-29', 'CA2', N'Làm ca CA2'),
('LLV1533', 'NV006', '2025-05-29', 'CA3', N'Làm ca CA3'),
('LLV1534', 'NV007', '2025-05-29', 'CA4', N'Làm ca CA4'),
('LLV1535', 'NV008', '2025-05-29', 'CA1', N'Làm ca CA1'),
('LLV1536', 'NV009', '2025-05-29', 'CA2', N'Làm ca CA2'),
('LLV1537', 'NV010', '2025-05-29', 'CA3', N'Làm ca CA3'),
('LLV1538', 'NV011', '2025-05-29', 'CA4', N'Làm ca CA4'),
('LLV1539', 'NV012', '2025-05-29', 'CA1', N'Làm ca CA1'),
('LLV1540', 'NV013', '2025-05-29', 'CA2', N'Làm ca CA2'),
('LLV1541', 'NV014', '2025-05-29', 'CA3', N'Làm ca CA3'),
('LLV1542', 'NV015', '2025-05-29', 'CA4', N'Làm ca CA4'),
('LLV1543', 'NV016', '2025-05-29', 'CA1', N'Làm ca CA1'),
('LLV1544', 'NV017', '2025-05-29', 'CA2', N'Làm ca CA2'),
('LLV1545', 'NV018', '2025-05-29', 'CA3', N'Làm ca CA3'),
('LLV1546', 'NV019', '2025-05-29', 'CA4', N'Làm ca CA4'),
('LLV1547', 'NV020', '2025-05-29', 'CA1', N'Làm ca CA1'),
('LLV1548', 'NV001', '2025-05-30', 'CA3', N'Làm ca CA3'),
('LLV1549', 'NV002', '2025-05-30', 'CA4', N'Làm ca CA4'),
('LLV1550', 'NV003', '2025-05-30', 'CA1', N'Làm ca CA1'),
('LLV1551', 'NV004', '2025-05-30', 'CA2', N'Làm ca CA2'),
('LLV1552', 'NV005', '2025-05-30', 'CA3', N'Làm ca CA3'),
('LLV1553', 'NV006', '2025-05-30', 'CA4', N'Làm ca CA4'),
('LLV1554', 'NV007', '2025-05-30', 'CA1', N'Làm ca CA1'),
('LLV1555', 'NV008', '2025-05-30', 'CA2', N'Làm ca CA2'),
('LLV1556', 'NV009', '2025-05-30', 'CA3', N'Làm ca CA3'),
('LLV1557', 'NV010', '2025-05-30', 'CA4', N'Làm ca CA4'),
('LLV1558', 'NV011', '2025-05-30', 'CA1', N'Làm ca CA1'),
('LLV1559', 'NV012', '2025-05-30', 'CA2', N'Làm ca CA2'),
('LLV1560', 'NV013', '2025-05-30', 'CA3', N'Làm ca CA3'),
('LLV1561', 'NV014', '2025-05-30', 'CA4', N'Làm ca CA4'),
('LLV1562', 'NV015', '2025-05-30', 'CA1', N'Làm ca CA1'),
('LLV1563', 'NV016', '2025-05-30', 'CA2', N'Làm ca CA2'),
('LLV1564', 'NV017', '2025-05-30', 'CA3', N'Làm ca CA3'),
('LLV1565', 'NV018', '2025-05-30', 'CA4', N'Làm ca CA4'),
('LLV1566', 'NV019', '2025-05-30', 'CA1', N'Làm ca CA1'),
('LLV1567', 'NV020', '2025-05-30', 'CA2', N'Làm ca CA2'),
('LLV1568', 'NV001', '2025-05-31', 'CA4', N'Làm ca CA4'),
('LLV1569', 'NV002', '2025-05-31', 'CA1', N'Làm ca CA1'),
('LLV1570', 'NV003', '2025-05-31', 'CA2', N'Làm ca CA2'),
('LLV1571', 'NV004', '2025-05-31', 'CA3', N'Làm ca CA3'),
('LLV1572', 'NV005', '2025-05-31', 'CA4', N'Làm ca CA4'),
('LLV1573', 'NV006', '2025-05-31', 'CA1', N'Làm ca CA1'),
('LLV1574', 'NV007', '2025-05-31', 'CA2', N'Làm ca CA2'),
('LLV1575', 'NV008', '2025-05-31', 'CA3', N'Làm ca CA3'),
('LLV1576', 'NV009', '2025-05-31', 'CA4', N'Làm ca CA4'),
('LLV1577', 'NV010', '2025-05-31', 'CA1', N'Làm ca CA1'),
('LLV1578', 'NV011', '2025-05-31', 'CA2', N'Làm ca CA2'),
('LLV1579', 'NV012', '2025-05-31', 'CA3', N'Làm ca CA3'),
('LLV1580', 'NV013', '2025-05-31', 'CA4', N'Làm ca CA4'),
('LLV1581', 'NV014', '2025-05-31', 'CA1', N'Làm ca CA1'),
('LLV1582', 'NV015', '2025-05-31', 'CA2', N'Làm ca CA2'),
('LLV1583', 'NV016', '2025-05-31', 'CA3', N'Làm ca CA3'),
('LLV1584', 'NV017', '2025-05-31', 'CA4', N'Làm ca CA4'),
('LLV1585', 'NV018', '2025-05-31', 'CA1', N'Làm ca CA1'),
('LLV1586', 'NV019', '2025-05-31', 'CA2', N'Làm ca CA2'),
('LLV1587', 'NV020', '2025-05-31', 'CA3', N'Làm ca CA3');
-- END OF 18.DataLichLamViec.sql --

-- START OF 19. DataChamCong.sql --
-- ======================= ChamCong =======================
INSERT INTO dbo.ChamCong (maCC, maNV, ngay, maCa, gioVao, gioRa, trangThai, ghiChu)
VALUES
('CC0608', 'NV001', '2025-04-13', 'CA4', '08:00:00', '16:00:00', N'Đã chấm công', N'Làm ca CA4'),
('CC0609', 'NV002', '2025-04-13', 'CA1', '06:00:00', '14:00:00', N'Đã chấm công', N'Làm ca CA1'),
('CC0610', 'NV003', '2025-04-13', 'CA2', '14:00:00', '22:00:00', N'Đã chấm công', N'Làm ca CA2'),
('CC0611', 'NV004', '2025-04-13', 'CA3', '22:00:00', '06:00:00', N'Đã chấm công', N'Làm ca CA3'),
('CC0612', 'NV005', '2025-04-13', 'CA4', '08:00:00', '16:00:00', N'Đã chấm công', N'Làm ca CA4'),
('CC0613', 'NV006', '2025-04-13', 'CA1', '06:00:00', '14:00:00', N'Đã chấm công', N'Làm ca CA1'),
('CC0614', 'NV007', '2025-04-13', 'CA2', '14:00:00', '22:00:00', N'Đã chấm công', N'Làm ca CA2'),
('CC0615', 'NV008', '2025-04-13', 'CA3', '22:00:00', '06:00:00', N'Đã chấm công', N'Làm ca CA3'),
('CC0616', 'NV009', '2025-04-13', 'CA4', '08:00:00', '16:00:00', N'Đã chấm công', N'Làm ca CA4'),
('CC0617', 'NV010', '2025-04-13', 'CA1', '06:00:00', '14:00:00', N'Đã chấm công', N'Làm ca CA1'),
('CC0618', 'NV011', '2025-04-13', 'CA2', '14:00:00', '22:00:00', N'Đã chấm công', N'Làm ca CA2'),
('CC0619', 'NV012', '2025-04-13', 'CA3', '22:00:00', '06:00:00', N'Đã chấm công', N'Làm ca CA3'),
('CC0620', 'NV013', '2025-04-13', 'CA4', '08:00:00', '16:00:00', N'Đã chấm công', N'Làm ca CA4'),
('CC0621', 'NV014', '2025-04-13', 'CA1', '06:00:00', '14:00:00', N'Đã chấm công', N'Làm ca CA1'),
('CC0622', 'NV015', '2025-04-13', 'CA2', '14:00:00', '22:00:00', N'Đã chấm công', N'Làm ca CA2'),
('CC0623', 'NV016', '2025-04-13', 'CA3', '22:00:00', '06:00:00', N'Đã chấm công', N'Làm ca CA3'),
('CC0624', 'NV017', '2025-04-13', 'CA4', '08:00:00', '16:00:00', N'Đã chấm công', N'Làm ca CA4'),
('CC0625', 'NV018', '2025-04-13', 'CA1', '06:00:00', '14:00:00', N'Đã chấm công', N'Làm ca CA1'),
('CC0626', 'NV019', '2025-04-13', 'CA2', '14:00:00', '22:00:00', N'Đã chấm công', N'Làm ca CA2'),
('CC0627', 'NV020', '2025-04-13', 'CA3', '22:00:00', '06:00:00', N'Đã chấm công', N'Làm ca CA3'),
('CC0628', 'NV001', '2025-04-14', 'CA1', '06:00:00', '14:00:00', N'Đã chấm công', N'Làm ca CA1'),
('CC0629', 'NV002', '2025-04-14', 'CA2', '14:00:00', '22:00:00', N'Đã chấm công', N'Làm ca CA2'),
('CC0630', 'NV003', '2025-04-14', 'CA3', '22:00:00', '06:00:00', N'Đã chấm công', N'Làm ca CA3'),
('CC0631', 'NV004', '2025-04-14', 'CA4', '08:00:00', '16:00:00', N'Đã chấm công', N'Làm ca CA4'),
('CC0632', 'NV005', '2025-04-14', 'CA1', '06:00:00', '14:00:00', N'Đã chấm công', N'Làm ca CA1'),
('CC0633', 'NV006', '2025-04-14', 'CA2', '14:00:00', '22:00:00', N'Đã chấm công', N'Làm ca CA2'),
('CC0634', 'NV007', '2025-04-14', 'CA3', '22:00:00', '06:00:00', N'Đã chấm công', N'Làm ca CA3'),
('CC0635', 'NV008', '2025-04-14', 'CA4', '08:00:00', '16:00:00', N'Đã chấm công', N'Làm ca CA4'),
('CC0636', 'NV009', '2025-04-14', 'CA1', '06:00:00', '14:00:00', N'Đã chấm công', N'Làm ca CA1'),
('CC0637', 'NV010', '2025-04-14', 'CA2', '14:00:00', '22:00:00', N'Đã chấm công', N'Làm ca CA2'),
('CC0638', 'NV011', '2025-04-14', 'CA3', '22:00:00', '06:00:00', N'Đã chấm công', N'Làm ca CA3'),
('CC0639', 'NV012', '2025-04-14', 'CA4', '08:00:00', '16:00:00', N'Đã chấm công', N'Làm ca CA4'),
('CC0640', 'NV013', '2025-04-14', 'CA1', '06:00:00', '14:00:00', N'Đã chấm công', N'Làm ca CA1'),
('CC0641', 'NV014', '2025-04-14', 'CA2', '14:00:00', '22:00:00', N'Đã chấm công', N'Làm ca CA2'),
('CC0642', 'NV015', '2025-04-14', 'CA3', '22:00:00', '06:00:00', N'Đã chấm công', N'Làm ca CA3'),
('CC0643', 'NV016', '2025-04-14', 'CA4', '08:00:00', '16:00:00', N'Đã chấm công', N'Làm ca CA4'),
('CC0644', 'NV017', '2025-04-14', 'CA1', '06:00:00', '14:00:00', N'Đã chấm công', N'Làm ca CA1'),
('CC0645', 'NV018', '2025-04-14', 'CA2', '14:00:00', '22:00:00', N'Đã chấm công', N'Làm ca CA2'),
('CC0646', 'NV019', '2025-04-14', 'CA3', '22:00:00', '06:00:00', N'Đã chấm công', N'Làm ca CA3'),
('CC0647', 'NV020', '2025-04-14', 'CA4', '08:00:00', '16:00:00', N'Đã chấm công', N'Làm ca CA4'),
('CC0648', 'NV001', '2025-04-15', 'CA2', '14:00:00', '22:00:00', N'Đã chấm công', N'Làm ca CA2'),
('CC0649', 'NV002', '2025-04-15', 'CA3', '22:00:00', '06:00:00', N'Đã chấm công', N'Làm ca CA3'),
('CC0650', 'NV003', '2025-04-15', 'CA4', '08:00:00', '16:00:00', N'Đã chấm công', N'Làm ca CA4'),
('CC0651', 'NV004', '2025-04-15', 'CA1', '06:00:00', '14:00:00', N'Đã chấm công', N'Làm ca CA1'),
('CC0652', 'NV005', '2025-04-15', 'CA2', '14:00:00', '22:00:00', N'Đã chấm công', N'Làm ca CA2'),
('CC0653', 'NV006', '2025-04-15', 'CA3', '22:00:00', '06:00:00', N'Đã chấm công', N'Làm ca CA3'),
('CC0654', 'NV007', '2025-04-15', 'CA4', '08:00:00', '16:00:00', N'Đã chấm công', N'Làm ca CA4'),
('CC0655', 'NV008', '2025-04-15', 'CA1', '06:00:00', '14:00:00', N'Đã chấm công', N'Làm ca CA1'),
('CC0656', 'NV009', '2025-04-15', 'CA2', '14:00:00', '22:00:00', N'Đã chấm công', N'Làm ca CA2'),
('CC0657', 'NV010', '2025-04-15', 'CA3', '22:00:00', '06:00:00', N'Đã chấm công', N'Làm ca CA3'),
('CC0658', 'NV011', '2025-04-15', 'CA4', '08:00:00', '16:00:00', N'Đã chấm công', N'Làm ca CA4'),
('CC0659', 'NV012', '2025-04-15', 'CA1', '06:00:00', '14:00:00', N'Đã chấm công', N'Làm ca CA1'),
('CC0660', 'NV013', '2025-04-15', 'CA2', '14:00:00', '22:00:00', N'Đã chấm công', N'Làm ca CA2'),
('CC0661', 'NV014', '2025-04-15', 'CA3', '22:00:00', '06:00:00', N'Đã chấm công', N'Làm ca CA3'),
('CC0662', 'NV015', '2025-04-15', 'CA4', '08:00:00', '16:00:00', N'Đã chấm công', N'Làm ca CA4'),
('CC0663', 'NV016', '2025-04-15', 'CA1', '06:00:00', '14:00:00', N'Đã chấm công', N'Làm ca CA1'),
('CC0664', 'NV017', '2025-04-15', 'CA2', '14:00:00', '22:00:00', N'Đã chấm công', N'Làm ca CA2'),
('CC0665', 'NV018', '2025-04-15', 'CA3', '22:00:00', '06:00:00', N'Đã chấm công', N'Làm ca CA3'),
('CC0666', 'NV019', '2025-04-15', 'CA4', '08:00:00', '16:00:00', N'Đã chấm công', N'Làm ca CA4'),
('CC0667', 'NV020', '2025-04-15', 'CA1', '06:00:00', '14:00:00', N'Đã chấm công', N'Làm ca CA1'),
('CC0668', 'NV001', '2025-04-16', 'CA3', '22:00:00', '06:00:00', N'Đã chấm công', N'Làm ca CA3'),
('CC0669', 'NV002', '2025-04-16', 'CA4', '08:00:00', '16:00:00', N'Đã chấm công', N'Làm ca CA4'),
('CC0670', 'NV003', '2025-04-16', 'CA1', '06:00:00', '14:00:00', N'Đã chấm công', N'Làm ca CA1'),
('CC0671', 'NV004', '2025-04-16', 'CA2', '14:00:00', '22:00:00', N'Đã chấm công', N'Làm ca CA2'),
('CC0672', 'NV005', '2025-04-16', 'CA3', '22:00:00', '06:00:00', N'Đã chấm công', N'Làm ca CA3'),
('CC0673', 'NV006', '2025-04-16', 'CA4', '08:00:00', '16:00:00', N'Đã chấm công', N'Làm ca CA4'),
('CC0674', 'NV007', '2025-04-16', 'CA1', '06:00:00', '14:00:00', N'Đã chấm công', N'Làm ca CA1'),
('CC0675', 'NV008', '2025-04-16', 'CA2', '14:00:00', '22:00:00', N'Đã chấm công', N'Làm ca CA2'),
('CC0676', 'NV009', '2025-04-16', 'CA3', '22:00:00', '06:00:00', N'Đã chấm công', N'Làm ca CA3'),
('CC0677', 'NV010', '2025-04-16', 'CA4', '08:00:00', '16:00:00', N'Đã chấm công', N'Làm ca CA4'),
('CC0678', 'NV011', '2025-04-16', 'CA1', '06:00:00', '14:00:00', N'Đã chấm công', N'Làm ca CA1'),
('CC0679', 'NV012', '2025-04-16', 'CA2', '14:00:00', '22:00:00', N'Đã chấm công', N'Làm ca CA2'),
('CC0680', 'NV013', '2025-04-16', 'CA3', '22:00:00', '06:00:00', N'Đã chấm công', N'Làm ca CA3'),
('CC0681', 'NV014', '2025-04-16', 'CA4', '08:00:00', '16:00:00', N'Đã chấm công', N'Làm ca CA4'),
('CC0682', 'NV015', '2025-04-16', 'CA1', '06:00:00', '14:00:00', N'Đã chấm công', N'Làm ca CA1'),
('CC0683', 'NV016', '2025-04-16', 'CA2', '14:00:00', '22:00:00', N'Đã chấm công', N'Làm ca CA2'),
('CC0684', 'NV017', '2025-04-16', 'CA3', '22:00:00', '06:00:00', N'Đã chấm công', N'Làm ca CA3'),
('CC0685', 'NV018', '2025-04-16', 'CA4', '08:00:00', '16:00:00', N'Đã chấm công', N'Làm ca CA4'),
('CC0686', 'NV019', '2025-04-16', 'CA1', '06:00:00', '14:00:00', N'Đã chấm công', N'Làm ca CA1'),
('CC0687', 'NV020', '2025-04-16', 'CA2', '14:00:00', '22:00:00', N'Đã chấm công', N'Làm ca CA2'),
('CC0688', 'NV001', '2025-04-17', 'CA4', '08:00:00', '16:00:00', N'Đã chấm công', N'Làm ca CA4'),
('CC0689', 'NV002', '2025-04-17', 'CA1', '06:00:00', '14:00:00', N'Đã chấm công', N'Làm ca CA1'),
('CC0690', 'NV003', '2025-04-17', 'CA2', '14:00:00', '22:00:00', N'Đã chấm công', N'Làm ca CA2'),
('CC0691', 'NV004', '2025-04-17', 'CA3', '22:00:00', '06:00:00', N'Đã chấm công', N'Làm ca CA3'),
('CC0692', 'NV005', '2025-04-17', 'CA4', '08:00:00', '16:00:00', N'Đã chấm công', N'Làm ca CA4'),
('CC0693', 'NV006', '2025-04-17', 'CA1', '06:00:00', '14:00:00', N'Đã chấm công', N'Làm ca CA1'),
('CC0694', 'NV007', '2025-04-17', 'CA2', '14:00:00', '22:00:00', N'Đã chấm công', N'Làm ca CA2'),
('CC0695', 'NV008', '2025-04-17', 'CA3', '22:00:00', '06:00:00', N'Đã chấm công', N'Làm ca CA3'),
('CC0696', 'NV009', '2025-04-17', 'CA4', '08:00:00', '16:00:00', N'Đã chấm công', N'Làm ca CA4'),
('CC0697', 'NV010', '2025-04-17', 'CA1', '06:00:00', '14:00:00', N'Đã chấm công', N'Làm ca CA1'),
('CC0698', 'NV011', '2025-04-17', 'CA2', '14:00:00', '22:00:00', N'Đã chấm công', N'Làm ca CA2'),
('CC0699', 'NV012', '2025-04-17', 'CA3', '22:00:00', '06:00:00', N'Đã chấm công', N'Làm ca CA3'),
('CC0700', 'NV013', '2025-04-17', 'CA4', '08:00:00', '16:00:00', N'Đã chấm công', N'Làm ca CA4'),
('CC0701', 'NV014', '2025-04-17', 'CA1', '06:00:00', '14:00:00', N'Đã chấm công', N'Làm ca CA1'),
('CC0702', 'NV015', '2025-04-17', 'CA2', '14:00:00', '22:00:00', N'Đã chấm công', N'Làm ca CA2'),
('CC0703', 'NV016', '2025-04-17', 'CA3', '22:00:00', '06:00:00', N'Đã chấm công', N'Làm ca CA3'),
('CC0704', 'NV017', '2025-04-17', 'CA4', '08:00:00', '16:00:00', N'Đã chấm công', N'Làm ca CA4'),
('CC0705', 'NV018', '2025-04-17', 'CA1', '06:00:00', '14:00:00', N'Đã chấm công', N'Làm ca CA1'),
('CC0706', 'NV019', '2025-04-17', 'CA2', '14:00:00', '22:00:00', N'Đã chấm công', N'Làm ca CA2'),
('CC0707', 'NV020', '2025-04-17', 'CA3', '22:00:00', '06:00:00', N'Đã chấm công', N'Làm ca CA3'),
('CC0708', 'NV001', '2025-04-18', 'CA1', '06:00:00', '14:00:00', N'Đã chấm công', N'Làm ca CA1'),
('CC0709', 'NV002', '2025-04-18', 'CA2', '14:00:00', '22:00:00', N'Đã chấm công', N'Làm ca CA2'),
('CC0710', 'NV003', '2025-04-18', 'CA3', '22:00:00', '06:00:00', N'Đã chấm công', N'Làm ca CA3'),
('CC0711', 'NV004', '2025-04-18', 'CA4', '08:00:00', '16:00:00', N'Đã chấm công', N'Làm ca CA4'),
('CC0712', 'NV005', '2025-04-18', 'CA1', '06:00:00', '14:00:00', N'Đã chấm công', N'Làm ca CA1'),
('CC0713', 'NV006', '2025-04-18', 'CA2', '14:00:00', '22:00:00', N'Đã chấm công', N'Làm ca CA2'),
('CC0714', 'NV007', '2025-04-18', 'CA3', '22:00:00', '06:00:00', N'Đã chấm công', N'Làm ca CA3'),
('CC0715', 'NV008', '2025-04-18', 'CA4', '08:00:00', '16:00:00', N'Đã chấm công', N'Làm ca CA4'),
('CC0716', 'NV009', '2025-04-18', 'CA1', '06:00:00', '14:00:00', N'Đã chấm công', N'Làm ca CA1'),
('CC0717', 'NV010', '2025-04-18', 'CA2', '14:00:00', '22:00:00', N'Đã chấm công', N'Làm ca CA2'),
('CC0718', 'NV011', '2025-04-18', 'CA3', '22:00:00', '06:00:00', N'Đã chấm công', N'Làm ca CA3'),
('CC0719', 'NV012', '2025-04-18', 'CA4', '08:00:00', '16:00:00', N'Đã chấm công', N'Làm ca CA4'),
('CC0720', 'NV013', '2025-04-18', 'CA1', '06:00:00', '14:00:00', N'Đã chấm công', N'Làm ca CA1'),
('CC0721', 'NV014', '2025-04-18', 'CA2', '14:00:00', '22:00:00', N'Đã chấm công', N'Làm ca CA2'),
('CC0722', 'NV015', '2025-04-18', 'CA3', '22:00:00', '06:00:00', N'Đã chấm công', N'Làm ca CA3'),
('CC0723', 'NV016', '2025-04-18', 'CA4', '08:00:00', '16:00:00', N'Đã chấm công', N'Làm ca CA4'),
('CC0724', 'NV017', '2025-04-18', 'CA1', '06:00:00', '14:00:00', N'Đã chấm công', N'Làm ca CA1'),
('CC0725', 'NV018', '2025-04-18', 'CA2', '14:00:00', '22:00:00', N'Đã chấm công', N'Làm ca CA2'),
('CC0726', 'NV019', '2025-04-18', 'CA3', '22:00:00', '06:00:00', N'Đã chấm công', N'Làm ca CA3'),
('CC0727', 'NV020', '2025-04-18', 'CA4', '08:00:00', '16:00:00', N'Đã chấm công', N'Làm ca CA4'),
('CC0728', 'NV001', '2025-04-19', 'CA2', '14:00:00', '22:00:00', N'Đã chấm công', N'Làm ca CA2'),
('CC0729', 'NV002', '2025-04-19', 'CA3', '22:00:00', '06:00:00', N'Đã chấm công', N'Làm ca CA3'),
('CC0730', 'NV003', '2025-04-19', 'CA4', '08:00:00', '16:00:00', N'Đã chấm công', N'Làm ca CA4'),
('CC0731', 'NV004', '2025-04-19', 'CA1', '06:00:00', '14:00:00', N'Đã chấm công', N'Làm ca CA1'),
('CC0732', 'NV005', '2025-04-19', 'CA2', '14:00:00', '22:00:00', N'Đã chấm công', N'Làm ca CA2'),
('CC0733', 'NV006', '2025-04-19', 'CA3', '22:00:00', '06:00:00', N'Đã chấm công', N'Làm ca CA3'),
('CC0734', 'NV007', '2025-04-19', 'CA4', '08:00:00', '16:00:00', N'Đã chấm công', N'Làm ca CA4'),
('CC0735', 'NV008', '2025-04-19', 'CA1', '06:00:00', '14:00:00', N'Đã chấm công', N'Làm ca CA1'),
('CC0736', 'NV009', '2025-04-19', 'CA2', '14:00:00', '22:00:00', N'Đã chấm công', N'Làm ca CA2'),
('CC0737', 'NV010', '2025-04-19', 'CA3', '22:00:00', '06:00:00', N'Đã chấm công', N'Làm ca CA3'),
('CC0738', 'NV011', '2025-04-19', 'CA4', '08:00:00', '16:00:00', N'Đã chấm công', N'Làm ca CA4'),
('CC0739', 'NV012', '2025-04-19', 'CA1', '06:00:00', '14:00:00', N'Đã chấm công', N'Làm ca CA1'),
('CC0740', 'NV013', '2025-04-19', 'CA2', '14:00:00', '22:00:00', N'Đã chấm công', N'Làm ca CA2'),
('CC0741', 'NV014', '2025-04-19', 'CA3', '22:00:00', '06:00:00', N'Đã chấm công', N'Làm ca CA3'),
('CC0742', 'NV015', '2025-04-19', 'CA4', '08:00:00', '16:00:00', N'Đã chấm công', N'Làm ca CA4'),
('CC0743', 'NV016', '2025-04-19', 'CA1', '06:00:00', '14:00:00', N'Đã chấm công', N'Làm ca CA1'),
('CC0744', 'NV017', '2025-04-19', 'CA2', '14:00:00', '22:00:00', N'Đã chấm công', N'Làm ca CA2'),
('CC0745', 'NV018', '2025-04-19', 'CA3', '22:00:00', '06:00:00', N'Đã chấm công', N'Làm ca CA3'),
('CC0746', 'NV019', '2025-04-19', 'CA4', '08:00:00', '16:00:00', N'Đã chấm công', N'Làm ca CA4'),
('CC0747', 'NV020', '2025-04-19', 'CA1', '06:00:00', '14:00:00', N'Đã chấm công', N'Làm ca CA1'),
('CC0748', 'NV001', '2025-04-20', 'CA3', '22:00:00', '06:00:00', N'Đã chấm công', N'Làm ca CA3'),
('CC0749', 'NV002', '2025-04-20', 'CA4', '08:00:00', '16:00:00', N'Đã chấm công', N'Làm ca CA4'),
('CC0750', 'NV003', '2025-04-20', 'CA1', '06:00:00', '14:00:00', N'Đã chấm công', N'Làm ca CA1'),
('CC0751', 'NV004', '2025-04-20', 'CA2', '14:00:00', '22:00:00', N'Đã chấm công', N'Làm ca CA2'),
('CC0752', 'NV005', '2025-04-20', 'CA3', '22:00:00', '06:00:00', N'Đã chấm công', N'Làm ca CA3'),
('CC0753', 'NV006', '2025-04-20', 'CA4', '08:00:00', '16:00:00', N'Đã chấm công', N'Làm ca CA4'),
('CC0754', 'NV007', '2025-04-20', 'CA1', '06:00:00', '14:00:00', N'Đã chấm công', N'Làm ca CA1'),
('CC0755', 'NV008', '2025-04-20', 'CA2', '14:00:00', '22:00:00', N'Đã chấm công', N'Làm ca CA2'),
('CC0756', 'NV009', '2025-04-20', 'CA3', '22:00:00', '06:00:00', N'Đã chấm công', N'Làm ca CA3'),
('CC0757', 'NV010', '2025-04-20', 'CA4', '08:00:00', '16:00:00', N'Đã chấm công', N'Làm ca CA4'),
('CC0758', 'NV011', '2025-04-20', 'CA1', '06:00:00', '14:00:00', N'Đã chấm công', N'Làm ca CA1'),
('CC0759', 'NV012', '2025-04-20', 'CA2', '14:00:00', '22:00:00', N'Đã chấm công', N'Làm ca CA2'),
('CC0760', 'NV013', '2025-04-20', 'CA3', '22:00:00', '06:00:00', N'Đã chấm công', N'Làm ca CA3'),
('CC0761', 'NV014', '2025-04-20', 'CA4', '08:00:00', '16:00:00', N'Đã chấm công', N'Làm ca CA4'),
('CC0762', 'NV015', '2025-04-20', 'CA1', '06:00:00', '14:00:00', N'Đã chấm công', N'Làm ca CA1'),
('CC0763', 'NV016', '2025-04-20', 'CA2', '14:00:00', '22:00:00', N'Đã chấm công', N'Làm ca CA2'),
('CC0764', 'NV017', '2025-04-20', 'CA3', '22:00:00', '06:00:00', N'Đã chấm công', N'Làm ca CA3'),
('CC0765', 'NV018', '2025-04-20', 'CA4', '08:00:00', '16:00:00', N'Đã chấm công', N'Làm ca CA4'),
('CC0766', 'NV019', '2025-04-20', 'CA1', '06:00:00', '14:00:00', N'Đã chấm công', N'Làm ca CA1'),
('CC0767', 'NV020', '2025-04-20', 'CA2', '14:00:00', '22:00:00', N'Đã chấm công', N'Làm ca CA2'),
('CC0768', 'NV001', '2025-04-21', 'CA4', '08:00:00', '16:00:00', N'Đã chấm công', N'Làm ca CA4'),
('CC0769', 'NV002', '2025-04-21', 'CA1', '06:00:00', '14:00:00', N'Đã chấm công', N'Làm ca CA1'),
('CC0770', 'NV003', '2025-04-21', 'CA2', '14:00:00', '22:00:00', N'Đã chấm công', N'Làm ca CA2'),
('CC0771', 'NV004', '2025-04-21', 'CA3', '22:00:00', '06:00:00', N'Đã chấm công', N'Làm ca CA3'),
('CC0772', 'NV005', '2025-04-21', 'CA4', '08:00:00', '16:00:00', N'Đã chấm công', N'Làm ca CA4'),
('CC0773', 'NV006', '2025-04-21', 'CA1', '06:00:00', '14:00:00', N'Đã chấm công', N'Làm ca CA1'),
('CC0774', 'NV007', '2025-04-21', 'CA2', '14:00:00', '22:00:00', N'Đã chấm công', N'Làm ca CA2'),
('CC0775', 'NV008', '2025-04-21', 'CA3', '22:00:00', '06:00:00', N'Đã chấm công', N'Làm ca CA3'),
('CC0776', 'NV009', '2025-04-21', 'CA4', '08:00:00', '16:00:00', N'Đã chấm công', N'Làm ca CA4'),
('CC0777', 'NV010', '2025-04-21', 'CA1', '06:00:00', '14:00:00', N'Đã chấm công', N'Làm ca CA1'),
('CC0778', 'NV011', '2025-04-21', 'CA2', '14:00:00', '22:00:00', N'Đã chấm công', N'Làm ca CA2'),
('CC0779', 'NV012', '2025-04-21', 'CA3', '22:00:00', '06:00:00', N'Đã chấm công', N'Làm ca CA3'),
('CC0780', 'NV013', '2025-04-21', 'CA4', '08:00:00', '16:00:00', N'Đã chấm công', N'Làm ca CA4'),
('CC0781', 'NV014', '2025-04-21', 'CA1', '06:00:00', '14:00:00', N'Đã chấm công', N'Làm ca CA1'),
('CC0782', 'NV015', '2025-04-21', 'CA2', '14:00:00', '22:00:00', N'Đã chấm công', N'Làm ca CA2'),
('CC0783', 'NV016', '2025-04-21', 'CA3', '22:00:00', '06:00:00', N'Đã chấm công', N'Làm ca CA3'),
('CC0784', 'NV017', '2025-04-21', 'CA4', '08:00:00', '16:00:00', N'Đã chấm công', N'Làm ca CA4'),
('CC0785', 'NV018', '2025-04-21', 'CA1', '06:00:00', '14:00:00', N'Đã chấm công', N'Làm ca CA1'),
('CC0786', 'NV019', '2025-04-21', 'CA2', '14:00:00', '22:00:00', N'Đã chấm công', N'Làm ca CA2'),
('CC0787', 'NV020', '2025-04-21', 'CA3', '22:00:00', '06:00:00', N'Đã chấm công', N'Làm ca CA3'),
('CC0788', 'NV001', '2025-04-22', 'CA1', '06:00:00', '14:00:00', N'Đã chấm công', N'Làm ca CA1'),
('CC0789', 'NV002', '2025-04-22', 'CA2', '14:00:00', '22:00:00', N'Đã chấm công', N'Làm ca CA2'),
('CC0790', 'NV003', '2025-04-22', 'CA3', '22:00:00', '06:00:00', N'Đã chấm công', N'Làm ca CA3'),
('CC0791', 'NV004', '2025-04-22', 'CA4', '08:00:00', '16:00:00', N'Đã chấm công', N'Làm ca CA4'),
('CC0792', 'NV005', '2025-04-22', 'CA1', '06:00:00', '14:00:00', N'Đã chấm công', N'Làm ca CA1'),
('CC0793', 'NV006', '2025-04-22', 'CA2', '14:00:00', '22:00:00', N'Đã chấm công', N'Làm ca CA2'),
('CC0794', 'NV007', '2025-04-22', 'CA3', '22:00:00', '06:00:00', N'Đã chấm công', N'Làm ca CA3'),
('CC0795', 'NV008', '2025-04-22', 'CA4', '08:00:00', '16:00:00', N'Đã chấm công', N'Làm ca CA4'),
('CC0796', 'NV009', '2025-04-22', 'CA1', '06:00:00', '14:00:00', N'Đã chấm công', N'Làm ca CA1'),
('CC0797', 'NV010', '2025-04-22', 'CA2', '14:00:00', '22:00:00', N'Đã chấm công', N'Làm ca CA2'),
('CC0798', 'NV011', '2025-04-22', 'CA3', '22:00:00', '06:00:00', N'Đã chấm công', N'Làm ca CA3'),
('CC0799', 'NV012', '2025-04-22', 'CA4', '08:00:00', '16:00:00', N'Đã chấm công', N'Làm ca CA4'),
('CC0800', 'NV013', '2025-04-22', 'CA1', '06:00:00', '14:00:00', N'Đã chấm công', N'Làm ca CA1'),
('CC0801', 'NV014', '2025-04-22', 'CA2', '14:00:00', '22:00:00', N'Đã chấm công', N'Làm ca CA2'),
('CC0802', 'NV015', '2025-04-22', 'CA3', '22:00:00', '06:00:00', N'Đã chấm công', N'Làm ca CA3'),
('CC0803', 'NV016', '2025-04-22', 'CA4', '08:00:00', '16:00:00', N'Đã chấm công', N'Làm ca CA4'),
('CC0804', 'NV017', '2025-04-22', 'CA1', '06:00:00', '14:00:00', N'Đã chấm công', N'Làm ca CA1'),
('CC0805', 'NV018', '2025-04-22', 'CA2', '14:00:00', '22:00:00', N'Đã chấm công', N'Làm ca CA2'),
('CC0806', 'NV019', '2025-04-22', 'CA3', '22:00:00', '06:00:00', N'Đã chấm công', N'Làm ca CA3'),
('CC0807', 'NV020', '2025-04-22', 'CA4', '08:00:00', '16:00:00', N'Đã chấm công', N'Làm ca CA4'),
('CC0808', 'NV001', '2025-04-23', 'CA2', '14:00:00', '22:00:00', N'Đã chấm công', N'Làm ca CA2'),
('CC0809', 'NV002', '2025-04-23', 'CA3', '22:00:00', '06:00:00', N'Đã chấm công', N'Làm ca CA3'),
('CC0810', 'NV003', '2025-04-23', 'CA4', '08:00:00', '16:00:00', N'Đã chấm công', N'Làm ca CA4'),
('CC0811', 'NV004', '2025-04-23', 'CA1', '06:00:00', '14:00:00', N'Đã chấm công', N'Làm ca CA1'),
('CC0812', 'NV005', '2025-04-23', 'CA2', '14:00:00', '22:00:00', N'Đã chấm công', N'Làm ca CA2'),
('CC0813', 'NV006', '2025-04-23', 'CA3', '22:00:00', '06:00:00', N'Đã chấm công', N'Làm ca CA3'),
('CC0814', 'NV007', '2025-04-23', 'CA4', '08:00:00', '16:00:00', N'Đã chấm công', N'Làm ca CA4'),
('CC0815', 'NV008', '2025-04-23', 'CA1', '06:00:00', '14:00:00', N'Đã chấm công', N'Làm ca CA1'),
('CC0816', 'NV009', '2025-04-23', 'CA2', '14:00:00', '22:00:00', N'Đã chấm công', N'Làm ca CA2'),
('CC0817', 'NV010', '2025-04-23', 'CA3', '22:00:00', '06:00:00', N'Đã chấm công', N'Làm ca CA3'),
('CC0818', 'NV011', '2025-04-23', 'CA4', '08:00:00', '16:00:00', N'Đã chấm công', N'Làm ca CA4'),
('CC0819', 'NV012', '2025-04-23', 'CA1', '06:00:00', '14:00:00', N'Đã chấm công', N'Làm ca CA1'),
('CC0820', 'NV013', '2025-04-23', 'CA2', '14:00:00', '22:00:00', N'Đã chấm công', N'Làm ca CA2'),
('CC0821', 'NV014', '2025-04-23', 'CA3', '22:00:00', '06:00:00', N'Đã chấm công', N'Làm ca CA3'),
('CC0822', 'NV015', '2025-04-23', 'CA4', '08:00:00', '16:00:00', N'Đã chấm công', N'Làm ca CA4'),
('CC0823', 'NV016', '2025-04-23', 'CA1', '06:00:00', '14:00:00', N'Đã chấm công', N'Làm ca CA1'),
('CC0824', 'NV017', '2025-04-23', 'CA2', '14:00:00', '22:00:00', N'Đã chấm công', N'Làm ca CA2'),
('CC0825', 'NV018', '2025-04-23', 'CA3', '22:00:00', '06:00:00', N'Đã chấm công', N'Làm ca CA3'),
('CC0826', 'NV019', '2025-04-23', 'CA4', '08:00:00', '16:00:00', N'Đã chấm công', N'Làm ca CA4'),
('CC0827', 'NV020', '2025-04-23', 'CA1', '06:00:00', '14:00:00', N'Đã chấm công', N'Làm ca CA1'),
('CC0828', 'NV001', '2025-04-24', 'CA3', '22:00:00', '06:00:00', N'Đã chấm công', N'Làm ca CA3'),
('CC0829', 'NV002', '2025-04-24', 'CA4', '08:00:00', '16:00:00', N'Đã chấm công', N'Làm ca CA4'),
('CC0830', 'NV003', '2025-04-24', 'CA1', '06:00:00', '14:00:00', N'Đã chấm công', N'Làm ca CA1'),
('CC0831', 'NV004', '2025-04-24', 'CA2', '14:00:00', '22:00:00', N'Đã chấm công', N'Làm ca CA2'),
('CC0832', 'NV005', '2025-04-24', 'CA3', '22:00:00', '06:00:00', N'Đã chấm công', N'Làm ca CA3'),
('CC0833', 'NV006', '2025-04-24', 'CA4', '08:00:00', '16:00:00', N'Đã chấm công', N'Làm ca CA4'),
('CC0834', 'NV007', '2025-04-24', 'CA1', '06:00:00', '14:00:00', N'Đã chấm công', N'Làm ca CA1'),
('CC0835', 'NV008', '2025-04-24', 'CA2', '14:00:00', '22:00:00', N'Đã chấm công', N'Làm ca CA2'),
('CC0836', 'NV009', '2025-04-24', 'CA3', '22:00:00', '06:00:00', N'Đã chấm công', N'Làm ca CA3'),
('CC0837', 'NV010', '2025-04-24', 'CA4', '08:00:00', '16:00:00', N'Đã chấm công', N'Làm ca CA4'),
('CC0838', 'NV011', '2025-04-24', 'CA1', '06:00:00', '14:00:00', N'Đã chấm công', N'Làm ca CA1'),
('CC0839', 'NV012', '2025-04-24', 'CA2', '14:00:00', '22:00:00', N'Đã chấm công', N'Làm ca CA2'),
('CC0840', 'NV013', '2025-04-24', 'CA3', '22:00:00', '06:00:00', N'Đã chấm công', N'Làm ca CA3'),
('CC0841', 'NV014', '2025-04-24', 'CA4', '08:00:00', '16:00:00', N'Đã chấm công', N'Làm ca CA4'),
('CC0842', 'NV015', '2025-04-24', 'CA1', '06:00:00', '14:00:00', N'Đã chấm công', N'Làm ca CA1'),
('CC0843', 'NV016', '2025-04-24', 'CA2', '14:00:00', '22:00:00', N'Đã chấm công', N'Làm ca CA2'),
('CC0844', 'NV017', '2025-04-24', 'CA3', '22:00:00', '06:00:00', N'Đã chấm công', N'Làm ca CA3'),
('CC0845', 'NV018', '2025-04-24', 'CA4', '08:00:00', '16:00:00', N'Đã chấm công', N'Làm ca CA4'),
('CC0846', 'NV019', '2025-04-24', 'CA1', '06:00:00', '14:00:00', N'Đã chấm công', N'Làm ca CA1'),
('CC0847', 'NV020', '2025-04-24', 'CA2', '14:00:00', '22:00:00', N'Đã chấm công', N'Làm ca CA2'),
('CC0848', 'NV001', '2025-04-25', 'CA4', '08:00:00', '16:00:00', N'Đã chấm công', N'Làm ca CA4'),
('CC0849', 'NV002', '2025-04-25', 'CA1', '06:00:00', '14:00:00', N'Đã chấm công', N'Làm ca CA1'),
('CC0850', 'NV003', '2025-04-25', 'CA2', '14:00:00', '22:00:00', N'Đã chấm công', N'Làm ca CA2'),
('CC0851', 'NV004', '2025-04-25', 'CA3', '22:00:00', '06:00:00', N'Đã chấm công', N'Làm ca CA3'),
('CC0852', 'NV005', '2025-04-25', 'CA4', '08:00:00', '16:00:00', N'Đã chấm công', N'Làm ca CA4'),
('CC0853', 'NV006', '2025-04-25', 'CA1', '06:00:00', '14:00:00', N'Đã chấm công', N'Làm ca CA1'),
('CC0854', 'NV007', '2025-04-25', 'CA2', '14:00:00', '22:00:00', N'Đã chấm công', N'Làm ca CA2'),
('CC0855', 'NV008', '2025-04-25', 'CA3', '22:00:00', '06:00:00', N'Đã chấm công', N'Làm ca CA3'),
('CC0856', 'NV009', '2025-04-25', 'CA4', '08:00:00', '16:00:00', N'Đã chấm công', N'Làm ca CA4'),
('CC0857', 'NV010', '2025-04-25', 'CA1', '06:00:00', '14:00:00', N'Đã chấm công', N'Làm ca CA1'),
('CC0858', 'NV011', '2025-04-25', 'CA2', '14:00:00', '22:00:00', N'Đã chấm công', N'Làm ca CA2'),
('CC0859', 'NV012', '2025-04-25', 'CA3', '22:00:00', '06:00:00', N'Đã chấm công', N'Làm ca CA3'),
('CC0860', 'NV013', '2025-04-25', 'CA4', '08:00:00', '16:00:00', N'Đã chấm công', N'Làm ca CA4'),
('CC0861', 'NV014', '2025-04-25', 'CA1', '06:00:00', '14:00:00', N'Đã chấm công', N'Làm ca CA1'),
('CC0862', 'NV015', '2025-04-25', 'CA2', '14:00:00', '22:00:00', N'Đã chấm công', N'Làm ca CA2'),
('CC0863', 'NV016', '2025-04-25', 'CA3', '22:00:00', '06:00:00', N'Đã chấm công', N'Làm ca CA3'),
('CC0864', 'NV017', '2025-04-25', 'CA4', '08:00:00', '16:00:00', N'Đã chấm công', N'Làm ca CA4'),
('CC0865', 'NV018', '2025-04-25', 'CA1', '06:00:00', '14:00:00', N'Đã chấm công', N'Làm ca CA1'),
('CC0866', 'NV019', '2025-04-25', 'CA2', '14:00:00', '22:00:00', N'Đã chấm công', N'Làm ca CA2'),
('CC0867', 'NV020', '2025-04-25', 'CA3', '22:00:00', '06:00:00', N'Đã chấm công', N'Làm ca CA3'),
('CC0868', 'NV001', '2025-04-26', 'CA1', '06:00:00', '14:00:00', N'Đã chấm công', N'Làm ca CA1'),
('CC0869', 'NV002', '2025-04-26', 'CA2', '14:00:00', '22:00:00', N'Đã chấm công', N'Làm ca CA2'),
('CC0870', 'NV003', '2025-04-26', 'CA3', '22:00:00', '06:00:00', N'Đã chấm công', N'Làm ca CA3'),
('CC0871', 'NV004', '2025-04-26', 'CA4', '08:00:00', '16:00:00', N'Đã chấm công', N'Làm ca CA4'),
('CC0872', 'NV005', '2025-04-26', 'CA1', '06:00:00', '14:00:00', N'Đã chấm công', N'Làm ca CA1'),
('CC0873', 'NV006', '2025-04-26', 'CA2', '14:00:00', '22:00:00', N'Đã chấm công', N'Làm ca CA2'),
('CC0874', 'NV007', '2025-04-26', 'CA3', '22:00:00', '06:00:00', N'Đã chấm công', N'Làm ca CA3'),
('CC0875', 'NV008', '2025-04-26', 'CA4', '08:00:00', '16:00:00', N'Đã chấm công', N'Làm ca CA4'),
('CC0876', 'NV009', '2025-04-26', 'CA1', '06:00:00', '14:00:00', N'Đã chấm công', N'Làm ca CA1'),
('CC0877', 'NV010', '2025-04-26', 'CA2', '14:00:00', '22:00:00', N'Đã chấm công', N'Làm ca CA2'),
('CC0878', 'NV011', '2025-04-26', 'CA3', '22:00:00', '06:00:00', N'Đã chấm công', N'Làm ca CA3'),
('CC0879', 'NV012', '2025-04-26', 'CA4', '08:00:00', '16:00:00', N'Đã chấm công', N'Làm ca CA4'),
('CC0880', 'NV013', '2025-04-26', 'CA1', '06:00:00', '14:00:00', N'Đã chấm công', N'Làm ca CA1'),
('CC0881', 'NV014', '2025-04-26', 'CA2', '14:00:00', '22:00:00', N'Đã chấm công', N'Làm ca CA2'),
('CC0882', 'NV015', '2025-04-26', 'CA3', '22:00:00', '06:00:00', N'Đã chấm công', N'Làm ca CA3'),
('CC0883', 'NV016', '2025-04-26', 'CA4', '08:00:00', '16:00:00', N'Đã chấm công', N'Làm ca CA4'),
('CC0884', 'NV017', '2025-04-26', 'CA1', '06:00:00', '14:00:00', N'Đã chấm công', N'Làm ca CA1'),
('CC0885', 'NV018', '2025-04-26', 'CA2', '14:00:00', '22:00:00', N'Đã chấm công', N'Làm ca CA2'),
('CC0886', 'NV019', '2025-04-26', 'CA3', '22:00:00', '06:00:00', N'Đã chấm công', N'Làm ca CA3'),
('CC0887', 'NV020', '2025-04-26', 'CA4', '08:00:00', '16:00:00', N'Đã chấm công', N'Làm ca CA4'),
('CC0888', 'NV001', '2025-04-27', 'CA2', '14:00:00', '22:00:00', N'Đã chấm công', N'Làm ca CA2'),
('CC0889', 'NV002', '2025-04-27', 'CA3', '22:00:00', '06:00:00', N'Đã chấm công', N'Làm ca CA3'),
('CC0890', 'NV003', '2025-04-27', 'CA4', '08:00:00', '16:00:00', N'Đã chấm công', N'Làm ca CA4'),
('CC0891', 'NV004', '2025-04-27', 'CA1', '06:00:00', '14:00:00', N'Đã chấm công', N'Làm ca CA1'),
('CC0892', 'NV005', '2025-04-27', 'CA2', '14:00:00', '22:00:00', N'Đã chấm công', N'Làm ca CA2'),
('CC0893', 'NV006', '2025-04-27', 'CA3', '22:00:00', '06:00:00', N'Đã chấm công', N'Làm ca CA3'),
('CC0894', 'NV007', '2025-04-27', 'CA4', '08:00:00', '16:00:00', N'Đã chấm công', N'Làm ca CA4'),
('CC0895', 'NV008', '2025-04-27', 'CA1', '06:00:00', '14:00:00', N'Đã chấm công', N'Làm ca CA1'),
('CC0896', 'NV009', '2025-04-27', 'CA2', '14:00:00', '22:00:00', N'Đã chấm công', N'Làm ca CA2'),
('CC0897', 'NV010', '2025-04-27', 'CA3', '22:00:00', '06:00:00', N'Đã chấm công', N'Làm ca CA3'),
('CC0898', 'NV011', '2025-04-27', 'CA4', '08:00:00', '16:00:00', N'Đã chấm công', N'Làm ca CA4'),
('CC0899', 'NV012', '2025-04-27', 'CA1', '06:00:00', '14:00:00', N'Đã chấm công', N'Làm ca CA1'),
('CC0900', 'NV013', '2025-04-27', 'CA2', '14:00:00', '22:00:00', N'Đã chấm công', N'Làm ca CA2'),
('CC0901', 'NV014', '2025-04-27', 'CA3', '22:00:00', '06:00:00', N'Đã chấm công', N'Làm ca CA3'),
('CC0902', 'NV015', '2025-04-27', 'CA4', '08:00:00', '16:00:00', N'Đã chấm công', N'Làm ca CA4'),
('CC0903', 'NV016', '2025-04-27', 'CA1', '06:00:00', '14:00:00', N'Đã chấm công', N'Làm ca CA1'),
('CC0904', 'NV017', '2025-04-27', 'CA2', '14:00:00', '22:00:00', N'Đã chấm công', N'Làm ca CA2'),
('CC0905', 'NV018', '2025-04-27', 'CA3', '22:00:00', '06:00:00', N'Đã chấm công', N'Làm ca CA3'),
('CC0906', 'NV019', '2025-04-27', 'CA4', '08:00:00', '16:00:00', N'Đã chấm công', N'Làm ca CA4'),
('CC0907', 'NV020', '2025-04-27', 'CA1', '06:00:00', '14:00:00', N'Đã chấm công', N'Làm ca CA1'),
('CC0908', 'NV001', '2025-04-28', 'CA3', '22:00:00', '06:00:00', N'Đã chấm công', N'Làm ca CA3'),
('CC0909', 'NV002', '2025-04-28', 'CA4', '08:00:00', '16:00:00', N'Đã chấm công', N'Làm ca CA4'),
('CC0910', 'NV003', '2025-04-28', 'CA1', '06:00:00', '14:00:00', N'Đã chấm công', N'Làm ca CA1'),
('CC0911', 'NV004', '2025-04-28', 'CA2', '14:00:00', '22:00:00', N'Đã chấm công', N'Làm ca CA2'),
('CC0912', 'NV005', '2025-04-28', 'CA3', '22:00:00', '06:00:00', N'Đã chấm công', N'Làm ca CA3'),
('CC0913', 'NV006', '2025-04-28', 'CA4', '08:00:00', '16:00:00', N'Đã chấm công', N'Làm ca CA4'),
('CC0914', 'NV007', '2025-04-28', 'CA1', '06:00:00', '14:00:00', N'Đã chấm công', N'Làm ca CA1'),
('CC0915', 'NV008', '2025-04-28', 'CA2', '14:00:00', '22:00:00', N'Đã chấm công', N'Làm ca CA2'),
('CC0916', 'NV009', '2025-04-28', 'CA3', '22:00:00', '06:00:00', N'Đã chấm công', N'Làm ca CA3'),
('CC0917', 'NV010', '2025-04-28', 'CA4', '08:00:00', '16:00:00', N'Đã chấm công', N'Làm ca CA4'),
('CC0918', 'NV011', '2025-04-28', 'CA1', '06:00:00', '14:00:00', N'Đã chấm công', N'Làm ca CA1'),
('CC0919', 'NV012', '2025-04-28', 'CA2', '14:00:00', '22:00:00', N'Đã chấm công', N'Làm ca CA2'),
('CC0920', 'NV013', '2025-04-28', 'CA3', '22:00:00', '06:00:00', N'Đã chấm công', N'Làm ca CA3'),
('CC0921', 'NV014', '2025-04-28', 'CA4', '08:00:00', '16:00:00', N'Đã chấm công', N'Làm ca CA4'),
('CC0922', 'NV015', '2025-04-28', 'CA1', '06:00:00', '14:00:00', N'Đã chấm công', N'Làm ca CA1'),
('CC0923', 'NV016', '2025-04-28', 'CA2', '14:00:00', '22:00:00', N'Đã chấm công', N'Làm ca CA2'),
('CC0924', 'NV017', '2025-04-28', 'CA3', '22:00:00', '06:00:00', N'Đã chấm công', N'Làm ca CA3'),
('CC0925', 'NV018', '2025-04-28', 'CA4', '08:00:00', '16:00:00', N'Đã chấm công', N'Làm ca CA4'),
('CC0926', 'NV019', '2025-04-28', 'CA1', '06:00:00', '14:00:00', N'Đã chấm công', N'Làm ca CA1'),
('CC0927', 'NV020', '2025-04-28', 'CA2', '14:00:00', '22:00:00', N'Đã chấm công', N'Làm ca CA2'),
('CC0928', 'NV001', '2025-04-29', 'CA4', '08:00:00', '16:00:00', N'Đã chấm công', N'Làm ca CA4'),
('CC0929', 'NV002', '2025-04-29', 'CA1', '06:00:00', '14:00:00', N'Đã chấm công', N'Làm ca CA1'),
('CC0930', 'NV003', '2025-04-29', 'CA2', '14:00:00', '22:00:00', N'Đã chấm công', N'Làm ca CA2'),
('CC0931', 'NV004', '2025-04-29', 'CA3', '22:00:00', '06:00:00', N'Đã chấm công', N'Làm ca CA3'),
('CC0932', 'NV005', '2025-04-29', 'CA4', '08:00:00', '16:00:00', N'Đã chấm công', N'Làm ca CA4'),
('CC0933', 'NV006', '2025-04-29', 'CA1', '06:00:00', '14:00:00', N'Đã chấm công', N'Làm ca CA1'),
('CC0934', 'NV007', '2025-04-29', 'CA2', '14:00:00', '22:00:00', N'Đã chấm công', N'Làm ca CA2'),
('CC0935', 'NV008', '2025-04-29', 'CA3', '22:00:00', '06:00:00', N'Đã chấm công', N'Làm ca CA3'),
('CC0936', 'NV009', '2025-04-29', 'CA4', '08:00:00', '16:00:00', N'Đã chấm công', N'Làm ca CA4'),
('CC0937', 'NV010', '2025-04-29', 'CA1', '06:00:00', '14:00:00', N'Đã chấm công', N'Làm ca CA1'),
('CC0938', 'NV011', '2025-04-29', 'CA2', '14:00:00', '22:00:00', N'Đã chấm công', N'Làm ca CA2'),
('CC0939', 'NV012', '2025-04-29', 'CA3', '22:00:00', '06:00:00', N'Đã chấm công', N'Làm ca CA3'),
('CC0940', 'NV013', '2025-04-29', 'CA4', '08:00:00', '16:00:00', N'Đã chấm công', N'Làm ca CA4'),
('CC0941', 'NV014', '2025-04-29', 'CA1', '06:00:00', '14:00:00', N'Đã chấm công', N'Làm ca CA1'),
('CC0942', 'NV015', '2025-04-29', 'CA2', '14:00:00', '22:00:00', N'Đã chấm công', N'Làm ca CA2'),
('CC0943', 'NV016', '2025-04-29', 'CA3', '22:00:00', '06:00:00', N'Đã chấm công', N'Làm ca CA3'),
('CC0944', 'NV017', '2025-04-29', 'CA4', '08:00:00', '16:00:00', N'Đã chấm công', N'Làm ca CA4'),
('CC0945', 'NV018', '2025-04-29', 'CA1', '06:00:00', '14:00:00', N'Đã chấm công', N'Làm ca CA1'),
('CC0946', 'NV019', '2025-04-29', 'CA2', '14:00:00', '22:00:00', N'Đã chấm công', N'Làm ca CA2'),
('CC0947', 'NV020', '2025-04-29', 'CA3', '22:00:00', '06:00:00', N'Đã chấm công', N'Làm ca CA3'),
('CC0948', 'NV001', '2025-04-30', 'CA1', '06:00:00', '14:00:00', N'Đã chấm công', N'Làm ca CA1'),
('CC0949', 'NV002', '2025-04-30', 'CA2', '14:00:00', '22:00:00', N'Đã chấm công', N'Làm ca CA2'),
('CC0950', 'NV003', '2025-04-30', 'CA3', '22:00:00', '06:00:00', N'Đã chấm công', N'Làm ca CA3'),
('CC0951', 'NV004', '2025-04-30', 'CA4', '08:00:00', '16:00:00', N'Đã chấm công', N'Làm ca CA4'),
('CC0952', 'NV005', '2025-04-30', 'CA1', '06:00:00', '14:00:00', N'Đã chấm công', N'Làm ca CA1'),
('CC0953', 'NV006', '2025-04-30', 'CA2', '14:00:00', '22:00:00', N'Đã chấm công', N'Làm ca CA2'),
('CC0954', 'NV007', '2025-04-30', 'CA3', '22:00:00', '06:00:00', N'Đã chấm công', N'Làm ca CA3'),
('CC0955', 'NV008', '2025-04-30', 'CA4', '08:00:00', '16:00:00', N'Đã chấm công', N'Làm ca CA4'),
('CC0956', 'NV009', '2025-04-30', 'CA1', '06:00:00', '14:00:00', N'Đã chấm công', N'Làm ca CA1'),
('CC0957', 'NV010', '2025-04-30', 'CA2', '14:00:00', '22:00:00', N'Đã chấm công', N'Làm ca CA2'),
('CC0958', 'NV011', '2025-04-30', 'CA3', '22:00:00', '06:00:00', N'Đã chấm công', N'Làm ca CA3'),
('CC0959', 'NV012', '2025-04-30', 'CA4', '08:00:00', '16:00:00', N'Đã chấm công', N'Làm ca CA4'),
('CC0960', 'NV013', '2025-04-30', 'CA1', '06:00:00', '14:00:00', N'Đã chấm công', N'Làm ca CA1'),
('CC0961', 'NV014', '2025-04-30', 'CA2', '14:00:00', '22:00:00', N'Đã chấm công', N'Làm ca CA2'),
('CC0962', 'NV015', '2025-04-30', 'CA3', '22:00:00', '06:00:00', N'Đã chấm công', N'Làm ca CA3'),
('CC0963', 'NV016', '2025-04-30', 'CA4', '08:00:00', '16:00:00', N'Đã chấm công', N'Làm ca CA4'),
('CC0964', 'NV017', '2025-04-30', 'CA1', '06:00:00', '14:00:00', N'Đã chấm công', N'Làm ca CA1'),
('CC0965', 'NV018', '2025-04-30', 'CA2', '14:00:00', '22:00:00', N'Đã chấm công', N'Làm ca CA2'),
('CC0966', 'NV019', '2025-04-30', 'CA3', '22:00:00', '06:00:00', N'Đã chấm công', N'Làm ca CA3'),
('CC0967', 'NV020', '2025-04-30', 'CA4', '08:00:00', '16:00:00', N'Đã chấm công', N'Làm ca CA4'),
('CC0968', 'NV001', '2025-05-01', 'CA2', '14:00:00', '22:00:00', N'Đã chấm công', N'Làm ca CA2'),
('CC0969', 'NV002', '2025-05-01', 'CA3', '22:00:00', '06:00:00', N'Đã chấm công', N'Làm ca CA3'),
('CC0970', 'NV003', '2025-05-01', 'CA4', '08:00:00', '16:00:00', N'Đã chấm công', N'Làm ca CA4'),
('CC0971', 'NV004', '2025-05-01', 'CA1', '06:00:00', '14:00:00', N'Đã chấm công', N'Làm ca CA1'),
('CC0972', 'NV005', '2025-05-01', 'CA2', '14:00:00', '22:00:00', N'Đã chấm công', N'Làm ca CA2'),
('CC0973', 'NV006', '2025-05-01', 'CA3', '22:00:00', '06:00:00', N'Đã chấm công', N'Làm ca CA3'),
('CC0974', 'NV007', '2025-05-01', 'CA4', '08:00:00', '16:00:00', N'Đã chấm công', N'Làm ca CA4'),
('CC0975', 'NV008', '2025-05-01', 'CA1', '06:00:00', '14:00:00', N'Đã chấm công', N'Làm ca CA1'),
('CC0976', 'NV009', '2025-05-01', 'CA2', '14:00:00', '22:00:00', N'Đã chấm công', N'Làm ca CA2'),
('CC0977', 'NV010', '2025-05-01', 'CA3', '22:00:00', '06:00:00', N'Đã chấm công', N'Làm ca CA3'),
('CC0978', 'NV011', '2025-05-01', 'CA4', '08:00:00', '16:00:00', N'Đã chấm công', N'Làm ca CA4'),
('CC0979', 'NV012', '2025-05-01', 'CA1', '06:00:00', '14:00:00', N'Đã chấm công', N'Làm ca CA1'),
('CC0980', 'NV013', '2025-05-01', 'CA2', '14:00:00', '22:00:00', N'Đã chấm công', N'Làm ca CA2'),
('CC0981', 'NV014', '2025-05-01', 'CA3', '22:00:00', '06:00:00', N'Đã chấm công', N'Làm ca CA3'),
('CC0982', 'NV015', '2025-05-01', 'CA4', '08:00:00', '16:00:00', N'Đã chấm công', N'Làm ca CA4'),
('CC0983', 'NV016', '2025-05-01', 'CA1', '06:00:00', '14:00:00', N'Đã chấm công', N'Làm ca CA1'),
('CC0984', 'NV017', '2025-05-01', 'CA2', '14:00:00', '22:00:00', N'Đã chấm công', N'Làm ca CA2'),
('CC0985', 'NV018', '2025-05-01', 'CA3', '22:00:00', '06:00:00', N'Đã chấm công', N'Làm ca CA3'),
('CC0986', 'NV019', '2025-05-01', 'CA4', '08:00:00', '16:00:00', N'Đã chấm công', N'Làm ca CA4'),
('CC0987', 'NV020', '2025-05-01', 'CA1', '06:00:00', '14:00:00', N'Đã chấm công', N'Làm ca CA1'),
('CC0988', 'NV001', '2025-05-02', 'CA3', '22:00:00', '06:00:00', N'Đã chấm công', N'Làm ca CA3'),
('CC0989', 'NV002', '2025-05-02', 'CA4', '08:00:00', '16:00:00', N'Đã chấm công', N'Làm ca CA4'),
('CC0990', 'NV003', '2025-05-02', 'CA1', '06:00:00', '14:00:00', N'Đã chấm công', N'Làm ca CA1'),
('CC0991', 'NV004', '2025-05-02', 'CA2', '14:00:00', '22:00:00', N'Đã chấm công', N'Làm ca CA2'),
('CC0992', 'NV005', '2025-05-02', 'CA3', '22:00:00', '06:00:00', N'Đã chấm công', N'Làm ca CA3'),
('CC0993', 'NV006', '2025-05-02', 'CA4', '08:00:00', '16:00:00', N'Đã chấm công', N'Làm ca CA4'),
('CC0994', 'NV007', '2025-05-02', 'CA1', '06:00:00', '14:00:00', N'Đã chấm công', N'Làm ca CA1'),
('CC0995', 'NV008', '2025-05-02', 'CA2', '14:00:00', '22:00:00', N'Đã chấm công', N'Làm ca CA2'),
('CC0996', 'NV009', '2025-05-02', 'CA3', '22:00:00', '06:00:00', N'Đã chấm công', N'Làm ca CA3'),
('CC0997', 'NV010', '2025-05-02', 'CA4', '08:00:00', '16:00:00', N'Đã chấm công', N'Làm ca CA4'),
('CC0998', 'NV011', '2025-05-02', 'CA1', '06:00:00', '14:00:00', N'Đã chấm công', N'Làm ca CA1'),
('CC0999', 'NV012', '2025-05-02', 'CA2', '14:00:00', '22:00:00', N'Đã chấm công', N'Làm ca CA2'),
('CC1000', 'NV013', '2025-05-02', 'CA3', '22:00:00', '06:00:00', N'Đã chấm công', N'Làm ca CA3'),
('CC1001', 'NV014', '2025-05-02', 'CA4', '08:00:00', '16:00:00', N'Đã chấm công', N'Làm ca CA4'),
('CC1002', 'NV015', '2025-05-02', 'CA1', '06:00:00', '14:00:00', N'Đã chấm công', N'Làm ca CA1'),
('CC1003', 'NV016', '2025-05-02', 'CA2', '14:00:00', '22:00:00', N'Đã chấm công', N'Làm ca CA2'),
('CC1004', 'NV017', '2025-05-02', 'CA3', '22:00:00', '06:00:00', N'Đã chấm công', N'Làm ca CA3'),
('CC1005', 'NV018', '2025-05-02', 'CA4', '08:00:00', '16:00:00', N'Đã chấm công', N'Làm ca CA4'),
('CC1006', 'NV019', '2025-05-02', 'CA1', '06:00:00', '14:00:00', N'Đã chấm công', N'Làm ca CA1'),
('CC1007', 'NV020', '2025-05-02', 'CA2', '14:00:00', '22:00:00', N'Đã chấm công', N'Làm ca CA2'),
('CC1008', 'NV001', '2025-05-03', 'CA4', '08:00:00', '16:00:00', N'Đã chấm công', N'Làm ca CA4'),
('CC1009', 'NV002', '2025-05-03', 'CA1', '06:00:00', '14:00:00', N'Đã chấm công', N'Làm ca CA1'),
('CC1010', 'NV003', '2025-05-03', 'CA2', '14:00:00', '22:00:00', N'Đã chấm công', N'Làm ca CA2'),
('CC1011', 'NV004', '2025-05-03', 'CA3', '22:00:00', '06:00:00', N'Đã chấm công', N'Làm ca CA3'),
('CC1012', 'NV005', '2025-05-03', 'CA4', '08:00:00', '16:00:00', N'Đã chấm công', N'Làm ca CA4'),
('CC1013', 'NV006', '2025-05-03', 'CA1', '06:00:00', '14:00:00', N'Đã chấm công', N'Làm ca CA1'),
('CC1014', 'NV007', '2025-05-03', 'CA2', '14:00:00', '22:00:00', N'Đã chấm công', N'Làm ca CA2'),
('CC1015', 'NV008', '2025-05-03', 'CA3', '22:00:00', '06:00:00', N'Đã chấm công', N'Làm ca CA3'),
('CC1016', 'NV009', '2025-05-03', 'CA4', '08:00:00', '16:00:00', N'Đã chấm công', N'Làm ca CA4'),
('CC1017', 'NV010', '2025-05-03', 'CA1', '06:00:00', '14:00:00', N'Đã chấm công', N'Làm ca CA1'),
('CC1018', 'NV011', '2025-05-03', 'CA2', '14:00:00', '22:00:00', N'Đã chấm công', N'Làm ca CA2'),
('CC1019', 'NV012', '2025-05-03', 'CA3', '22:00:00', '06:00:00', N'Đã chấm công', N'Làm ca CA3'),
('CC1020', 'NV013', '2025-05-03', 'CA4', '08:00:00', '16:00:00', N'Đã chấm công', N'Làm ca CA4'),
('CC1021', 'NV014', '2025-05-03', 'CA1', '06:00:00', '14:00:00', N'Đã chấm công', N'Làm ca CA1'),
('CC1022', 'NV015', '2025-05-03', 'CA2', '14:00:00', '22:00:00', N'Đã chấm công', N'Làm ca CA2'),
('CC1023', 'NV016', '2025-05-03', 'CA3', '22:00:00', '06:00:00', N'Đã chấm công', N'Làm ca CA3'),
('CC1024', 'NV017', '2025-05-03', 'CA4', '08:00:00', '16:00:00', N'Đã chấm công', N'Làm ca CA4'),
('CC1025', 'NV018', '2025-05-03', 'CA1', '06:00:00', '14:00:00', N'Đã chấm công', N'Làm ca CA1'),
('CC1026', 'NV019', '2025-05-03', 'CA2', '14:00:00', '22:00:00', N'Đã chấm công', N'Làm ca CA2'),
('CC1027', 'NV020', '2025-05-03', 'CA3', '22:00:00', '06:00:00', N'Đã chấm công', N'Làm ca CA3'),
('CC1028', 'NV001', '2025-05-04', 'CA1', '06:00:00', '14:00:00', N'Đã chấm công', N'Làm ca CA1'),
('CC1029', 'NV002', '2025-05-04', 'CA2', '14:00:00', '22:00:00', N'Đã chấm công', N'Làm ca CA2'),
('CC1030', 'NV003', '2025-05-04', 'CA3', '22:00:00', '06:00:00', N'Đã chấm công', N'Làm ca CA3'),
('CC1031', 'NV004', '2025-05-04', 'CA4', '08:00:00', '16:00:00', N'Đã chấm công', N'Làm ca CA4'),
('CC1032', 'NV005', '2025-05-04', 'CA1', '06:00:00', '14:00:00', N'Đã chấm công', N'Làm ca CA1'),
('CC1033', 'NV006', '2025-05-04', 'CA2', '14:00:00', '22:00:00', N'Đã chấm công', N'Làm ca CA2'),
('CC1034', 'NV007', '2025-05-04', 'CA3', '22:00:00', '06:00:00', N'Đã chấm công', N'Làm ca CA3'),
('CC1035', 'NV008', '2025-05-04', 'CA4', '08:00:00', '16:00:00', N'Đã chấm công', N'Làm ca CA4'),
('CC1036', 'NV009', '2025-05-04', 'CA1', '06:00:00', '14:00:00', N'Đã chấm công', N'Làm ca CA1'),
('CC1037', 'NV010', '2025-05-04', 'CA2', '14:00:00', '22:00:00', N'Đã chấm công', N'Làm ca CA2'),
('CC1038', 'NV011', '2025-05-04', 'CA3', '22:00:00', '06:00:00', N'Đã chấm công', N'Làm ca CA3'),
('CC1039', 'NV012', '2025-05-04', 'CA4', '08:00:00', '16:00:00', N'Đã chấm công', N'Làm ca CA4'),
('CC1040', 'NV013', '2025-05-04', 'CA1', '06:00:00', '14:00:00', N'Đã chấm công', N'Làm ca CA1'),
('CC1041', 'NV014', '2025-05-04', 'CA2', '14:00:00', '22:00:00', N'Đã chấm công', N'Làm ca CA2'),
('CC1042', 'NV015', '2025-05-04', 'CA3', '22:00:00', '06:00:00', N'Đã chấm công', N'Làm ca CA3'),
('CC1043', 'NV016', '2025-05-04', 'CA4', '08:00:00', '16:00:00', N'Đã chấm công', N'Làm ca CA4'),
('CC1044', 'NV017', '2025-05-04', 'CA1', '06:00:00', '14:00:00', N'Đã chấm công', N'Làm ca CA1'),
('CC1045', 'NV018', '2025-05-04', 'CA2', '14:00:00', '22:00:00', N'Đã chấm công', N'Làm ca CA2'),
('CC1046', 'NV019', '2025-05-04', 'CA3', '22:00:00', '06:00:00', N'Đã chấm công', N'Làm ca CA3'),
('CC1047', 'NV020', '2025-05-04', 'CA4', '08:00:00', '16:00:00', N'Đã chấm công', N'Làm ca CA4'),
('CC1048', 'NV001', '2025-05-05', 'CA2', '14:00:00', '22:00:00', N'Đã chấm công', N'Làm ca CA2'),
('CC1049', 'NV002', '2025-05-05', 'CA3', '22:00:00', '06:00:00', N'Đã chấm công', N'Làm ca CA3'),
('CC1050', 'NV003', '2025-05-05', 'CA4', '08:00:00', '16:00:00', N'Đã chấm công', N'Làm ca CA4'),
('CC1051', 'NV004', '2025-05-05', 'CA1', '06:00:00', '14:00:00', N'Đã chấm công', N'Làm ca CA1'),
('CC1052', 'NV005', '2025-05-05', 'CA2', '14:00:00', '22:00:00', N'Đã chấm công', N'Làm ca CA2'),
('CC1053', 'NV006', '2025-05-05', 'CA3', '22:00:00', '06:00:00', N'Đã chấm công', N'Làm ca CA3'),
('CC1054', 'NV007', '2025-05-05', 'CA4', '08:00:00', '16:00:00', N'Đã chấm công', N'Làm ca CA4'),
('CC1055', 'NV008', '2025-05-05', 'CA1', '06:00:00', '14:00:00', N'Đã chấm công', N'Làm ca CA1'),
('CC1056', 'NV009', '2025-05-05', 'CA2', '14:00:00', '22:00:00', N'Đã chấm công', N'Làm ca CA2'),
('CC1057', 'NV010', '2025-05-05', 'CA3', '22:00:00', '06:00:00', N'Đã chấm công', N'Làm ca CA3'),
('CC1058', 'NV011', '2025-05-05', 'CA4', '08:00:00', '16:00:00', N'Đã chấm công', N'Làm ca CA4'),
('CC1059', 'NV012', '2025-05-05', 'CA1', '06:00:00', '14:00:00', N'Đã chấm công', N'Làm ca CA1'),
('CC1060', 'NV013', '2025-05-05', 'CA2', '14:00:00', '22:00:00', N'Đã chấm công', N'Làm ca CA2'),
('CC1061', 'NV014', '2025-05-05', 'CA3', '22:00:00', '06:00:00', N'Đã chấm công', N'Làm ca CA3'),
('CC1062', 'NV015', '2025-05-05', 'CA4', '08:00:00', '16:00:00', N'Đã chấm công', N'Làm ca CA4'),
('CC1063', 'NV016', '2025-05-05', 'CA1', '06:00:00', '14:00:00', N'Đã chấm công', N'Làm ca CA1'),
('CC1064', 'NV017', '2025-05-05', 'CA2', '14:00:00', '22:00:00', N'Đã chấm công', N'Làm ca CA2'),
('CC1065', 'NV018', '2025-05-05', 'CA3', '22:00:00', '06:00:00', N'Đã chấm công', N'Làm ca CA3'),
('CC1066', 'NV019', '2025-05-05', 'CA4', '08:00:00', '16:00:00', N'Đã chấm công', N'Làm ca CA4'),
('CC1067', 'NV020', '2025-05-05', 'CA1', '06:00:00', '14:00:00', N'Đã chấm công', N'Làm ca CA1'),
('CC1068', 'NV001', '2025-05-06', 'CA3', '22:00:00', '06:00:00', N'Đã chấm công', N'Làm ca CA3'),
('CC1069', 'NV002', '2025-05-06', 'CA4', '08:00:00', '16:00:00', N'Đã chấm công', N'Làm ca CA4'),
('CC1070', 'NV003', '2025-05-06', 'CA1', '06:00:00', '14:00:00', N'Đã chấm công', N'Làm ca CA1'),
('CC1071', 'NV004', '2025-05-06', 'CA2', '14:00:00', '22:00:00', N'Đã chấm công', N'Làm ca CA2'),
('CC1072', 'NV005', '2025-05-06', 'CA3', '22:00:00', '06:00:00', N'Đã chấm công', N'Làm ca CA3'),
('CC1073', 'NV006', '2025-05-06', 'CA4', '08:00:00', '16:00:00', N'Đã chấm công', N'Làm ca CA4'),
('CC1074', 'NV007', '2025-05-06', 'CA1', '06:00:00', '14:00:00', N'Đã chấm công', N'Làm ca CA1'),
('CC1075', 'NV008', '2025-05-06', 'CA2', '14:00:00', '22:00:00', N'Đã chấm công', N'Làm ca CA2'),
('CC1076', 'NV009', '2025-05-06', 'CA3', '22:00:00', '06:00:00', N'Đã chấm công', N'Làm ca CA3'),
('CC1077', 'NV010', '2025-05-06', 'CA4', '08:00:00', '16:00:00', N'Đã chấm công', N'Làm ca CA4'),
('CC1078', 'NV011', '2025-05-06', 'CA1', '06:00:00', '14:00:00', N'Đã chấm công', N'Làm ca CA1'),
('CC1079', 'NV012', '2025-05-06', 'CA2', '14:00:00', '22:00:00', N'Đã chấm công', N'Làm ca CA2'),
('CC1080', 'NV013', '2025-05-06', 'CA3', '22:00:00', '06:00:00', N'Đã chấm công', N'Làm ca CA3'),
('CC1081', 'NV014', '2025-05-06', 'CA4', '08:00:00', '16:00:00', N'Đã chấm công', N'Làm ca CA4'),
('CC1082', 'NV015', '2025-05-06', 'CA1', '06:00:00', '14:00:00', N'Đã chấm công', N'Làm ca CA1'),
('CC1083', 'NV016', '2025-05-06', 'CA2', '14:00:00', '22:00:00', N'Đã chấm công', N'Làm ca CA2'),
('CC1084', 'NV017', '2025-05-06', 'CA3', '22:00:00', '06:00:00', N'Đã chấm công', N'Làm ca CA3'),
('CC1085', 'NV018', '2025-05-06', 'CA4', '08:00:00', '16:00:00', N'Đã chấm công', N'Làm ca CA4'),
('CC1086', 'NV019', '2025-05-06', 'CA1', '06:00:00', '14:00:00', N'Đã chấm công', N'Làm ca CA1'),
('CC1087', 'NV020', '2025-05-06', 'CA2', '14:00:00', '22:00:00', N'Đã chấm công', N'Làm ca CA2'),
('CC1088', 'NV001', '2025-05-07', 'CA4', '08:00:00', '16:00:00', N'Đã chấm công', N'Làm ca CA4'),
('CC1089', 'NV002', '2025-05-07', 'CA1', '06:00:00', '14:00:00', N'Đã chấm công', N'Làm ca CA1'),
('CC1090', 'NV003', '2025-05-07', 'CA2', '14:00:00', '22:00:00', N'Đã chấm công', N'Làm ca CA2'),
('CC1091', 'NV004', '2025-05-07', 'CA3', '22:00:00', '06:00:00', N'Đã chấm công', N'Làm ca CA3'),
('CC1092', 'NV005', '2025-05-07', 'CA4', '08:00:00', '16:00:00', N'Đã chấm công', N'Làm ca CA4'),
('CC1093', 'NV006', '2025-05-07', 'CA1', '06:00:00', '14:00:00', N'Đã chấm công', N'Làm ca CA1'),
('CC1094', 'NV007', '2025-05-07', 'CA2', '14:00:00', '22:00:00', N'Đã chấm công', N'Làm ca CA2'),
('CC1095', 'NV008', '2025-05-07', 'CA3', '22:00:00', '06:00:00', N'Đã chấm công', N'Làm ca CA3'),
('CC1096', 'NV009', '2025-05-07', 'CA4', '08:00:00', '16:00:00', N'Đã chấm công', N'Làm ca CA4'),
('CC1097', 'NV010', '2025-05-07', 'CA1', '06:00:00', '14:00:00', N'Đã chấm công', N'Làm ca CA1'),
('CC1098', 'NV011', '2025-05-07', 'CA2', '14:00:00', '22:00:00', N'Đã chấm công', N'Làm ca CA2'),
('CC1099', 'NV012', '2025-05-07', 'CA3', '22:00:00', '06:00:00', N'Đã chấm công', N'Làm ca CA3'),
('CC1100', 'NV013', '2025-05-07', 'CA4', '08:00:00', '16:00:00', N'Đã chấm công', N'Làm ca CA4'),
('CC1101', 'NV014', '2025-05-07', 'CA1', '06:00:00', '14:00:00', N'Đã chấm công', N'Làm ca CA1'),
('CC1102', 'NV015', '2025-05-07', 'CA2', '14:00:00', '22:00:00', N'Đã chấm công', N'Làm ca CA2'),
('CC1103', 'NV016', '2025-05-07', 'CA3', '22:00:00', '06:00:00', N'Đã chấm công', N'Làm ca CA3'),
('CC1104', 'NV017', '2025-05-07', 'CA4', '08:00:00', '16:00:00', N'Đã chấm công', N'Làm ca CA4'),
('CC1105', 'NV018', '2025-05-07', 'CA1', '06:00:00', '14:00:00', N'Đã chấm công', N'Làm ca CA1'),
('CC1106', 'NV019', '2025-05-07', 'CA2', '14:00:00', '22:00:00', N'Đã chấm công', N'Làm ca CA2'),
('CC1107', 'NV020', '2025-05-07', 'CA3', '22:00:00', '06:00:00', N'Đã chấm công', N'Làm ca CA3'),
('CC1108', 'NV001', '2025-05-08', 'CA1', '06:00:00', '14:00:00', N'Đã chấm công', N'Làm ca CA1'),
('CC1109', 'NV002', '2025-05-08', 'CA2', '14:00:00', '22:00:00', N'Đã chấm công', N'Làm ca CA2'),
('CC1110', 'NV003', '2025-05-08', 'CA3', '22:00:00', '06:00:00', N'Đã chấm công', N'Làm ca CA3'),
('CC1111', 'NV004', '2025-05-08', 'CA4', '08:00:00', '16:00:00', N'Đã chấm công', N'Làm ca CA4'),
('CC1112', 'NV005', '2025-05-08', 'CA1', '06:00:00', '14:00:00', N'Đã chấm công', N'Làm ca CA1'),
('CC1113', 'NV006', '2025-05-08', 'CA2', '14:00:00', '22:00:00', N'Đã chấm công', N'Làm ca CA2'),
('CC1114', 'NV007', '2025-05-08', 'CA3', '22:00:00', '06:00:00', N'Đã chấm công', N'Làm ca CA3'),
('CC1115', 'NV008', '2025-05-08', 'CA4', '08:00:00', '16:00:00', N'Đã chấm công', N'Làm ca CA4'),
('CC1116', 'NV009', '2025-05-08', 'CA1', '06:00:00', '14:00:00', N'Đã chấm công', N'Làm ca CA1'),
('CC1117', 'NV010', '2025-05-08', 'CA2', '14:00:00', '22:00:00', N'Đã chấm công', N'Làm ca CA2'),
('CC1118', 'NV011', '2025-05-08', 'CA3', '22:00:00', '06:00:00', N'Đã chấm công', N'Làm ca CA3'),
('CC1119', 'NV012', '2025-05-08', 'CA4', '08:00:00', '16:00:00', N'Đã chấm công', N'Làm ca CA4'),
('CC1120', 'NV013', '2025-05-08', 'CA1', '06:00:00', '14:00:00', N'Đã chấm công', N'Làm ca CA1'),
('CC1121', 'NV014', '2025-05-08', 'CA2', '14:00:00', '22:00:00', N'Đã chấm công', N'Làm ca CA2'),
('CC1122', 'NV015', '2025-05-08', 'CA3', '22:00:00', '06:00:00', N'Đã chấm công', N'Làm ca CA3'),
('CC1123', 'NV016', '2025-05-08', 'CA4', '08:00:00', '16:00:00', N'Đã chấm công', N'Làm ca CA4'),
('CC1124', 'NV017', '2025-05-08', 'CA1', '06:00:00', '14:00:00', N'Đã chấm công', N'Làm ca CA1'),
('CC1125', 'NV018', '2025-05-08', 'CA2', '14:00:00', '22:00:00', N'Đã chấm công', N'Làm ca CA2'),
('CC1126', 'NV019', '2025-05-08', 'CA3', '22:00:00', '06:00:00', N'Đã chấm công', N'Làm ca CA3'),
('CC1127', 'NV020', '2025-05-08', 'CA4', '08:00:00', '16:00:00', N'Đã chấm công', N'Làm ca CA4'),
('CC1128', 'NV001', '2025-05-09', 'CA2', '14:00:00', '22:00:00', N'Đã chấm công', N'Làm ca CA2'),
('CC1129', 'NV002', '2025-05-09', 'CA3', '22:00:00', '06:00:00', N'Đã chấm công', N'Làm ca CA3'),
('CC1130', 'NV003', '2025-05-09', 'CA4', '08:00:00', '16:00:00', N'Đã chấm công', N'Làm ca CA4'),
('CC1131', 'NV004', '2025-05-09', 'CA1', '06:00:00', '14:00:00', N'Đã chấm công', N'Làm ca CA1'),
('CC1132', 'NV005', '2025-05-09', 'CA2', '14:00:00', '22:00:00', N'Đã chấm công', N'Làm ca CA2'),
('CC1133', 'NV006', '2025-05-09', 'CA3', '22:00:00', '06:00:00', N'Đã chấm công', N'Làm ca CA3'),
('CC1134', 'NV007', '2025-05-09', 'CA4', '08:00:00', '16:00:00', N'Đã chấm công', N'Làm ca CA4'),
('CC1135', 'NV008', '2025-05-09', 'CA1', '06:00:00', '14:00:00', N'Đã chấm công', N'Làm ca CA1'),
('CC1136', 'NV009', '2025-05-09', 'CA2', '14:00:00', '22:00:00', N'Đã chấm công', N'Làm ca CA2'),
('CC1137', 'NV010', '2025-05-09', 'CA3', '22:00:00', '06:00:00', N'Đã chấm công', N'Làm ca CA3'),
('CC1138', 'NV011', '2025-05-09', 'CA4', '08:00:00', '16:00:00', N'Đã chấm công', N'Làm ca CA4'),
('CC1139', 'NV012', '2025-05-09', 'CA1', '06:00:00', '14:00:00', N'Đã chấm công', N'Làm ca CA1'),
('CC1140', 'NV013', '2025-05-09', 'CA2', '14:00:00', '22:00:00', N'Đã chấm công', N'Làm ca CA2'),
('CC1141', 'NV014', '2025-05-09', 'CA3', '22:00:00', '06:00:00', N'Đã chấm công', N'Làm ca CA3'),
('CC1142', 'NV015', '2025-05-09', 'CA4', '08:00:00', '16:00:00', N'Đã chấm công', N'Làm ca CA4'),
('CC1143', 'NV016', '2025-05-09', 'CA1', '06:00:00', '14:00:00', N'Đã chấm công', N'Làm ca CA1'),
('CC1144', 'NV017', '2025-05-09', 'CA2', '14:00:00', '22:00:00', N'Đã chấm công', N'Làm ca CA2'),
('CC1145', 'NV018', '2025-05-09', 'CA3', '22:00:00', '06:00:00', N'Đã chấm công', N'Làm ca CA3'),
('CC1146', 'NV019', '2025-05-09', 'CA4', '08:00:00', '16:00:00', N'Đã chấm công', N'Làm ca CA4'),
('CC1147', 'NV020', '2025-05-09', 'CA1', '06:00:00', '14:00:00', N'Đã chấm công', N'Làm ca CA1'),
('CC1148', 'NV001', '2025-05-10', 'CA3', '22:00:00', '06:00:00', N'Đã chấm công', N'Làm ca CA3'),
('CC1149', 'NV002', '2025-05-10', 'CA4', '08:00:00', '16:00:00', N'Đã chấm công', N'Làm ca CA4'),
('CC1150', 'NV003', '2025-05-10', 'CA1', '06:00:00', '14:00:00', N'Đã chấm công', N'Làm ca CA1'),
('CC1151', 'NV004', '2025-05-10', 'CA2', '14:00:00', '22:00:00', N'Đã chấm công', N'Làm ca CA2'),
('CC1152', 'NV005', '2025-05-10', 'CA3', '22:00:00', '06:00:00', N'Đã chấm công', N'Làm ca CA3'),
('CC1153', 'NV006', '2025-05-10', 'CA4', '08:00:00', '16:00:00', N'Đã chấm công', N'Làm ca CA4'),
('CC1154', 'NV007', '2025-05-10', 'CA1', '06:00:00', '14:00:00', N'Đã chấm công', N'Làm ca CA1'),
('CC1155', 'NV008', '2025-05-10', 'CA2', '14:00:00', '22:00:00', N'Đã chấm công', N'Làm ca CA2'),
('CC1156', 'NV009', '2025-05-10', 'CA3', '22:00:00', '06:00:00', N'Đã chấm công', N'Làm ca CA3'),
('CC1157', 'NV010', '2025-05-10', 'CA4', '08:00:00', '16:00:00', N'Đã chấm công', N'Làm ca CA4'),
('CC1158', 'NV011', '2025-05-10', 'CA1', '06:00:00', '14:00:00', N'Đã chấm công', N'Làm ca CA1'),
('CC1159', 'NV012', '2025-05-10', 'CA2', '14:00:00', '22:00:00', N'Đã chấm công', N'Làm ca CA2'),
('CC1160', 'NV013', '2025-05-10', 'CA3', '22:00:00', '06:00:00', N'Đã chấm công', N'Làm ca CA3'),
('CC1161', 'NV014', '2025-05-10', 'CA4', '08:00:00', '16:00:00', N'Đã chấm công', N'Làm ca CA4'),
('CC1162', 'NV015', '2025-05-10', 'CA1', '06:00:00', '14:00:00', N'Đã chấm công', N'Làm ca CA1'),
('CC1163', 'NV016', '2025-05-10', 'CA2', '14:00:00', '22:00:00', N'Đã chấm công', N'Làm ca CA2'),
('CC1164', 'NV017', '2025-05-10', 'CA3', '22:00:00', '06:00:00', N'Đã chấm công', N'Làm ca CA3'),
('CC1165', 'NV018', '2025-05-10', 'CA4', '08:00:00', '16:00:00', N'Đã chấm công', N'Làm ca CA4'),
('CC1166', 'NV019', '2025-05-10', 'CA1', '06:00:00', '14:00:00', N'Đã chấm công', N'Làm ca CA1'),
('CC1167', 'NV020', '2025-05-10', 'CA2', '14:00:00', '22:00:00', N'Đã chấm công', N'Làm ca CA2'),
('CC1168', 'NV001', '2025-05-11', 'CA4', '08:00:00', '16:00:00', N'Đã chấm công', N'Làm ca CA4'),
('CC1169', 'NV002', '2025-05-11', 'CA1', '06:00:00', '14:00:00', N'Đã chấm công', N'Làm ca CA1'),
('CC1170', 'NV003', '2025-05-11', 'CA2', '14:00:00', '22:00:00', N'Đã chấm công', N'Làm ca CA2'),
('CC1171', 'NV004', '2025-05-11', 'CA3', '22:00:00', '06:00:00', N'Đã chấm công', N'Làm ca CA3'),
('CC1172', 'NV005', '2025-05-11', 'CA4', '08:00:00', '16:00:00', N'Đã chấm công', N'Làm ca CA4'),
('CC1173', 'NV006', '2025-05-11', 'CA1', '06:00:00', '14:00:00', N'Đã chấm công', N'Làm ca CA1'),
('CC1174', 'NV007', '2025-05-11', 'CA2', '14:00:00', '22:00:00', N'Đã chấm công', N'Làm ca CA2'),
('CC1175', 'NV008', '2025-05-11', 'CA3', '22:00:00', '06:00:00', N'Đã chấm công', N'Làm ca CA3'),
('CC1176', 'NV009', '2025-05-11', 'CA4', '08:00:00', '16:00:00', N'Đã chấm công', N'Làm ca CA4'),
('CC1177', 'NV010', '2025-05-11', 'CA1', '06:00:00', '14:00:00', N'Đã chấm công', N'Làm ca CA1'),
('CC1178', 'NV011', '2025-05-11', 'CA2', '14:00:00', '22:00:00', N'Đã chấm công', N'Làm ca CA2'),
('CC1179', 'NV012', '2025-05-11', 'CA3', '22:00:00', '06:00:00', N'Đã chấm công', N'Làm ca CA3'),
('CC1180', 'NV013', '2025-05-11', 'CA4', '08:00:00', '16:00:00', N'Đã chấm công', N'Làm ca CA4'),
('CC1181', 'NV014', '2025-05-11', 'CA1', '06:00:00', '14:00:00', N'Đã chấm công', N'Làm ca CA1'),
('CC1182', 'NV015', '2025-05-11', 'CA2', '14:00:00', '22:00:00', N'Đã chấm công', N'Làm ca CA2'),
('CC1183', 'NV016', '2025-05-11', 'CA3', '22:00:00', '06:00:00', N'Đã chấm công', N'Làm ca CA3'),
('CC1184', 'NV017', '2025-05-11', 'CA4', '08:00:00', '16:00:00', N'Đã chấm công', N'Làm ca CA4'),
('CC1185', 'NV018', '2025-05-11', 'CA1', '06:00:00', '14:00:00', N'Đã chấm công', N'Làm ca CA1'),
('CC1186', 'NV019', '2025-05-11', 'CA2', '14:00:00', '22:00:00', N'Đã chấm công', N'Làm ca CA2'),
('CC1187', 'NV020', '2025-05-11', 'CA3', '22:00:00', '06:00:00', N'Đã chấm công', N'Làm ca CA3'),
('CC1188', 'NV001', '2025-05-12', 'CA1', '06:00:00', '14:00:00', N'Đã chấm công', N'Làm ca CA1'),
('CC1189', 'NV002', '2025-05-12', 'CA2', '14:00:00', '22:00:00', N'Đã chấm công', N'Làm ca CA2'),
('CC1190', 'NV003', '2025-05-12', 'CA3', '22:00:00', '06:00:00', N'Đã chấm công', N'Làm ca CA3'),
('CC1191', 'NV004', '2025-05-12', 'CA4', '08:00:00', '16:00:00', N'Đã chấm công', N'Làm ca CA4'),
('CC1192', 'NV005', '2025-05-12', 'CA1', '06:00:00', '14:00:00', N'Đã chấm công', N'Làm ca CA1'),
('CC1193', 'NV006', '2025-05-12', 'CA2', '14:00:00', '22:00:00', N'Đã chấm công', N'Làm ca CA2'),
('CC1194', 'NV007', '2025-05-12', 'CA3', '22:00:00', '06:00:00', N'Đã chấm công', N'Làm ca CA3'),
('CC1195', 'NV008', '2025-05-12', 'CA4', '08:00:00', '16:00:00', N'Đã chấm công', N'Làm ca CA4'),
('CC1196', 'NV009', '2025-05-12', 'CA1', '06:00:00', '14:00:00', N'Đã chấm công', N'Làm ca CA1'),
('CC1197', 'NV010', '2025-05-12', 'CA2', '14:00:00', '22:00:00', N'Đã chấm công', N'Làm ca CA2'),
('CC1198', 'NV011', '2025-05-12', 'CA3', '22:00:00', '06:00:00', N'Đã chấm công', N'Làm ca CA3'),
('CC1199', 'NV012', '2025-05-12', 'CA4', '08:00:00', '16:00:00', N'Đã chấm công', N'Làm ca CA4'),
('CC1200', 'NV013', '2025-05-12', 'CA1', '06:00:00', '14:00:00', N'Đã chấm công', N'Làm ca CA1'),
('CC1201', 'NV014', '2025-05-12', 'CA2', '14:00:00', '22:00:00', N'Đã chấm công', N'Làm ca CA2'),
('CC1202', 'NV015', '2025-05-12', 'CA3', '22:00:00', '06:00:00', N'Đã chấm công', N'Làm ca CA3'),
('CC1203', 'NV016', '2025-05-12', 'CA4', '08:00:00', '16:00:00', N'Đã chấm công', N'Làm ca CA4'),
('CC1204', 'NV017', '2025-05-12', 'CA1', '06:00:00', '14:00:00', N'Đã chấm công', N'Làm ca CA1'),
('CC1205', 'NV018', '2025-05-12', 'CA2', '14:00:00', '22:00:00', N'Đã chấm công', N'Làm ca CA2'),
('CC1206', 'NV019', '2025-05-12', 'CA3', '22:00:00', '06:00:00', N'Đã chấm công', N'Làm ca CA3'),
('CC1207', 'NV020', '2025-05-12', 'CA4', '08:00:00', '16:00:00', N'Đã chấm công', N'Làm ca CA4'),
('CC1208', 'NV001', '2025-05-13', 'CA2', '14:00:00', '22:00:00', N'Đã chấm công', N'Làm ca CA2'),
('CC1209', 'NV002', '2025-05-13', 'CA3', '22:00:00', '06:00:00', N'Đã chấm công', N'Làm ca CA3'),
('CC1210', 'NV003', '2025-05-13', 'CA4', '08:00:00', '16:00:00', N'Đã chấm công', N'Làm ca CA4'),
('CC1211', 'NV004', '2025-05-13', 'CA1', '06:00:00', '14:00:00', N'Đã chấm công', N'Làm ca CA1'),
('CC1212', 'NV005', '2025-05-13', 'CA2', '14:00:00', '22:00:00', N'Đã chấm công', N'Làm ca CA2'),
('CC1213', 'NV006', '2025-05-13', 'CA3', '22:00:00', '06:00:00', N'Đã chấm công', N'Làm ca CA3'),
('CC1214', 'NV007', '2025-05-13', 'CA4', '08:00:00', '16:00:00', N'Đã chấm công', N'Làm ca CA4'),
('CC1215', 'NV008', '2025-05-13', 'CA1', '06:00:00', '14:00:00', N'Đã chấm công', N'Làm ca CA1'),
('CC1216', 'NV009', '2025-05-13', 'CA2', '14:00:00', '22:00:00', N'Đã chấm công', N'Làm ca CA2'),
('CC1217', 'NV010', '2025-05-13', 'CA3', '22:00:00', '06:00:00', N'Đã chấm công', N'Làm ca CA3'),
('CC1218', 'NV011', '2025-05-13', 'CA4', '08:00:00', '16:00:00', N'Đã chấm công', N'Làm ca CA4'),
('CC1219', 'NV012', '2025-05-13', 'CA1', '06:00:00', '14:00:00', N'Đã chấm công', N'Làm ca CA1'),
('CC1220', 'NV013', '2025-05-13', 'CA2', '14:00:00', '22:00:00', N'Đã chấm công', N'Làm ca CA2'),
('CC1221', 'NV014', '2025-05-13', 'CA3', '22:00:00', '06:00:00', N'Đã chấm công', N'Làm ca CA3'),
('CC1222', 'NV015', '2025-05-13', 'CA4', '08:00:00', '16:00:00', N'Đã chấm công', N'Làm ca CA4'),
('CC1223', 'NV016', '2025-05-13', 'CA1', '06:00:00', '14:00:00', N'Đã chấm công', N'Làm ca CA1'),
('CC1224', 'NV017', '2025-05-13', 'CA2', '14:00:00', '22:00:00', N'Đã chấm công', N'Làm ca CA2'),
('CC1225', 'NV018', '2025-05-13', 'CA3', '22:00:00', '06:00:00', N'Đã chấm công', N'Làm ca CA3'),
('CC1226', 'NV019', '2025-05-13', 'CA4', '08:00:00', '16:00:00', N'Đã chấm công', N'Làm ca CA4'),
('CC1227', 'NV020', '2025-05-13', 'CA1', '06:00:00', '14:00:00', N'Đã chấm công', N'Làm ca CA1'),
('CC1228', 'NV001', '2025-05-14', 'CA3', '22:00:00', '06:00:00', N'Đã chấm công', N'Làm ca CA3'),
('CC1229', 'NV002', '2025-05-14', 'CA4', '08:00:00', '16:00:00', N'Đã chấm công', N'Làm ca CA4'),
('CC1230', 'NV003', '2025-05-14', 'CA1', '06:00:00', '14:00:00', N'Đã chấm công', N'Làm ca CA1'),
('CC1231', 'NV004', '2025-05-14', 'CA2', '14:00:00', '22:00:00', N'Đã chấm công', N'Làm ca CA2'),
('CC1232', 'NV005', '2025-05-14', 'CA3', '22:00:00', '06:00:00', N'Đã chấm công', N'Làm ca CA3'),
('CC1233', 'NV006', '2025-05-14', 'CA4', '08:00:00', '16:00:00', N'Đã chấm công', N'Làm ca CA4'),
('CC1234', 'NV007', '2025-05-14', 'CA1', '06:00:00', '14:00:00', N'Đã chấm công', N'Làm ca CA1'),
('CC1235', 'NV008', '2025-05-14', 'CA2', '14:00:00', '22:00:00', N'Đã chấm công', N'Làm ca CA2'),
('CC1236', 'NV009', '2025-05-14', 'CA3', '22:00:00', '06:00:00', N'Đã chấm công', N'Làm ca CA3'),
('CC1237', 'NV010', '2025-05-14', 'CA4', '08:00:00', '16:00:00', N'Đã chấm công', N'Làm ca CA4'),
('CC1238', 'NV011', '2025-05-14', 'CA1', '06:00:00', '14:00:00', N'Đã chấm công', N'Làm ca CA1'),
('CC1239', 'NV012', '2025-05-14', 'CA2', '14:00:00', '22:00:00', N'Đã chấm công', N'Làm ca CA2'),
('CC1240', 'NV013', '2025-05-14', 'CA3', '22:00:00', '06:00:00', N'Đã chấm công', N'Làm ca CA3'),
('CC1241', 'NV014', '2025-05-14', 'CA4', '08:00:00', '16:00:00', N'Đã chấm công', N'Làm ca CA4'),
('CC1242', 'NV015', '2025-05-14', 'CA1', '06:00:00', '14:00:00', N'Đã chấm công', N'Làm ca CA1'),
('CC1243', 'NV016', '2025-05-14', 'CA2', '14:00:00', '22:00:00', N'Đã chấm công', N'Làm ca CA2'),
('CC1244', 'NV017', '2025-05-14', 'CA3', '22:00:00', '06:00:00', N'Đã chấm công', N'Làm ca CA3'),
('CC1245', 'NV018', '2025-05-14', 'CA4', '08:00:00', '16:00:00', N'Đã chấm công', N'Làm ca CA4'),
('CC1246', 'NV019', '2025-05-14', 'CA1', '06:00:00', '14:00:00', N'Đã chấm công', N'Làm ca CA1'),
('CC1247', 'NV020', '2025-05-14', 'CA2', '14:00:00', '22:00:00', N'Đã chấm công', N'Làm ca CA2'),
('CC1248', 'NV001', '2025-05-15', 'CA4', '08:00:00', '16:00:00', N'Đã chấm công', N'Làm ca CA4'),
('CC1249', 'NV002', '2025-05-15', 'CA1', '06:00:00', '14:00:00', N'Đã chấm công', N'Làm ca CA1'),
('CC1250', 'NV003', '2025-05-15', 'CA2', '14:00:00', '22:00:00', N'Đã chấm công', N'Làm ca CA2'),
('CC1251', 'NV004', '2025-05-15', 'CA3', '22:00:00', '06:00:00', N'Đã chấm công', N'Làm ca CA3'),
('CC1252', 'NV005', '2025-05-15', 'CA4', '08:00:00', '16:00:00', N'Đã chấm công', N'Làm ca CA4'),
('CC1253', 'NV006', '2025-05-15', 'CA1', '06:00:00', '14:00:00', N'Đã chấm công', N'Làm ca CA1'),
('CC1254', 'NV007', '2025-05-15', 'CA2', '14:00:00', '22:00:00', N'Đã chấm công', N'Làm ca CA2'),
('CC1255', 'NV008', '2025-05-15', 'CA3', '22:00:00', '06:00:00', N'Đã chấm công', N'Làm ca CA3'),
('CC1256', 'NV009', '2025-05-15', 'CA4', '08:00:00', '16:00:00', N'Đã chấm công', N'Làm ca CA4'),
('CC1257', 'NV010', '2025-05-15', 'CA1', '06:00:00', '14:00:00', N'Đã chấm công', N'Làm ca CA1'),
('CC1258', 'NV011', '2025-05-15', 'CA2', '14:00:00', '22:00:00', N'Đã chấm công', N'Làm ca CA2'),
('CC1259', 'NV012', '2025-05-15', 'CA3', '22:00:00', '06:00:00', N'Đã chấm công', N'Làm ca CA3'),
('CC1260', 'NV013', '2025-05-15', 'CA4', '08:00:00', '16:00:00', N'Đã chấm công', N'Làm ca CA4'),
('CC1261', 'NV014', '2025-05-15', 'CA1', '06:00:00', '14:00:00', N'Đã chấm công', N'Làm ca CA1'),
('CC1262', 'NV015', '2025-05-15', 'CA2', '14:00:00', '22:00:00', N'Đã chấm công', N'Làm ca CA2'),
('CC1263', 'NV016', '2025-05-15', 'CA3', '22:00:00', '06:00:00', N'Đã chấm công', N'Làm ca CA3'),
('CC1264', 'NV017', '2025-05-15', 'CA4', '08:00:00', '16:00:00', N'Đã chấm công', N'Làm ca CA4'),
('CC1265', 'NV018', '2025-05-15', 'CA1', '06:00:00', '14:00:00', N'Đã chấm công', N'Làm ca CA1'),
('CC1266', 'NV019', '2025-05-15', 'CA2', '14:00:00', '22:00:00', N'Đã chấm công', N'Làm ca CA2'),
('CC1267', 'NV020', '2025-05-15', 'CA3', '22:00:00', '06:00:00', N'Đã chấm công', N'Làm ca CA3'),
('CC1268', 'NV001', '2025-05-16', 'CA1', '06:00:00', '14:00:00', N'Đã chấm công', N'Làm ca CA1'),
('CC1269', 'NV002', '2025-05-16', 'CA2', '14:00:00', '22:00:00', N'Đã chấm công', N'Làm ca CA2'),
('CC1270', 'NV003', '2025-05-16', 'CA3', '22:00:00', '06:00:00', N'Đã chấm công', N'Làm ca CA3'),
('CC1271', 'NV004', '2025-05-16', 'CA4', '08:00:00', '16:00:00', N'Đã chấm công', N'Làm ca CA4'),
('CC1272', 'NV005', '2025-05-16', 'CA1', '06:00:00', '14:00:00', N'Đã chấm công', N'Làm ca CA1'),
('CC1273', 'NV006', '2025-05-16', 'CA2', '14:00:00', '22:00:00', N'Đã chấm công', N'Làm ca CA2'),
('CC1274', 'NV007', '2025-05-16', 'CA3', '22:00:00', '06:00:00', N'Đã chấm công', N'Làm ca CA3'),
('CC1275', 'NV008', '2025-05-16', 'CA4', '08:00:00', '16:00:00', N'Đã chấm công', N'Làm ca CA4'),
('CC1276', 'NV009', '2025-05-16', 'CA1', '06:00:00', '14:00:00', N'Đã chấm công', N'Làm ca CA1'),
('CC1277', 'NV010', '2025-05-16', 'CA2', '14:00:00', '22:00:00', N'Đã chấm công', N'Làm ca CA2'),
('CC1278', 'NV011', '2025-05-16', 'CA3', '22:00:00', '06:00:00', N'Đã chấm công', N'Làm ca CA3'),
('CC1279', 'NV012', '2025-05-16', 'CA4', '08:00:00', '16:00:00', N'Đã chấm công', N'Làm ca CA4'),
('CC1280', 'NV013', '2025-05-16', 'CA1', '06:00:00', '14:00:00', N'Đã chấm công', N'Làm ca CA1'),
('CC1281', 'NV014', '2025-05-16', 'CA2', '14:00:00', '22:00:00', N'Đã chấm công', N'Làm ca CA2'),
('CC1282', 'NV015', '2025-05-16', 'CA3', '22:00:00', '06:00:00', N'Đã chấm công', N'Làm ca CA3'),
('CC1283', 'NV016', '2025-05-16', 'CA4', '08:00:00', '16:00:00', N'Đã chấm công', N'Làm ca CA4'),
('CC1284', 'NV017', '2025-05-16', 'CA1', '06:00:00', '14:00:00', N'Đã chấm công', N'Làm ca CA1'),
('CC1285', 'NV018', '2025-05-16', 'CA2', '14:00:00', '22:00:00', N'Đã chấm công', N'Làm ca CA2'),
('CC1286', 'NV019', '2025-05-16', 'CA3', '22:00:00', '06:00:00', N'Đã chấm công', N'Làm ca CA3'),
('CC1287', 'NV020', '2025-05-16', 'CA4', '08:00:00', '16:00:00', N'Đã chấm công', N'Làm ca CA4'),
('CC1288', 'NV001', '2025-05-17', 'CA2', '14:00:00', '22:00:00', N'Đã chấm công', N'Làm ca CA2'),
('CC1289', 'NV002', '2025-05-17', 'CA3', '22:00:00', '06:00:00', N'Đã chấm công', N'Làm ca CA3'),
('CC1290', 'NV003', '2025-05-17', 'CA4', '08:00:00', '16:00:00', N'Đã chấm công', N'Làm ca CA4'),
('CC1291', 'NV004', '2025-05-17', 'CA1', '06:00:00', '14:00:00', N'Đã chấm công', N'Làm ca CA1'),
('CC1292', 'NV005', '2025-05-17', 'CA2', '14:00:00', '22:00:00', N'Đã chấm công', N'Làm ca CA2'),
('CC1293', 'NV006', '2025-05-17', 'CA3', '22:00:00', '06:00:00', N'Đã chấm công', N'Làm ca CA3'),
('CC1294', 'NV007', '2025-05-17', 'CA4', '08:00:00', '16:00:00', N'Đã chấm công', N'Làm ca CA4'),
('CC1295', 'NV008', '2025-05-17', 'CA1', '06:00:00', '14:00:00', N'Đã chấm công', N'Làm ca CA1'),
('CC1296', 'NV009', '2025-05-17', 'CA2', '14:00:00', '22:00:00', N'Đã chấm công', N'Làm ca CA2'),
('CC1297', 'NV010', '2025-05-17', 'CA3', '22:00:00', '06:00:00', N'Đã chấm công', N'Làm ca CA3'),
('CC1298', 'NV011', '2025-05-17', 'CA4', '08:00:00', '16:00:00', N'Đã chấm công', N'Làm ca CA4'),
('CC1299', 'NV012', '2025-05-17', 'CA1', '06:00:00', '14:00:00', N'Đã chấm công', N'Làm ca CA1'),
('CC1300', 'NV013', '2025-05-17', 'CA2', '14:00:00', '22:00:00', N'Đã chấm công', N'Làm ca CA2'),
('CC1301', 'NV014', '2025-05-17', 'CA3', '22:00:00', '06:00:00', N'Đã chấm công', N'Làm ca CA3'),
('CC1302', 'NV015', '2025-05-17', 'CA4', '08:00:00', '16:00:00', N'Đã chấm công', N'Làm ca CA4'),
('CC1303', 'NV016', '2025-05-17', 'CA1', '06:00:00', '14:00:00', N'Đã chấm công', N'Làm ca CA1'),
('CC1304', 'NV017', '2025-05-17', 'CA2', '14:00:00', '22:00:00', N'Đã chấm công', N'Làm ca CA2'),
('CC1305', 'NV018', '2025-05-17', 'CA3', '22:00:00', '06:00:00', N'Đã chấm công', N'Làm ca CA3'),
('CC1306', 'NV019', '2025-05-17', 'CA4', '08:00:00', '16:00:00', N'Đã chấm công', N'Làm ca CA4'),
('CC1307', 'NV020', '2025-05-17', 'CA1', '06:00:00', '14:00:00', N'Đã chấm công', N'Làm ca CA1'),
('CC1308', 'NV001', '2025-05-18', 'CA3', '22:00:00', '06:00:00', N'Đã chấm công', N'Làm ca CA3'),
('CC1309', 'NV002', '2025-05-18', 'CA4', '08:00:00', '16:00:00', N'Đã chấm công', N'Làm ca CA4'),
('CC1310', 'NV003', '2025-05-18', 'CA1', '06:00:00', '14:00:00', N'Đã chấm công', N'Làm ca CA1'),
('CC1311', 'NV004', '2025-05-18', 'CA2', '14:00:00', '22:00:00', N'Đã chấm công', N'Làm ca CA2'),
('CC1312', 'NV005', '2025-05-18', 'CA3', '22:00:00', '06:00:00', N'Đã chấm công', N'Làm ca CA3'),
('CC1313', 'NV006', '2025-05-18', 'CA4', '08:00:00', '16:00:00', N'Đã chấm công', N'Làm ca CA4'),
('CC1314', 'NV007', '2025-05-18', 'CA1', '06:00:00', '14:00:00', N'Đã chấm công', N'Làm ca CA1'),
('CC1315', 'NV008', '2025-05-18', 'CA2', '14:00:00', '22:00:00', N'Đã chấm công', N'Làm ca CA2'),
('CC1316', 'NV009', '2025-05-18', 'CA3', '22:00:00', '06:00:00', N'Đã chấm công', N'Làm ca CA3'),
('CC1317', 'NV010', '2025-05-18', 'CA4', '08:00:00', '16:00:00', N'Đã chấm công', N'Làm ca CA4'),
('CC1318', 'NV011', '2025-05-18', 'CA1', '06:00:00', '14:00:00', N'Đã chấm công', N'Làm ca CA1'),
('CC1319', 'NV012', '2025-05-18', 'CA2', '14:00:00', '22:00:00', N'Đã chấm công', N'Làm ca CA2'),
('CC1320', 'NV013', '2025-05-18', 'CA3', '22:00:00', '06:00:00', N'Đã chấm công', N'Làm ca CA3'),
('CC1321', 'NV014', '2025-05-18', 'CA4', '08:00:00', '16:00:00', N'Đã chấm công', N'Làm ca CA4'),
('CC1322', 'NV015', '2025-05-18', 'CA1', '06:00:00', '14:00:00', N'Đã chấm công', N'Làm ca CA1'),
('CC1323', 'NV016', '2025-05-18', 'CA2', '14:00:00', '22:00:00', N'Đã chấm công', N'Làm ca CA2'),
('CC1324', 'NV017', '2025-05-18', 'CA3', '22:00:00', '06:00:00', N'Đã chấm công', N'Làm ca CA3'),
('CC1325', 'NV018', '2025-05-18', 'CA4', '08:00:00', '16:00:00', N'Đã chấm công', N'Làm ca CA4'),
('CC1326', 'NV019', '2025-05-18', 'CA1', '06:00:00', '14:00:00', N'Đã chấm công', N'Làm ca CA1'),
('CC1327', 'NV020', '2025-05-18', 'CA2', '14:00:00', '22:00:00', N'Đã chấm công', N'Làm ca CA2'),
('CC1328', 'NV001', '2025-05-19', 'CA4', '08:00:00', '16:00:00', N'Đã chấm công', N'Làm ca CA4'),
('CC1329', 'NV002', '2025-05-19', 'CA1', '06:00:00', '14:00:00', N'Đã chấm công', N'Làm ca CA1'),
('CC1330', 'NV003', '2025-05-19', 'CA2', '14:00:00', '22:00:00', N'Đã chấm công', N'Làm ca CA2'),
('CC1331', 'NV004', '2025-05-19', 'CA3', '22:00:00', '06:00:00', N'Đã chấm công', N'Làm ca CA3'),
('CC1332', 'NV005', '2025-05-19', 'CA4', '08:00:00', '16:00:00', N'Đã chấm công', N'Làm ca CA4'),
('CC1333', 'NV006', '2025-05-19', 'CA1', '06:00:00', '14:00:00', N'Đã chấm công', N'Làm ca CA1'),
('CC1334', 'NV007', '2025-05-19', 'CA2', '14:00:00', '22:00:00', N'Đã chấm công', N'Làm ca CA2'),
('CC1335', 'NV008', '2025-05-19', 'CA3', '22:00:00', '06:00:00', N'Đã chấm công', N'Làm ca CA3'),
('CC1336', 'NV009', '2025-05-19', 'CA4', '08:00:00', '16:00:00', N'Đã chấm công', N'Làm ca CA4'),
('CC1337', 'NV010', '2025-05-19', 'CA1', '06:00:00', '14:00:00', N'Đã chấm công', N'Làm ca CA1'),
('CC1338', 'NV011', '2025-05-19', 'CA2', '14:00:00', '22:00:00', N'Đã chấm công', N'Làm ca CA2'),
('CC1339', 'NV012', '2025-05-19', 'CA3', '22:00:00', '06:00:00', N'Đã chấm công', N'Làm ca CA3'),
('CC1340', 'NV013', '2025-05-19', 'CA4', '08:00:00', '16:00:00', N'Đã chấm công', N'Làm ca CA4'),
('CC1341', 'NV014', '2025-05-19', 'CA1', '06:00:00', '14:00:00', N'Đã chấm công', N'Làm ca CA1'),
('CC1342', 'NV015', '2025-05-19', 'CA2', '14:00:00', '22:00:00', N'Đã chấm công', N'Làm ca CA2'),
('CC1343', 'NV016', '2025-05-19', 'CA3', '22:00:00', '06:00:00', N'Đã chấm công', N'Làm ca CA3'),
('CC1344', 'NV017', '2025-05-19', 'CA4', '08:00:00', '16:00:00', N'Đã chấm công', N'Làm ca CA4'),
('CC1345', 'NV018', '2025-05-19', 'CA1', '06:00:00', '14:00:00', N'Đã chấm công', N'Làm ca CA1'),
('CC1346', 'NV019', '2025-05-19', 'CA2', '14:00:00', '22:00:00', N'Đã chấm công', N'Làm ca CA2'),
('CC1347', 'NV020', '2025-05-19', 'CA3', '22:00:00', '06:00:00', N'Đã chấm công', N'Làm ca CA3'),
('CC1348', 'NV001', '2025-05-20', 'CA1', '06:00:00', '14:00:00', N'Đã chấm công', N'Làm ca CA1'),
('CC1349', 'NV002', '2025-05-20', 'CA2', '14:00:00', '22:00:00', N'Đã chấm công', N'Làm ca CA2'),
('CC1350', 'NV003', '2025-05-20', 'CA3', '22:00:00', '06:00:00', N'Đã chấm công', N'Làm ca CA3'),
('CC1351', 'NV004', '2025-05-20', 'CA4', '08:00:00', '16:00:00', N'Đã chấm công', N'Làm ca CA4'),
('CC1352', 'NV005', '2025-05-20', 'CA1', '06:00:00', '14:00:00', N'Đã chấm công', N'Làm ca CA1'),
('CC1353', 'NV006', '2025-05-20', 'CA2', '14:00:00', '22:00:00', N'Đã chấm công', N'Làm ca CA2'),
('CC1354', 'NV007', '2025-05-20', 'CA3', '22:00:00', '06:00:00', N'Đã chấm công', N'Làm ca CA3'),
('CC1355', 'NV008', '2025-05-20', 'CA4', '08:00:00', '16:00:00', N'Đã chấm công', N'Làm ca CA4'),
('CC1356', 'NV009', '2025-05-20', 'CA1', '06:00:00', '14:00:00', N'Đã chấm công', N'Làm ca CA1'),
('CC1357', 'NV010', '2025-05-20', 'CA2', '14:00:00', '22:00:00', N'Đã chấm công', N'Làm ca CA2'),
('CC1358', 'NV011', '2025-05-20', 'CA3', '22:00:00', '06:00:00', N'Đã chấm công', N'Làm ca CA3'),
('CC1359', 'NV012', '2025-05-20', 'CA4', '08:00:00', '16:00:00', N'Đã chấm công', N'Làm ca CA4'),
('CC1360', 'NV013', '2025-05-20', 'CA1', '06:00:00', '14:00:00', N'Đã chấm công', N'Làm ca CA1'),
('CC1361', 'NV014', '2025-05-20', 'CA2', '14:00:00', '22:00:00', N'Đã chấm công', N'Làm ca CA2'),
('CC1362', 'NV015', '2025-05-20', 'CA3', '22:00:00', '06:00:00', N'Đã chấm công', N'Làm ca CA3'),
('CC1363', 'NV016', '2025-05-20', 'CA4', '08:00:00', '16:00:00', N'Đã chấm công', N'Làm ca CA4'),
('CC1364', 'NV017', '2025-05-20', 'CA1', '06:00:00', '14:00:00', N'Đã chấm công', N'Làm ca CA1'),
('CC1365', 'NV018', '2025-05-20', 'CA2', '14:00:00', '22:00:00', N'Đã chấm công', N'Làm ca CA2'),
('CC1366', 'NV019', '2025-05-20', 'CA3', '22:00:00', '06:00:00', N'Đã chấm công', N'Làm ca CA3'),
('CC1367', 'NV020', '2025-05-20', 'CA4', '08:00:00', '16:00:00', N'Đã chấm công', N'Làm ca CA4'),
('CC1368', 'NV001', '2025-05-21', 'CA2', '14:00:00', '22:00:00', N'Đã chấm công', N'Làm ca CA2'),
('CC1369', 'NV002', '2025-05-21', 'CA3', '22:00:00', '06:00:00', N'Đã chấm công', N'Làm ca CA3'),
('CC1370', 'NV003', '2025-05-21', 'CA4', '08:00:00', '16:00:00', N'Đã chấm công', N'Làm ca CA4'),
('CC1371', 'NV004', '2025-05-21', 'CA1', '06:00:00', '14:00:00', N'Đã chấm công', N'Làm ca CA1'),
('CC1372', 'NV005', '2025-05-21', 'CA2', '14:00:00', '22:00:00', N'Đã chấm công', N'Làm ca CA2'),
('CC1373', 'NV006', '2025-05-21', 'CA3', '22:00:00', '06:00:00', N'Đã chấm công', N'Làm ca CA3'),
('CC1374', 'NV007', '2025-05-21', 'CA4', '08:00:00', '16:00:00', N'Đã chấm công', N'Làm ca CA4'),
('CC1375', 'NV008', '2025-05-21', 'CA1', '06:00:00', '14:00:00', N'Đã chấm công', N'Làm ca CA1'),
('CC1376', 'NV009', '2025-05-21', 'CA2', '14:00:00', '22:00:00', N'Đã chấm công', N'Làm ca CA2'),
('CC1377', 'NV010', '2025-05-21', 'CA3', '22:00:00', '06:00:00', N'Đã chấm công', N'Làm ca CA3'),
('CC1378', 'NV011', '2025-05-21', 'CA4', '08:00:00', '16:00:00', N'Đã chấm công', N'Làm ca CA4'),
('CC1379', 'NV012', '2025-05-21', 'CA1', '06:00:00', '14:00:00', N'Đã chấm công', N'Làm ca CA1'),
('CC1380', 'NV013', '2025-05-21', 'CA2', '14:00:00', '22:00:00', N'Đã chấm công', N'Làm ca CA2'),
('CC1381', 'NV014', '2025-05-21', 'CA3', '22:00:00', '06:00:00', N'Đã chấm công', N'Làm ca CA3'),
('CC1382', 'NV015', '2025-05-21', 'CA4', '08:00:00', '16:00:00', N'Đã chấm công', N'Làm ca CA4'),
('CC1383', 'NV016', '2025-05-21', 'CA1', '06:00:00', '14:00:00', N'Đã chấm công', N'Làm ca CA1'),
('CC1384', 'NV017', '2025-05-21', 'CA2', '14:00:00', '22:00:00', N'Đã chấm công', N'Làm ca CA2'),
('CC1385', 'NV018', '2025-05-21', 'CA3', '22:00:00', '06:00:00', N'Đã chấm công', N'Làm ca CA3'),
('CC1386', 'NV019', '2025-05-21', 'CA4', '08:00:00', '16:00:00', N'Đã chấm công', N'Làm ca CA4'),
('CC1387', 'NV020', '2025-05-21', 'CA1', '06:00:00', '14:00:00', N'Đã chấm công', N'Làm ca CA1'),
('CC1388', 'NV001', '2025-05-22', 'CA3', '22:00:00', '06:00:00', N'Đã chấm công', N'Làm ca CA3'),
('CC1389', 'NV002', '2025-05-22', 'CA4', '08:00:00', '16:00:00', N'Đã chấm công', N'Làm ca CA4'),
('CC1390', 'NV003', '2025-05-22', 'CA1', '06:00:00', '14:00:00', N'Đã chấm công', N'Làm ca CA1'),
('CC1391', 'NV004', '2025-05-22', 'CA2', '14:00:00', '22:00:00', N'Đã chấm công', N'Làm ca CA2'),
('CC1392', 'NV005', '2025-05-22', 'CA3', '22:00:00', '06:00:00', N'Đã chấm công', N'Làm ca CA3'),
('CC1393', 'NV006', '2025-05-22', 'CA4', '08:00:00', '16:00:00', N'Đã chấm công', N'Làm ca CA4'),
('CC1394', 'NV007', '2025-05-22', 'CA1', '06:00:00', '14:00:00', N'Đã chấm công', N'Làm ca CA1'),
('CC1395', 'NV008', '2025-05-22', 'CA2', '14:00:00', '22:00:00', N'Đã chấm công', N'Làm ca CA2'),
('CC1396', 'NV009', '2025-05-22', 'CA3', '22:00:00', '06:00:00', N'Đã chấm công', N'Làm ca CA3'),
('CC1397', 'NV010', '2025-05-22', 'CA4', '08:00:00', '16:00:00', N'Đã chấm công', N'Làm ca CA4'),
('CC1398', 'NV011', '2025-05-22', 'CA1', '06:00:00', '14:00:00', N'Đã chấm công', N'Làm ca CA1'),
('CC1399', 'NV012', '2025-05-22', 'CA2', '14:00:00', '22:00:00', N'Đã chấm công', N'Làm ca CA2'),
('CC1400', 'NV013', '2025-05-22', 'CA3', '22:00:00', '06:00:00', N'Đã chấm công', N'Làm ca CA3'),
('CC1401', 'NV014', '2025-05-22', 'CA4', '08:00:00', '16:00:00', N'Đã chấm công', N'Làm ca CA4'),
('CC1402', 'NV015', '2025-05-22', 'CA1', '06:00:00', '14:00:00', N'Đã chấm công', N'Làm ca CA1'),
('CC1403', 'NV016', '2025-05-22', 'CA2', '14:00:00', '22:00:00', N'Đã chấm công', N'Làm ca CA2'),
('CC1404', 'NV017', '2025-05-22', 'CA3', '22:00:00', '06:00:00', N'Đã chấm công', N'Làm ca CA3'),
('CC1405', 'NV018', '2025-05-22', 'CA4', '08:00:00', '16:00:00', N'Đã chấm công', N'Làm ca CA4'),
('CC1406', 'NV019', '2025-05-22', 'CA1', '06:00:00', '14:00:00', N'Đã chấm công', N'Làm ca CA1'),
('CC1407', 'NV020', '2025-05-22', 'CA2', '14:00:00', '22:00:00', N'Đã chấm công', N'Làm ca CA2'),
('CC1408', 'NV001', '2025-05-23', 'CA4', '08:00:00', '16:00:00', N'Đã chấm công', N'Làm ca CA4'),
('CC1409', 'NV002', '2025-05-23', 'CA1', '06:00:00', '14:00:00', N'Đã chấm công', N'Làm ca CA1'),
('CC1410', 'NV003', '2025-05-23', 'CA2', '14:00:00', '22:00:00', N'Đã chấm công', N'Làm ca CA2'),
('CC1411', 'NV004', '2025-05-23', 'CA3', '22:00:00', '06:00:00', N'Đã chấm công', N'Làm ca CA3'),
('CC1412', 'NV005', '2025-05-23', 'CA4', '08:00:00', '16:00:00', N'Đã chấm công', N'Làm ca CA4'),
('CC1413', 'NV006', '2025-05-23', 'CA1', '06:00:00', '14:00:00', N'Đã chấm công', N'Làm ca CA1'),
('CC1414', 'NV007', '2025-05-23', 'CA2', '14:00:00', '22:00:00', N'Đã chấm công', N'Làm ca CA2'),
('CC1415', 'NV008', '2025-05-23', 'CA3', '22:00:00', '06:00:00', N'Đã chấm công', N'Làm ca CA3'),
('CC1416', 'NV009', '2025-05-23', 'CA4', '08:00:00', '16:00:00', N'Đã chấm công', N'Làm ca CA4'),
('CC1417', 'NV010', '2025-05-23', 'CA1', '06:00:00', '14:00:00', N'Đã chấm công', N'Làm ca CA1'),
('CC1418', 'NV011', '2025-05-23', 'CA2', '14:00:00', '22:00:00', N'Đã chấm công', N'Làm ca CA2'),
('CC1419', 'NV012', '2025-05-23', 'CA3', '22:00:00', '06:00:00', N'Đã chấm công', N'Làm ca CA3'),
('CC1420', 'NV013', '2025-05-23', 'CA4', '08:00:00', '16:00:00', N'Đã chấm công', N'Làm ca CA4'),
('CC1421', 'NV014', '2025-05-23', 'CA1', '06:00:00', '14:00:00', N'Đã chấm công', N'Làm ca CA1'),
('CC1422', 'NV015', '2025-05-23', 'CA2', '14:00:00', '22:00:00', N'Đã chấm công', N'Làm ca CA2'),
('CC1423', 'NV016', '2025-05-23', 'CA3', '22:00:00', '06:00:00', N'Đã chấm công', N'Làm ca CA3'),
('CC1424', 'NV017', '2025-05-23', 'CA4', '08:00:00', '16:00:00', N'Đã chấm công', N'Làm ca CA4'),
('CC1425', 'NV018', '2025-05-23', 'CA1', '06:00:00', '14:00:00', N'Đã chấm công', N'Làm ca CA1'),
('CC1426', 'NV019', '2025-05-23', 'CA2', '14:00:00', '22:00:00', N'Đã chấm công', N'Làm ca CA2'),
('CC1427', 'NV020', '2025-05-23', 'CA3', '22:00:00', '06:00:00', N'Đã chấm công', N'Làm ca CA3'),
('CC1428', 'NV001', '2025-05-24', 'CA1', '06:00:00', '14:00:00', N'Đã chấm công', N'Làm ca CA1'),
('CC1429', 'NV002', '2025-05-24', 'CA2', '14:00:00', '22:00:00', N'Đã chấm công', N'Làm ca CA2'),
('CC1430', 'NV003', '2025-05-24', 'CA3', '22:00:00', '06:00:00', N'Đã chấm công', N'Làm ca CA3'),
('CC1431', 'NV004', '2025-05-24', 'CA4', '08:00:00', '16:00:00', N'Đã chấm công', N'Làm ca CA4'),
('CC1432', 'NV005', '2025-05-24', 'CA1', '06:00:00', '14:00:00', N'Đã chấm công', N'Làm ca CA1'),
('CC1433', 'NV006', '2025-05-24', 'CA2', '14:00:00', '22:00:00', N'Đã chấm công', N'Làm ca CA2'),
('CC1434', 'NV007', '2025-05-24', 'CA3', '22:00:00', '06:00:00', N'Đã chấm công', N'Làm ca CA3'),
('CC1435', 'NV008', '2025-05-24', 'CA4', '08:00:00', '16:00:00', N'Đã chấm công', N'Làm ca CA4'),
('CC1436', 'NV009', '2025-05-24', 'CA1', '06:00:00', '14:00:00', N'Đã chấm công', N'Làm ca CA1'),
('CC1437', 'NV010', '2025-05-24', 'CA2', '14:00:00', '22:00:00', N'Đã chấm công', N'Làm ca CA2'),
('CC1438', 'NV011', '2025-05-24', 'CA3', '22:00:00', '06:00:00', N'Đã chấm công', N'Làm ca CA3'),
('CC1439', 'NV012', '2025-05-24', 'CA4', '08:00:00', '16:00:00', N'Đã chấm công', N'Làm ca CA4'),
('CC1440', 'NV013', '2025-05-24', 'CA1', '06:00:00', '14:00:00', N'Đã chấm công', N'Làm ca CA1'),
('CC1441', 'NV014', '2025-05-24', 'CA2', '14:00:00', '22:00:00', N'Đã chấm công', N'Làm ca CA2'),
('CC1442', 'NV015', '2025-05-24', 'CA3', '22:00:00', '06:00:00', N'Đã chấm công', N'Làm ca CA3'),
('CC1443', 'NV016', '2025-05-24', 'CA4', '08:00:00', '16:00:00', N'Đã chấm công', N'Làm ca CA4'),
('CC1444', 'NV017', '2025-05-24', 'CA1', '06:00:00', '14:00:00', N'Đã chấm công', N'Làm ca CA1'),
('CC1445', 'NV018', '2025-05-24', 'CA2', '14:00:00', '22:00:00', N'Đã chấm công', N'Làm ca CA2'),
('CC1446', 'NV019', '2025-05-24', 'CA3', '22:00:00', '06:00:00', N'Đã chấm công', N'Làm ca CA3'),
('CC1447', 'NV020', '2025-05-24', 'CA4', '08:00:00', '16:00:00', N'Đã chấm công', N'Làm ca CA4'),
('CC1448', 'NV001', '2025-05-25', 'CA2', '14:00:00', '22:00:00', N'Đã chấm công', N'Làm ca CA2'),
('CC1449', 'NV002', '2025-05-25', 'CA3', '22:00:00', '06:00:00', N'Đã chấm công', N'Làm ca CA3'),
('CC1450', 'NV003', '2025-05-25', 'CA4', '08:00:00', '16:00:00', N'Đã chấm công', N'Làm ca CA4'),
('CC1451', 'NV004', '2025-05-25', 'CA1', '06:00:00', '14:00:00', N'Đã chấm công', N'Làm ca CA1'),
('CC1452', 'NV005', '2025-05-25', 'CA2', '14:00:00', '22:00:00', N'Đã chấm công', N'Làm ca CA2'),
('CC1453', 'NV006', '2025-05-25', 'CA3', '22:00:00', '06:00:00', N'Đã chấm công', N'Làm ca CA3'),
('CC1454', 'NV007', '2025-05-25', 'CA4', '08:00:00', '16:00:00', N'Đã chấm công', N'Làm ca CA4'),
('CC1455', 'NV008', '2025-05-25', 'CA1', '06:00:00', '14:00:00', N'Đã chấm công', N'Làm ca CA1'),
('CC1456', 'NV009', '2025-05-25', 'CA2', '14:00:00', '22:00:00', N'Đã chấm công', N'Làm ca CA2'),
('CC1457', 'NV010', '2025-05-25', 'CA3', '22:00:00', '06:00:00', N'Đã chấm công', N'Làm ca CA3'),
('CC1458', 'NV011', '2025-05-25', 'CA4', '08:00:00', '16:00:00', N'Đã chấm công', N'Làm ca CA4'),
('CC1459', 'NV012', '2025-05-25', 'CA1', '06:00:00', '14:00:00', N'Đã chấm công', N'Làm ca CA1'),
('CC1460', 'NV013', '2025-05-25', 'CA2', '14:00:00', '22:00:00', N'Đã chấm công', N'Làm ca CA2'),
('CC1461', 'NV014', '2025-05-25', 'CA3', '22:00:00', '06:00:00', N'Đã chấm công', N'Làm ca CA3'),
('CC1462', 'NV015', '2025-05-25', 'CA4', '08:00:00', '16:00:00', N'Đã chấm công', N'Làm ca CA4'),
('CC1463', 'NV016', '2025-05-25', 'CA1', '06:00:00', '14:00:00', N'Đã chấm công', N'Làm ca CA1'),
('CC1464', 'NV017', '2025-05-25', 'CA2', '14:00:00', '22:00:00', N'Đã chấm công', N'Làm ca CA2'),
('CC1465', 'NV018', '2025-05-25', 'CA3', '22:00:00', '06:00:00', N'Đã chấm công', N'Làm ca CA3'),
('CC1466', 'NV019', '2025-05-25', 'CA4', '08:00:00', '16:00:00', N'Đã chấm công', N'Làm ca CA4'),
('CC1467', 'NV020', '2025-05-25', 'CA1', '06:00:00', '14:00:00', N'Đã chấm công', N'Làm ca CA1'),
('CC1468', 'NV001', '2025-05-26', 'CA3', '22:00:00', '06:00:00', N'Đã chấm công', N'Làm ca CA3'),
('CC1469', 'NV002', '2025-05-26', 'CA4', '08:00:00', '16:00:00', N'Đã chấm công', N'Làm ca CA4'),
('CC1470', 'NV003', '2025-05-26', 'CA1', '06:00:00', '14:00:00', N'Đã chấm công', N'Làm ca CA1'),
('CC1471', 'NV004', '2025-05-26', 'CA2', '14:00:00', '22:00:00', N'Đã chấm công', N'Làm ca CA2'),
('CC1472', 'NV005', '2025-05-26', 'CA3', '22:00:00', '06:00:00', N'Đã chấm công', N'Làm ca CA3'),
('CC1473', 'NV006', '2025-05-26', 'CA4', '08:00:00', '16:00:00', N'Đã chấm công', N'Làm ca CA4'),
('CC1474', 'NV007', '2025-05-26', 'CA1', '06:00:00', '14:00:00', N'Đã chấm công', N'Làm ca CA1'),
('CC1475', 'NV008', '2025-05-26', 'CA2', '14:00:00', '22:00:00', N'Đã chấm công', N'Làm ca CA2'),
('CC1476', 'NV009', '2025-05-26', 'CA3', '22:00:00', '06:00:00', N'Đã chấm công', N'Làm ca CA3'),
('CC1477', 'NV010', '2025-05-26', 'CA4', '08:00:00', '16:00:00', N'Đã chấm công', N'Làm ca CA4'),
('CC1478', 'NV011', '2025-05-26', 'CA1', '06:00:00', '14:00:00', N'Đã chấm công', N'Làm ca CA1'),
('CC1479', 'NV012', '2025-05-26', 'CA2', '14:00:00', '22:00:00', N'Đã chấm công', N'Làm ca CA2'),
('CC1480', 'NV013', '2025-05-26', 'CA3', '22:00:00', '06:00:00', N'Đã chấm công', N'Làm ca CA3'),
('CC1481', 'NV014', '2025-05-26', 'CA4', '08:00:00', '16:00:00', N'Đã chấm công', N'Làm ca CA4'),
('CC1482', 'NV015', '2025-05-26', 'CA1', '06:00:00', '14:00:00', N'Đã chấm công', N'Làm ca CA1'),
('CC1483', 'NV016', '2025-05-26', 'CA2', '14:00:00', '22:00:00', N'Đã chấm công', N'Làm ca CA2'),
('CC1484', 'NV017', '2025-05-26', 'CA3', '22:00:00', '06:00:00', N'Đã chấm công', N'Làm ca CA3'),
('CC1485', 'NV018', '2025-05-26', 'CA4', '08:00:00', '16:00:00', N'Đã chấm công', N'Làm ca CA4'),
('CC1486', 'NV019', '2025-05-26', 'CA1', '06:00:00', '14:00:00', N'Đã chấm công', N'Làm ca CA1'),
('CC1487', 'NV020', '2025-05-26', 'CA2', '14:00:00', '22:00:00', N'Đã chấm công', N'Làm ca CA2'),
('CC1488', 'NV001', '2025-05-27', 'CA4', '08:00:00', '16:00:00', N'Đã chấm công', N'Làm ca CA4'),
('CC1489', 'NV002', '2025-05-27', 'CA1', '06:00:00', '14:00:00', N'Đã chấm công', N'Làm ca CA1'),
('CC1490', 'NV003', '2025-05-27', 'CA2', '14:00:00', '22:00:00', N'Đã chấm công', N'Làm ca CA2'),
('CC1491', 'NV004', '2025-05-27', 'CA3', '22:00:00', '06:00:00', N'Đã chấm công', N'Làm ca CA3'),
('CC1492', 'NV005', '2025-05-27', 'CA4', '08:00:00', '16:00:00', N'Đã chấm công', N'Làm ca CA4'),
('CC1493', 'NV006', '2025-05-27', 'CA1', '06:00:00', '14:00:00', N'Đã chấm công', N'Làm ca CA1'),
('CC1494', 'NV007', '2025-05-27', 'CA2', '14:00:00', '22:00:00', N'Đã chấm công', N'Làm ca CA2'),
('CC1495', 'NV008', '2025-05-27', 'CA3', '22:00:00', '06:00:00', N'Đã chấm công', N'Làm ca CA3'),
('CC1496', 'NV009', '2025-05-27', 'CA4', '08:00:00', '16:00:00', N'Đã chấm công', N'Làm ca CA4'),
('CC1497', 'NV010', '2025-05-27', 'CA1', '06:00:00', '14:00:00', N'Đã chấm công', N'Làm ca CA1'),
('CC1498', 'NV011', '2025-05-27', 'CA2', '14:00:00', '22:00:00', N'Đã chấm công', N'Làm ca CA2'),
('CC1499', 'NV012', '2025-05-27', 'CA3', '22:00:00', '06:00:00', N'Đã chấm công', N'Làm ca CA3'),
('CC1500', 'NV013', '2025-05-27', 'CA4', '08:00:00', '16:00:00', N'Đã chấm công', N'Làm ca CA4'),
('CC1501', 'NV014', '2025-05-27', 'CA1', '06:00:00', '14:00:00', N'Đã chấm công', N'Làm ca CA1'),
('CC1502', 'NV015', '2025-05-27', 'CA2', '14:00:00', '22:00:00', N'Đã chấm công', N'Làm ca CA2'),
('CC1503', 'NV016', '2025-05-27', 'CA3', '22:00:00', '06:00:00', N'Đã chấm công', N'Làm ca CA3'),
('CC1504', 'NV017', '2025-05-27', 'CA4', '08:00:00', '16:00:00', N'Đã chấm công', N'Làm ca CA4'),
('CC1505', 'NV018', '2025-05-27', 'CA1', '06:00:00', '14:00:00', N'Đã chấm công', N'Làm ca CA1'),
('CC1506', 'NV019', '2025-05-27', 'CA2', '14:00:00', '22:00:00', N'Đã chấm công', N'Làm ca CA2'),
('CC1507', 'NV020', '2025-05-27', 'CA3', '22:00:00', '06:00:00', N'Đã chấm công', N'Làm ca CA3'),
('CC1508', 'NV001', '2025-05-28', 'CA1', '06:00:00', '14:00:00', N'Đã chấm công', N'Làm ca CA1'),
('CC1509', 'NV002', '2025-05-28', 'CA2', '14:00:00', '22:00:00', N'Đã chấm công', N'Làm ca CA2'),
('CC1510', 'NV003', '2025-05-28', 'CA3', '22:00:00', '06:00:00', N'Đã chấm công', N'Làm ca CA3'),
('CC1511', 'NV004', '2025-05-28', 'CA4', '08:00:00', '16:00:00', N'Đã chấm công', N'Làm ca CA4'),
('CC1512', 'NV005', '2025-05-28', 'CA1', '06:00:00', '14:00:00', N'Đã chấm công', N'Làm ca CA1');
-- END OF 19.DataChamCong.sql --